dataset,subject,seed,method,q,tau,alpha,beta,gamma,config_id,phase,status,reason,ba,accuracy,prediction_row,n_train,n_query,p,pca_rank,pca_rank95,pca_fraction,rank_train_mean,rank_query_mean
rice,0,42,Corr_raw,3,0.2,0.1,,,Corr_raw|3|0.2|0.1|None|None,test,ok,,0.3052631578947368,0.3052631578947368,0,581,190,256,,,,6.578313253012048,6.610526315789474
rice,0,42,Corr_white,7,0.7,0.2,0.4,,Corr_white|7|0.7|0.2|0.4|None,test,ok,,0.4947368421052632,0.4947368421052631,0,581,190,256,,,,21.18588640275388,21.28421052631579
rice,0,123,Corr_raw,41,0.5,0.3,,,Corr_raw|41|0.5|0.3|None|None,test,ok,,0.2684210526315789,0.2684210526315789,0,581,190,256,,,,23.32013769363167,23.242105263157896
rice,0,123,Corr_white,11,0.7,0.2,0.2,,Corr_white|11|0.7|0.2|0.2|None,test,ok,,0.4947368421052631,0.4947368421052631,0,581,190,256,,,,17.23235800344234,17.436842105263157
rice,0,456,Corr_raw,41,0.4,0.1,,,Corr_raw|41|0.4|0.1|None|None,test,ok,,0.3368421052631579,0.3368421052631579,0,581,190,256,,,,12.841652323580034,12.821052631578947
rice,0,456,Corr_white,31,0.7,0.1,0.3,,Corr_white|31|0.7|0.1|0.3|None,test,ok,,0.5,0.5,0,581,190,256,,,,15.17211703958692,15.41578947368421
rice,0,789,Corr_raw,31,0.4,0.3,,,Corr_raw|31|0.4|0.3|None|None,test,ok,,0.3210526315789473,0.3210526315789473,0,581,190,256,,,,18.139414802065403,17.96315789473684
rice,0,789,Corr_white,15,0.7,0.2,0.2,,Corr_white|15|0.7|0.2|0.2|None,test,ok,,0.5578947368421052,0.5578947368421052,0,581,190,256,,,,17.287435456110156,17.50526315789474
rice,0,2022,Corr_raw,9,0.2,0.2,,,Corr_raw|9|0.2|0.2|None|None,test,ok,,0.3526315789473684,0.3526315789473684,0,581,190,256,,,,7.053356282271945,7.031578947368421
rice,0,2022,Corr_white,41,0.6,0.2,0.3,,Corr_white|41|0.6|0.2|0.3|None,test,ok,,0.5421052631578946,0.5421052631578948,0,581,190,256,,,,7.492254733218589,7.689473684210526
rice,0,31415,Corr_raw,41,0.1,0.2,,,Corr_raw|41|0.1|0.2|None|None,test,ok,,0.3052631578947368,0.3052631578947368,0,581,190,256,,,,3.5783132530120483,3.531578947368421
rice,0,31415,Corr_white,9,0.7,0.2,0.1,,Corr_white|9|0.7|0.2|0.1|None,test,ok,,0.5,0.5,0,581,190,256,,,,12.869191049913942,12.742105263157894
rice,0,27182,Corr_raw,41,0.5,0.3,,,Corr_raw|41|0.5|0.3|None|None,test,ok,,0.2736842105263158,0.2736842105263158,0,581,190,256,,,,23.26506024096385,23.33684210526316
rice,0,27182,Corr_white,21,0.7,0.2,0.3,,Corr_white|21|0.7|0.2|0.3|None,test,ok,,0.4684210526315788,0.4684210526315789,0,581,190,256,,,,19.79173838209983,20.205263157894738
rice,0,8675309,Corr_raw,5,0.2,0.1,,,Corr_raw|5|0.2|0.1|None|None,test,ok,,0.3263157894736841,0.3263157894736842,0,581,190,256,,,,6.598967297762479,6.605263157894737
rice,0,8675309,Corr_white,41,0.7,0.2,0.3,,Corr_white|41|0.7|0.2|0.3|None,test,ok,,0.5315789473684209,0.531578947368421,0,581,190,256,,,,19.738382099827884,20.18421052631579
rice,0,104729,Corr_raw,21,0.4,0.5,,,Corr_raw|21|0.4|0.5|None|None,test,ok,,0.3210526315789473,0.3210526315789473,0,581,190,256,,,,20.16351118760757,20.105263157894736
rice,0,104729,Corr_white,11,0.7,0.2,0.3,,Corr_white|11|0.7|0.2|0.3|None,test,ok,,0.5421052631578946,0.5421052631578948,0,581,190,256,,,,19.69707401032702,20.294736842105262
rice,0,99991,Corr_raw,9,0.5,0.2,,,Corr_raw|9|0.5|0.2|None|None,test,ok,,0.2631578947368421,0.2631578947368421,0,581,190,256,,,,20.989672977624785,21.05263157894737
rice,0,99991,Corr_white,11,0.7,0.2,0.4,,Corr_white|11|0.7|0.2|0.4|None,test,ok,,0.4736842105263157,0.4736842105263157,0,581,190,256,,,,21.24268502581756,21.268421052631577
corn,0,42,Corr_raw,21,0.7,0.1,,,Corr_raw|21|0.7|0.1|None|None,test,ok,,0.4950657894736843,0.4937238493723849,0,1436,478,300,,,,68.50974930362116,68.64435146443515
corn,0,42,Corr_white,3,0.1,0.2,0.1,,Corr_white|3|0.1|0.2|0.1|None,test,ok,,0.8341008771929825,0.8347280334728033,0,1436,478,300,,,,9.029247910863509,9.081589958158997
corn,0,123,Corr_raw,21,0.7,0.1,,,Corr_raw|21|0.7|0.1|None|None,test,ok,,0.4484649122807018,0.4476987447698745,0,1436,478,300,,,,68.52785515320335,68.51673640167364
corn,0,123,Corr_white,5,0.1,0.2,0.1,,Corr_white|5|0.1|0.2|0.1|None,test,ok,,0.8161184210526314,0.8158995815899581,0,1436,478,300,,,,8.937325905292479,9.269874476987448
corn,0,456,Corr_raw,41,0.7,0.1,,,Corr_raw|41|0.7|0.1|None|None,test,ok,,0.4698464912280702,0.4686192468619247,0,1436,478,300,,,,68.54526462395543,68.56694560669456
corn,0,456,Corr_white,1,0.2,0.3,0.2,,Corr_white|1|0.2|0.3|0.2|None,test,ok,,0.830811403508772,0.8305439330543933,0,1436,478,300,,,,12.809192200557105,12.989539748953977
corn,0,789,Corr_raw,31,0.7,0.1,,,Corr_raw|31|0.7|0.1|None|None,test,ok,,0.4807017543859648,0.4790794979079498,0,1436,478,300,,,,68.55362116991644,68.48744769874477
corn,0,789,Corr_white,1,0.1,0.3,0.4,,Corr_white|1|0.1|0.3|0.4|None,test,ok,,0.8470394736842105,0.8472803347280334,0,1436,478,300,,,,12.0933147632312,12.213389121338912
corn,0,2022,Corr_raw,41,0.7,0.1,,,Corr_raw|41|0.7|0.1|None|None,test,ok,,0.4661184210526316,0.4644351464435146,0,1436,478,300,,,,68.52855153203343,68.51882845188284
corn,0,2022,Corr_white,7,0.1,0.5,0.4,,Corr_white|7|0.1|0.5|0.4|None,test,ok,,0.8331140350877194,0.8326359832635983,0,1436,478,300,,,,12.870473537604456,12.872384937238492
corn,0,31415,Corr_raw,41,0.7,0.2,,,Corr_raw|41|0.7|0.2|None|None,test,ok,,0.4607456140350877,0.4602510460251046,0,1436,478,300,,,,69.24930362116991,69.32635983263599
corn,0,31415,Corr_white,5,0.1,0.1,0.3,,Corr_white|5|0.1|0.1|0.3|None,test,ok,,0.8323464912280701,0.8326359832635983,0,1436,478,300,,,,9.688022284122562,9.543933054393303
corn,0,27182,Corr_raw,31,0.7,0.1,,,Corr_raw|31|0.7|0.1|None|None,test,ok,,0.4781798245614035,0.4769874476987448,0,1436,478,300,,,,68.52785515320335,68.5460251046025
corn,0,27182,Corr_white,1,0.1,0.1,0.4,,Corr_white|1|0.1|0.1|0.4|None,test,ok,,0.8327850877192983,0.8326359832635983,0,1436,478,300,,,,9.938718662952644,10.03347280334728
corn,0,8675309,Corr_raw,41,0.7,0.1,,,Corr_raw|41|0.7|0.1|None|None,test,ok,,0.4654605263157894,0.4644351464435146,0,1436,478,300,,,,68.58286908077994,68.54811715481172
corn,0,8675309,Corr_white,7,0.1,0.4,0.1,,Corr_white|7|0.1|0.4|0.1|None,test,ok,,0.8537280701754386,0.8535564853556485,0,1436,478,300,,,,10.061281337047356,10.135983263598328
corn,0,104729,Corr_raw,41,0.7,0.2,,,Corr_raw|41|0.7|0.2|None|None,test,ok,,0.5112938596491229,0.5104602510460251,0,1436,478,300,,,,69.266713091922,69.25523012552301
corn,0,104729,Corr_white,3,0.1,0.3,0.3,,Corr_white|3|0.1|0.3|0.3|None,test,ok,,0.8052631578947368,0.805439330543933,0,1436,478,300,,,,11.684540389972144,11.820083682008368
corn,0,99991,Corr_raw,31,0.7,0.1,,,Corr_raw|31|0.7|0.1|None|None,test,ok,,0.5036184210526317,0.502092050209205,0,1436,478,300,,,,68.54735376044569,68.59623430962343
corn,0,99991,Corr_white,5,0.2,0.1,0.3,,Corr_white|5|0.2|0.1|0.3|None,test,ok,,0.8305921052631579,0.8305439330543933,0,1436,478,300,,,,11.360027855153204,11.351464435146443
wheat,0,42,Corr_raw,41,0.6,0.2,,,Corr_raw|41|0.6|0.2|None|None,test,ok,,0.5032681134654818,0.5032679738562091,0,1832,612,300,,,,43.56550218340611,43.583333333333336
wheat,0,42,Corr_white,1,0.1,0.2,0.1,,Corr_white|1|0.1|0.2|0.1|None,test,ok,,0.9738764524948736,0.9738562091503268,0,1832,612,300,,,,6.6593886462882095,6.612745098039215
wheat,0,123,Corr_raw,21,0.5,0.4,,,Corr_raw|21|0.5|0.4|None|None,test,ok,,0.4740900546821599,0.4754901960784313,0,1832,612,300,,,,31.392467248908297,31.424836601307188
wheat,0,123,Corr_white,1,0.1,0.2,0.2,,Corr_white|1|0.1|0.2|0.2|None,test,ok,,0.959266062884484,0.9591503267973857,0,1832,612,300,,,,7.674126637554585,7.686274509803922
wheat,0,456,Corr_raw,41,0.6,0.3,,,Corr_raw|41|0.6|0.3|None|None,test,ok,,0.4741541353383459,0.4738562091503268,0,1832,612,300,,,,43.83242358078603,43.88235294117647
wheat,0,456,Corr_white,1,0.1,0.1,0.2,,Corr_white|1|0.1|0.1|0.2|None,test,ok,,0.9772086466165414,0.977124183006536,0,1832,612,300,,,,6.67849344978166,6.718954248366013
wheat,0,789,Corr_raw,15,0.5,0.3,,,Corr_raw|15|0.5|0.3|None|None,test,ok,,0.4806262816131237,0.4803921568627451,0,1832,612,300,,,,31.2849344978166,31.2843137254902
wheat,0,789,Corr_white,1,0.2,0.1,0.1,,Corr_white|1|0.2|0.1|0.1|None,test,ok,,0.9689208817498292,0.9689542483660132,0,1832,612,300,,,,7.270742358078603,7.326797385620915
wheat,0,2022,Corr_raw,41,0.6,0.2,,,Corr_raw|41|0.6|0.2|None|None,test,ok,,0.5118122009569378,0.511437908496732,0,1832,612,300,,,,43.560589519650655,43.51307189542484
wheat,0,2022,Corr_white,1,0.3,0.1,0.1,,Corr_white|1|0.3|0.1|0.1|None,test,ok,,0.9624273752563226,0.9624183006535948,0,1832,612,300,,,,8.81386462882096,8.910130718954248
wheat,0,31415,Corr_raw,41,0.5,0.1,,,Corr_raw|41|0.5|0.1|None|None,test,ok,,0.5019224196855776,0.5032679738562091,0,1832,612,300,,,,30.658842794759824,30.69117647058824
wheat,0,31415,Corr_white,3,0.1,0.1,0.4,,Corr_white|3|0.1|0.1|0.4|None,test,ok,,0.9559765892002734,0.9558823529411764,0,1832,612,300,,,,7.452510917030568,7.485294117647059
wheat,0,27182,Corr_raw,21,0.5,0.1,,,Corr_raw|21|0.5|0.1|None|None,test,ok,,0.5218087833219411,0.5212418300653595,0,1832,612,300,,,,30.66484716157205,30.663398692810457
wheat,0,27182,Corr_white,1,0.1,0.1,0.1,,Corr_white|1|0.1|0.1|0.1|None,test,ok,,0.962406015037594,0.9624183006535948,0,1832,612,300,,,,5.775109170305677,5.754901960784314
wheat,0,8675309,Corr_raw,31,0.5,0.4,,,Corr_raw|31|0.5|0.4|None|None,test,ok,,0.5101033834586466,0.5098039215686274,0,1832,612,300,,,,31.375,31.434640522875817
wheat,0,8675309,Corr_white,1,0.1,0.1,0.2,,Corr_white|1|0.1|0.1|0.2|None,test,ok,,0.9640934723171566,0.9640522875816994,0,1832,612,300,,,,6.651200873362446,6.7369281045751634
wheat,0,104729,Corr_raw,41,0.5,0.4,,,Corr_raw|41|0.5|0.4|None|None,test,ok,,0.4998718386876281,0.4983660130718954,0,1832,612,300,,,,31.399017467248907,31.44934640522876
wheat,0,104729,Corr_white,1,0.2,0.2,0.1,,Corr_white|1|0.2|0.2|0.1|None,test,ok,,0.962341934381408,0.9624183006535948,0,1832,612,300,,,,8.299126637554584,8.284313725490197
wheat,0,99991,Corr_raw,15,0.5,0.1,,,Corr_raw|15|0.5|0.1|None|None,test,ok,,0.5199931647300068,0.5196078431372549,0,1832,612,300,,,,30.700873362445414,30.61764705882353
wheat,0,99991,Corr_white,1,0.1,0.2,0.1,,Corr_white|1|0.1|0.2|0.1|None,test,ok,,0.9543318523581682,0.954248366013072,0,1832,612,300,,,,6.6604803493449785,6.676470588235294
capgmyo,1,42,Corr_raw,9,0.7,0.1,,,Corr_raw|9|0.7|0.1|None|None,test,ok,,0.9375,0.9375,0,48,16,128,,,,33.875,34.0
capgmyo,1,42,Corr_white,3,0.7,0.1,0.1,,Corr_white|3|0.7|0.1|0.1|None,test,ok,,1.0,1.0,1,48,16,128,,,,30.729166666666668,30.75
capgmyo,2,42,Corr_raw,9,0.7,0.1,,,Corr_raw|9|0.7|0.1|None|None,test,ok,,0.875,0.875,0,48,16,128,,,,33.729166666666664,34.125
capgmyo,2,42,Corr_white,3,0.7,0.1,0.1,,Corr_white|3|0.7|0.1|0.1|None,test,ok,,0.875,0.875,1,48,16,128,,,,29.354166666666668,29.6875
capgmyo,3,42,Corr_raw,9,0.7,0.1,,,Corr_raw|9|0.7|0.1|None|None,test,ok,,1.0,1.0,0,48,16,128,,,,32.895833333333336,33.0625
capgmyo,3,42,Corr_white,3,0.7,0.1,0.1,,Corr_white|3|0.7|0.1|0.1|None,test,ok,,0.9375,0.9375,1,48,16,128,,,,30.02083333333333,29.875
capgmyo,4,42,Corr_raw,9,0.7,0.1,,,Corr_raw|9|0.7|0.1|None|None,test,ok,,0.8125,0.8125,0,48,16,128,,,,33.979166666666664,33.6875
capgmyo,4,42,Corr_white,3,0.7,0.1,0.1,,Corr_white|3|0.7|0.1|0.1|None,test,ok,,0.9375,0.9375,1,48,16,128,,,,29.83333333333333,30.0625
capgmyo,5,42,Corr_raw,9,0.7,0.1,,,Corr_raw|9|0.7|0.1|None|None,test,ok,,0.9375,0.9375,0,48,16,128,,,,33.958333333333336,34.0
capgmyo,5,42,Corr_white,3,0.7,0.1,0.1,,Corr_white|3|0.7|0.1|0.1|None,test,ok,,0.9375,0.9375,1,48,16,128,,,,29.25,28.875
capgmyo,6,42,Corr_raw,9,0.7,0.1,,,Corr_raw|9|0.7|0.1|None|None,test,ok,,1.0,1.0,0,48,16,128,,,,33.541666666666664,33.25
capgmyo,6,42,Corr_white,3,0.7,0.1,0.1,,Corr_white|3|0.7|0.1|0.1|None,test,ok,,1.0,1.0,1,48,16,128,,,,29.25,29.625
capgmyo,7,42,Corr_raw,9,0.7,0.1,,,Corr_raw|9|0.7|0.1|None|None,test,ok,,0.75,0.75,0,48,16,128,,,,33.5625,33.75
capgmyo,7,42,Corr_white,3,0.7,0.1,0.1,,Corr_white|3|0.7|0.1|0.1|None,test,ok,,0.875,0.875,1,48,16,128,,,,30.77083333333333,31.0
capgmyo,8,42,Corr_raw,9,0.7,0.1,,,Corr_raw|9|0.7|0.1|None|None,test,ok,,0.9375,0.9375,0,48,16,128,,,,33.6875,33.5625
capgmyo,8,42,Corr_white,3,0.7,0.1,0.1,,Corr_white|3|0.7|0.1|0.1|None,test,ok,,0.9375,0.9375,1,48,16,128,,,,29.14583333333333,29.625
capgmyo,9,42,Corr_raw,9,0.7,0.1,,,Corr_raw|9|0.7|0.1|None|None,test,ok,,0.9375,0.9375,0,48,16,128,,,,33.375,33.375
capgmyo,9,42,Corr_white,3,0.7,0.1,0.1,,Corr_white|3|0.7|0.1|0.1|None,test,ok,,1.0,1.0,1,48,16,128,,,,28.916666666666668,29.0625
capgmyo,10,42,Corr_raw,9,0.7,0.1,,,Corr_raw|9|0.7|0.1|None|None,test,ok,,0.9375,0.9375,0,48,16,128,,,,33.625,33.375
capgmyo,10,42,Corr_white,3,0.7,0.1,0.1,,Corr_white|3|0.7|0.1|0.1|None,test,ok,,0.875,0.875,1,48,16,128,,,,28.75,29.3125
capgmyo,11,42,Corr_raw,9,0.7,0.1,,,Corr_raw|9|0.7|0.1|None|None,test,ok,,0.75,0.75,0,48,16,128,,,,33.854166666666664,34.0625
capgmyo,11,42,Corr_white,3,0.7,0.1,0.1,,Corr_white|3|0.7|0.1|0.1|None,test,ok,,0.8125,0.8125,1,48,16,128,,,,28.916666666666668,28.8125
capgmyo,12,42,Corr_raw,9,0.7,0.1,,,Corr_raw|9|0.7|0.1|None|None,test,ok,,0.875,0.875,0,48,16,128,,,,33.6875,33.5625
capgmyo,12,42,Corr_white,3,0.7,0.1,0.1,,Corr_white|3|0.7|0.1|0.1|None,test,ok,,0.875,0.875,1,48,16,128,,,,28.4375,28.5
capgmyo,13,42,Corr_raw,9,0.7,0.1,,,Corr_raw|9|0.7|0.1|None|None,test,ok,,0.8125,0.8125,0,48,16,128,,,,33.4375,33.625
capgmyo,13,42,Corr_white,3,0.7,0.1,0.1,,Corr_white|3|0.7|0.1|0.1|None,test,ok,,0.8125,0.8125,1,48,16,128,,,,27.916666666666668,28.375
capgmyo,14,42,Corr_raw,9,0.7,0.1,,,Corr_raw|9|0.7|0.1|None|None,test,ok,,0.8125,0.8125,0,48,16,128,,,,32.979166666666664,33.0625
capgmyo,14,42,Corr_white,3,0.7,0.1,0.1,,Corr_white|3|0.7|0.1|0.1|None,test,ok,,0.9375,0.9375,1,48,16,128,,,,29.33333333333333,29.375
capgmyo,15,42,Corr_raw,9,0.7,0.1,,,Corr_raw|9|0.7|0.1|None|None,test,ok,,0.875,0.875,0,48,16,128,,,,33.645833333333336,33.3125
capgmyo,15,42,Corr_white,3,0.7,0.1,0.1,,Corr_white|3|0.7|0.1|0.1|None,test,ok,,0.9375,0.9375,1,48,16,128,,,,29.104166666666668,29.3125
capgmyo,16,42,Corr_raw,9,0.7,0.1,,,Corr_raw|9|0.7|0.1|None|None,test,ok,,0.875,0.875,0,48,16,128,,,,34.166666666666664,34.25
capgmyo,16,42,Corr_white,3,0.7,0.1,0.1,,Corr_white|3|0.7|0.1|0.1|None,test,ok,,1.0,1.0,1,48,16,128,,,,29.729166666666668,29.9375
capgmyo,17,42,Corr_raw,9,0.7,0.1,,,Corr_raw|9|0.7|0.1|None|None,test,ok,,0.9375,0.9375,0,48,16,127,,,,33.333333333333336,33.25
capgmyo,17,42,Corr_white,3,0.7,0.1,0.1,,Corr_white|3|0.7|0.1|0.1|None,test,ok,,1.0,1.0,1,48,16,127,,,,29.916666666666668,29.9375
capgmyo,18,42,Corr_raw,9,0.7,0.1,,,Corr_raw|9|0.7|0.1|None|None,test,ok,,0.875,0.875,0,48,16,128,,,,33.416666666666664,33.625
capgmyo,18,42,Corr_white,3,0.7,0.1,0.1,,Corr_white|3|0.7|0.1|0.1|None,test,ok,,1.0,1.0,1,48,16,128,,,,29.354166666666668,29.5625
capgmyo,1,123,Corr_raw,41,0.7,0.2,,,Corr_raw|41|0.7|0.2|None|None,test,ok,,0.9375,0.9375,0,48,16,128,,,,34.3125,34.3125
capgmyo,1,123,Corr_white,7,0.7,0.1,0.1,,Corr_white|7|0.7|0.1|0.1|None,test,ok,,0.9375,0.9375,1,48,16,128,,,,30.75,30.875
capgmyo,2,123,Corr_raw,41,0.7,0.2,,,Corr_raw|41|0.7|0.2|None|None,test,ok,,0.875,0.875,0,48,16,128,,,,34.125,34.5
capgmyo,2,123,Corr_white,7,0.7,0.1,0.1,,Corr_white|7|0.7|0.1|0.1|None,test,ok,,1.0,1.0,1,48,16,128,,,,29.20833333333333,29.5
capgmyo,3,123,Corr_raw,41,0.7,0.2,,,Corr_raw|41|0.7|0.2|None|None,test,ok,,1.0,1.0,0,48,16,128,,,,33.333333333333336,33.3125
capgmyo,3,123,Corr_white,7,0.7,0.1,0.1,,Corr_white|7|0.7|0.1|0.1|None,test,ok,,1.0,1.0,1,48,16,128,,,,29.979166666666668,30.0
capgmyo,4,123,Corr_raw,41,0.7,0.2,,,Corr_raw|41|0.7|0.2|None|None,test,ok,,0.875,0.875,0,48,16,128,,,,34.291666666666664,34.125
capgmyo,4,123,Corr_white,7,0.7,0.1,0.1,,Corr_white|7|0.7|0.1|0.1|None,test,ok,,0.875,0.875,1,48,16,128,,,,30.0625,29.6875
capgmyo,5,123,Corr_raw,41,0.7,0.2,,,Corr_raw|41|0.7|0.2|None|None,test,ok,,0.875,0.875,0,48,16,128,,,,34.25,34.5
capgmyo,5,123,Corr_white,7,0.7,0.1,0.1,,Corr_white|7|0.7|0.1|0.1|None,test,ok,,0.8125,0.8125,1,48,16,128,,,,29.1875,29.5
capgmyo,6,123,Corr_raw,41,0.7,0.2,,,Corr_raw|41|0.7|0.2|None|None,test,ok,,1.0,1.0,0,48,16,128,,,,33.9375,33.9375
capgmyo,6,123,Corr_white,7,0.7,0.1,0.1,,Corr_white|7|0.7|0.1|0.1|None,test,ok,,1.0,1.0,1,48,16,128,,,,29.33333333333333,29.5
capgmyo,7,123,Corr_raw,41,0.7,0.2,,,Corr_raw|41|0.7|0.2|None|None,test,ok,,0.8125,0.8125,0,48,16,128,,,,33.916666666666664,33.875
capgmyo,7,123,Corr_white,7,0.7,0.1,0.1,,Corr_white|7|0.7|0.1|0.1|None,test,ok,,0.9375,0.9375,1,48,16,128,,,,30.666666666666668,30.625
capgmyo,8,123,Corr_raw,41,0.7,0.2,,,Corr_raw|41|0.7|0.2|None|None,test,ok,,0.9375,0.9375,0,48,16,128,,,,34.041666666666664,34.0625
capgmyo,8,123,Corr_white,7,0.7,0.1,0.1,,Corr_white|7|0.7|0.1|0.1|None,test,ok,,0.9375,0.9375,1,48,16,128,,,,29.1875,29.4375
capgmyo,9,123,Corr_raw,41,0.7,0.2,,,Corr_raw|41|0.7|0.2|None|None,test,ok,,0.8125,0.8125,0,48,16,128,,,,33.708333333333336,33.75
capgmyo,9,123,Corr_white,7,0.7,0.1,0.1,,Corr_white|7|0.7|0.1|0.1|None,test,ok,,1.0,1.0,1,48,16,128,,,,29.02083333333333,29.0625
capgmyo,10,123,Corr_raw,41,0.7,0.2,,,Corr_raw|41|0.7|0.2|None|None,test,ok,,0.8125,0.8125,0,48,16,128,,,,34.0,34.1875
capgmyo,10,123,Corr_white,7,0.7,0.1,0.1,,Corr_white|7|0.7|0.1|0.1|None,test,ok,,0.875,0.875,1,48,16,128,,,,29.0,28.75
capgmyo,11,123,Corr_raw,41,0.7,0.2,,,Corr_raw|41|0.7|0.2|None|None,test,ok,,0.75,0.75,0,48,16,128,,,,34.145833333333336,34.25
capgmyo,11,123,Corr_white,7,0.7,0.1,0.1,,Corr_white|7|0.7|0.1|0.1|None,test,ok,,0.875,0.875,1,48,16,128,,,,29.166666666666668,29.375
capgmyo,12,123,Corr_raw,41,0.7,0.2,,,Corr_raw|41|0.7|0.2|None|None,test,ok,,0.875,0.875,0,48,16,128,,,,34.104166666666664,34.25
capgmyo,12,123,Corr_white,7,0.7,0.1,0.1,,Corr_white|7|0.7|0.1|0.1|None,test,ok,,1.0,1.0,1,48,16,128,,,,28.354166666666668,28.375
capgmyo,13,123,Corr_raw,41,0.7,0.2,,,Corr_raw|41|0.7|0.2|None|None,test,ok,,0.9375,0.9375,0,48,16,128,,,,33.770833333333336,33.5625
capgmyo,13,123,Corr_white,7,0.7,0.1,0.1,,Corr_white|7|0.7|0.1|0.1|None,test,ok,,1.0,1.0,1,48,16,128,,,,28.0625,28.4375
capgmyo,14,123,Corr_raw,41,0.7,0.2,,,Corr_raw|41|0.7|0.2|None|None,test,ok,,0.9375,0.9375,0,48,16,128,,,,33.520833333333336,33.625
capgmyo,14,123,Corr_white,7,0.7,0.1,0.1,,Corr_white|7|0.7|0.1|0.1|None,test,ok,,0.9375,0.9375,1,48,16,128,,,,29.4375,29.3125
capgmyo,15,123,Corr_raw,41,0.7,0.2,,,Corr_raw|41|0.7|0.2|None|None,test,ok,,0.875,0.875,0,48,16,128,,,,33.916666666666664,33.625
capgmyo,15,123,Corr_white,7,0.7,0.1,0.1,,Corr_white|7|0.7|0.1|0.1|None,test,ok,,1.0,1.0,1,48,16,128,,,,29.229166666666668,29.0
capgmyo,16,123,Corr_raw,41,0.7,0.2,,,Corr_raw|41|0.7|0.2|None|None,test,ok,,0.875,0.875,0,48,16,128,,,,34.5,34.5625
capgmyo,16,123,Corr_white,7,0.7,0.1,0.1,,Corr_white|7|0.7|0.1|0.1|None,test,ok,,0.875,0.875,1,48,16,128,,,,29.70833333333333,30.25
capgmyo,17,123,Corr_raw,41,0.7,0.2,,,Corr_raw|41|0.7|0.2|None|None,test,ok,,1.0,1.0,0,48,16,127,,,,33.791666666666664,33.5625
capgmyo,17,123,Corr_white,7,0.7,0.1,0.1,,Corr_white|7|0.7|0.1|0.1|None,test,ok,,0.9375,0.9375,1,48,16,127,,,,29.875,29.9375
capgmyo,18,123,Corr_raw,41,0.7,0.2,,,Corr_raw|41|0.7|0.2|None|None,test,ok,,0.8125,0.8125,0,48,16,128,,,,33.875,33.6875
capgmyo,18,123,Corr_white,7,0.7,0.1,0.1,,Corr_white|7|0.7|0.1|0.1|None,test,ok,,1.0,1.0,1,48,16,128,,,,29.291666666666668,29.1875
capgmyo,1,456,Corr_raw,1,0.7,0.1,,,Corr_raw|1|0.7|0.1|None|None,test,ok,,1.0,1.0,0,48,16,128,,,,33.979166666666664,33.75
capgmyo,1,456,Corr_white,31,0.7,0.2,0.1,,Corr_white|31|0.7|0.2|0.1|None,test,ok,,0.9375,0.9375,1,48,16,128,,,,31.02083333333333,31.375
capgmyo,2,456,Corr_raw,1,0.7,0.1,,,Corr_raw|1|0.7|0.1|None|None,test,ok,,0.9375,0.9375,0,48,16,128,,,,33.770833333333336,34.1875
capgmyo,2,456,Corr_white,31,0.7,0.2,0.1,,Corr_white|31|0.7|0.2|0.1|None,test,ok,,1.0,1.0,1,48,16,128,,,,29.89583333333333,29.875
capgmyo,3,456,Corr_raw,1,0.7,0.1,,,Corr_raw|1|0.7|0.1|None|None,test,ok,,1.0,1.0,0,48,16,128,,,,32.895833333333336,32.8125
capgmyo,3,456,Corr_white,31,0.7,0.2,0.1,,Corr_white|31|0.7|0.2|0.1|None,test,ok,,0.9375,0.9375,1,48,16,128,,,,30.58333333333333,30.5625
capgmyo,4,456,Corr_raw,1,0.7,0.1,,,Corr_raw|1|0.7|0.1|None|None,test,ok,,1.0,1.0,0,48,16,128,,,,33.979166666666664,34.0
capgmyo,4,456,Corr_white,31,0.7,0.2,0.1,,Corr_white|31|0.7|0.2|0.1|None,test,ok,,0.6875,0.6875,1,48,16,128,,,,30.5,30.625
capgmyo,5,456,Corr_raw,1,0.7,0.1,,,Corr_raw|1|0.7|0.1|None|None,test,ok,,0.75,0.75,0,48,16,128,,,,34.0,33.8125
capgmyo,5,456,Corr_white,31,0.7,0.2,0.1,,Corr_white|31|0.7|0.2|0.1|None,test,ok,,0.8125,0.8125,1,48,16,128,,,,29.729166666666668,30.0625
capgmyo,6,456,Corr_raw,1,0.7,0.1,,,Corr_raw|1|0.7|0.1|None|None,test,ok,,1.0,1.0,0,48,16,128,,,,33.458333333333336,33.4375
capgmyo,6,456,Corr_white,31,0.7,0.2,0.1,,Corr_white|31|0.7|0.2|0.1|None,test,ok,,1.0,1.0,1,48,16,128,,,,29.83333333333333,30.1875
capgmyo,7,456,Corr_raw,1,0.7,0.1,,,Corr_raw|1|0.7|0.1|None|None,test,ok,,0.9375,0.9375,0,48,16,128,,,,33.5625,33.75
capgmyo,7,456,Corr_white,31,0.7,0.2,0.1,,Corr_white|31|0.7|0.2|0.1|None,test,ok,,0.75,0.75,1,48,16,128,,,,31.229166666666668,31.5625
capgmyo,8,456,Corr_raw,1,0.7,0.1,,,Corr_raw|1|0.7|0.1|None|None,test,ok,,1.0,1.0,0,48,16,128,,,,33.770833333333336,33.75
capgmyo,8,456,Corr_white,31,0.7,0.2,0.1,,Corr_white|31|0.7|0.2|0.1|None,test,ok,,1.0,1.0,1,48,16,128,,,,29.791666666666668,30.0
capgmyo,9,456,Corr_raw,1,0.7,0.1,,,Corr_raw|1|0.7|0.1|None|None,test,ok,,0.875,0.875,0,48,16,128,,,,33.354166666666664,33.1875
capgmyo,9,456,Corr_white,31,0.7,0.2,0.1,,Corr_white|31|0.7|0.2|0.1|None,test,ok,,1.0,1.0,1,48,16,128,,,,29.625,29.9375
capgmyo,10,456,Corr_raw,1,0.7,0.1,,,Corr_raw|1|0.7|0.1|None|None,test,ok,,0.8125,0.8125,0,48,16,128,,,,33.541666666666664,33.4375
capgmyo,10,456,Corr_white,31,0.7,0.2,0.1,,Corr_white|31|0.7|0.2|0.1|None,test,ok,,0.9375,0.9375,1,48,16,128,,,,29.45833333333333,29.4375
capgmyo,11,456,Corr_raw,1,0.7,0.1,,,Corr_raw|1|0.7|0.1|None|None,test,ok,,0.875,0.875,0,48,16,128,,,,33.854166666666664,33.9375
capgmyo,11,456,Corr_white,31,0.7,0.2,0.1,,Corr_white|31|0.7|0.2|0.1|None,test,ok,,0.9375,0.9375,1,48,16,128,,,,29.64583333333333,29.6875
capgmyo,12,456,Corr_raw,1,0.7,0.1,,,Corr_raw|1|0.7|0.1|None|None,test,ok,,0.6875,0.6875,0,48,16,128,,,,33.625,33.75
capgmyo,12,456,Corr_white,31,0.7,0.2,0.1,,Corr_white|31|0.7|0.2|0.1|None,test,ok,,0.9375,0.9375,1,48,16,128,,,,29.02083333333333,29.25
capgmyo,13,456,Corr_raw,1,0.7,0.1,,,Corr_raw|1|0.7|0.1|None|None,test,ok,,0.9375,0.9375,0,48,16,128,,,,33.479166666666664,33.375
capgmyo,13,456,Corr_white,31,0.7,0.2,0.1,,Corr_white|31|0.7|0.2|0.1|None,test,ok,,0.9375,0.9375,1,48,16,128,,,,28.58333333333333,28.25
capgmyo,14,456,Corr_raw,1,0.7,0.1,,,Corr_raw|1|0.7|0.1|None|None,test,ok,,0.8125,0.8125,0,48,16,128,,,,32.958333333333336,33.0
capgmyo,14,456,Corr_white,31,0.7,0.2,0.1,,Corr_white|31|0.7|0.2|0.1|None,test,ok,,1.0,1.0,1,48,16,128,,,,30.0,30.0625
capgmyo,15,456,Corr_raw,1,0.7,0.1,,,Corr_raw|1|0.7|0.1|None|None,test,ok,,0.875,0.875,0,48,16,128,,,,33.5625,33.375
capgmyo,15,456,Corr_white,31,0.7,0.2,0.1,,Corr_white|31|0.7|0.2|0.1|None,test,ok,,0.875,0.875,1,48,16,128,,,,29.89583333333333,29.375
capgmyo,16,456,Corr_raw,1,0.7,0.1,,,Corr_raw|1|0.7|0.1|None|None,test,ok,,0.625,0.625,0,48,16,128,,,,34.229166666666664,34.25
capgmyo,16,456,Corr_white,31,0.7,0.2,0.1,,Corr_white|31|0.7|0.2|0.1|None,test,ok,,0.9375,0.9375,1,48,16,128,,,,30.416666666666668,30.6875
capgmyo,17,456,Corr_raw,1,0.7,0.1,,,Corr_raw|1|0.7|0.1|None|None,test,ok,,1.0,1.0,0,48,16,127,,,,33.229166666666664,33.125
capgmyo,17,456,Corr_white,31,0.7,0.2,0.1,,Corr_white|31|0.7|0.2|0.1|None,test,ok,,0.9375,0.9375,1,48,16,127,,,,30.416666666666668,30.375
capgmyo,18,456,Corr_raw,1,0.7,0.1,,,Corr_raw|1|0.7|0.1|None|None,test,ok,,0.875,0.875,0,48,16,128,,,,33.479166666666664,33.3125
capgmyo,18,456,Corr_white,31,0.7,0.2,0.1,,Corr_white|31|0.7|0.2|0.1|None,test,ok,,0.9375,0.9375,1,48,16,128,,,,29.89583333333333,29.9375
capgmyo,1,789,Corr_raw,3,0.7,0.1,,,Corr_raw|3|0.7|0.1|None|None,test,ok,,0.875,0.875,0,48,16,128,,,,33.916666666666664,34.125
capgmyo,1,789,Corr_white,5,0.7,0.1,0.4,,Corr_white|5|0.7|0.1|0.4|None,test,ok,,0.9375,0.9375,1,48,16,128,,,,31.6875,31.625
capgmyo,2,789,Corr_raw,3,0.7,0.1,,,Corr_raw|3|0.7|0.1|None|None,test,ok,,0.9375,0.9375,0,48,16,128,,,,34.041666666666664,33.5625
capgmyo,2,789,Corr_white,5,0.7,0.1,0.4,,Corr_white|5|0.7|0.1|0.4|None,test,ok,,0.9375,0.9375,1,48,16,128,,,,30.541666666666668,30.9375
capgmyo,3,789,Corr_raw,3,0.7,0.1,,,Corr_raw|3|0.7|0.1|None|None,test,ok,,1.0,1.0,0,48,16,128,,,,32.958333333333336,32.8125
capgmyo,3,789,Corr_white,5,0.7,0.1,0.4,,Corr_white|5|0.7|0.1|0.4|None,test,ok,,1.0,1.0,1,48,16,128,,,,31.125,31.0625
capgmyo,4,789,Corr_raw,3,0.7,0.1,,,Corr_raw|3|0.7|0.1|None|None,test,ok,,0.75,0.75,0,48,16,128,,,,33.9375,34.125
capgmyo,4,789,Corr_white,5,0.7,0.1,0.4,,Corr_white|5|0.7|0.1|0.4|None,test,ok,,0.875,0.875,1,48,16,128,,,,30.95833333333333,31.125
capgmyo,5,789,Corr_raw,3,0.7,0.1,,,Corr_raw|3|0.7|0.1|None|None,test,ok,,0.75,0.75,0,48,16,128,,,,33.9375,33.75
capgmyo,5,789,Corr_white,5,0.7,0.1,0.4,,Corr_white|5|0.7|0.1|0.4|None,test,ok,,0.875,0.875,1,48,16,128,,,,30.125,30.3125
capgmyo,6,789,Corr_raw,3,0.7,0.1,,,Corr_raw|3|0.7|0.1|None|None,test,ok,,1.0,1.0,0,48,16,128,,,,33.416666666666664,33.5
capgmyo,6,789,Corr_white,5,0.7,0.1,0.4,,Corr_white|5|0.7|0.1|0.4|None,test,ok,,1.0,1.0,1,48,16,128,,,,30.39583333333333,30.4375
capgmyo,7,789,Corr_raw,3,0.7,0.1,,,Corr_raw|3|0.7|0.1|None|None,test,ok,,0.9375,0.9375,0,48,16,128,,,,33.5625,33.6875
capgmyo,7,789,Corr_white,5,0.7,0.1,0.4,,Corr_white|5|0.7|0.1|0.4|None,test,ok,,0.9375,0.9375,1,48,16,128,,,,31.791666666666668,32.0625
capgmyo,8,789,Corr_raw,3,0.7,0.1,,,Corr_raw|3|0.7|0.1|None|None,test,ok,,0.9375,0.9375,0,48,16,128,,,,33.729166666666664,33.6875
capgmyo,8,789,Corr_white,5,0.7,0.1,0.4,,Corr_white|5|0.7|0.1|0.4|None,test,ok,,0.875,0.875,1,48,16,128,,,,30.39583333333333,30.875
capgmyo,9,789,Corr_raw,3,0.7,0.1,,,Corr_raw|3|0.7|0.1|None|None,test,ok,,0.6875,0.6875,0,48,16,128,,,,33.395833333333336,33.4375
capgmyo,9,789,Corr_white,5,0.7,0.1,0.4,,Corr_white|5|0.7|0.1|0.4|None,test,ok,,1.0,1.0,1,48,16,128,,,,30.104166666666668,30.1875
capgmyo,10,789,Corr_raw,3,0.7,0.1,,,Corr_raw|3|0.7|0.1|None|None,test,ok,,0.9375,0.9375,0,48,16,128,,,,33.625,33.75
capgmyo,10,789,Corr_white,5,0.7,0.1,0.4,,Corr_white|5|0.7|0.1|0.4|None,test,ok,,1.0,1.0,1,48,16,128,,,,30.125,30.125
capgmyo,11,789,Corr_raw,3,0.7,0.1,,,Corr_raw|3|0.7|0.1|None|None,test,ok,,0.625,0.625,0,48,16,128,,,,33.916666666666664,33.8125
capgmyo,11,789,Corr_white,5,0.7,0.1,0.4,,Corr_white|5|0.7|0.1|0.4|None,test,ok,,0.75,0.75,1,48,16,128,,,,30.20833333333333,30.125
capgmyo,12,789,Corr_raw,3,0.7,0.1,,,Corr_raw|3|0.7|0.1|None|None,test,ok,,0.875,0.875,0,48,16,128,,,,33.6875,33.75
capgmyo,12,789,Corr_white,5,0.7,0.1,0.4,,Corr_white|5|0.7|0.1|0.4|None,test,ok,,0.875,0.875,1,48,16,128,,,,29.625,30.125
capgmyo,13,789,Corr_raw,3,0.7,0.1,,,Corr_raw|3|0.7|0.1|None|None,test,ok,,0.9375,0.9375,0,48,16,128,,,,33.5,33.4375
capgmyo,13,789,Corr_white,5,0.7,0.1,0.4,,Corr_white|5|0.7|0.1|0.4|None,test,ok,,0.9375,0.9375,1,48,16,128,,,,29.3125,29.375
capgmyo,14,789,Corr_raw,3,0.7,0.1,,,Corr_raw|3|0.7|0.1|None|None,test,ok,,0.75,0.75,0,48,16,128,,,,33.020833333333336,33.0625
capgmyo,14,789,Corr_white,5,0.7,0.1,0.4,,Corr_white|5|0.7|0.1|0.4|None,test,ok,,1.0,1.0,1,48,16,128,,,,30.604166666666668,30.875
capgmyo,15,789,Corr_raw,3,0.7,0.1,,,Corr_raw|3|0.7|0.1|None|None,test,ok,,0.75,0.75,0,48,16,128,,,,33.541666666666664,33.75
capgmyo,15,789,Corr_white,5,0.7,0.1,0.4,,Corr_white|5|0.7|0.1|0.4|None,test,ok,,0.875,0.875,1,48,16,128,,,,30.3125,30.375
capgmyo,16,789,Corr_raw,3,0.7,0.1,,,Corr_raw|3|0.7|0.1|None|None,test,ok,,0.8125,0.8125,0,48,16,128,,,,34.166666666666664,34.0
capgmyo,16,789,Corr_white,5,0.7,0.1,0.4,,Corr_white|5|0.7|0.1|0.4|None,test,ok,,0.9375,0.9375,1,48,16,128,,,,30.9375,31.0
capgmyo,17,789,Corr_raw,3,0.7,0.1,,,Corr_raw|3|0.7|0.1|None|None,test,ok,,1.0,1.0,0,48,16,127,,,,33.229166666666664,33.4375
capgmyo,17,789,Corr_white,5,0.7,0.1,0.4,,Corr_white|5|0.7|0.1|0.4|None,test,ok,,1.0,1.0,1,48,16,127,,,,31.0,30.875
capgmyo,18,789,Corr_raw,3,0.7,0.1,,,Corr_raw|3|0.7|0.1|None|None,test,ok,,0.875,0.875,0,48,16,128,,,,33.5625,33.1875
capgmyo,18,789,Corr_white,5,0.7,0.1,0.4,,Corr_white|5|0.7|0.1|0.4|None,test,ok,,0.9375,0.9375,1,48,16,128,,,,30.416666666666668,30.5
capgmyo,1,2022,Corr_raw,41,0.7,0.1,,,Corr_raw|41|0.7|0.1|None|None,test,ok,,1.0,1.0,0,48,16,128,,,,33.958333333333336,33.75
capgmyo,1,2022,Corr_white,5,0.7,0.2,0.2,,Corr_white|5|0.7|0.2|0.2|None,test,ok,,1.0,1.0,1,48,16,128,,,,31.541666666666668,31.75
capgmyo,2,2022,Corr_raw,41,0.7,0.1,,,Corr_raw|41|0.7|0.1|None|None,test,ok,,0.875,0.875,0,48,16,128,,,,33.916666666666664,33.625
capgmyo,2,2022,Corr_white,5,0.7,0.2,0.2,,Corr_white|5|0.7|0.2|0.2|None,test,ok,,0.8125,0.8125,1,48,16,128,,,,30.5,31.0625
capgmyo,3,2022,Corr_raw,41,0.7,0.1,,,Corr_raw|41|0.7|0.1|None|None,test,ok,,1.0,1.0,0,48,16,128,,,,32.8125,32.9375
capgmyo,3,2022,Corr_white,5,0.7,0.2,0.2,,Corr_white|5|0.7|0.2|0.2|None,test,ok,,1.0,1.0,1,48,16,128,,,,31.08333333333333,31.5
capgmyo,4,2022,Corr_raw,41,0.7,0.1,,,Corr_raw|41|0.7|0.1|None|None,test,ok,,0.875,0.875,0,48,16,128,,,,33.895833333333336,34.0
capgmyo,4,2022,Corr_white,5,0.7,0.2,0.2,,Corr_white|5|0.7|0.2|0.2|None,test,ok,,0.875,0.875,1,48,16,128,,,,31.08333333333333,30.75
capgmyo,5,2022,Corr_raw,41,0.7,0.1,,,Corr_raw|41|0.7|0.1|None|None,test,ok,,0.8125,0.8125,0,48,16,128,,,,33.875,33.9375
capgmyo,5,2022,Corr_white,5,0.7,0.2,0.2,,Corr_white|5|0.7|0.2|0.2|None,test,ok,,0.9375,0.9375,1,48,16,128,,,,30.1875,30.5
capgmyo,6,2022,Corr_raw,41,0.7,0.1,,,Corr_raw|41|0.7|0.1|None|None,test,ok,,1.0,1.0,0,48,16,128,,,,33.458333333333336,33.625
capgmyo,6,2022,Corr_white,5,0.7,0.2,0.2,,Corr_white|5|0.7|0.2|0.2|None,test,ok,,1.0,1.0,1,48,16,128,,,,30.39583333333333,30.4375
capgmyo,7,2022,Corr_raw,41,0.7,0.1,,,Corr_raw|41|0.7|0.1|None|None,test,ok,,0.75,0.75,0,48,16,128,,,,33.5,33.6875
capgmyo,7,2022,Corr_white,5,0.7,0.2,0.2,,Corr_white|5|0.7|0.2|0.2|None,test,ok,,0.9375,0.9375,1,48,16,128,,,,31.791666666666668,31.8125
capgmyo,8,2022,Corr_raw,41,0.7,0.1,,,Corr_raw|41|0.7|0.1|None|None,test,ok,,0.9375,0.9375,0,48,16,128,,,,33.666666666666664,33.75
capgmyo,8,2022,Corr_white,5,0.7,0.2,0.2,,Corr_white|5|0.7|0.2|0.2|None,test,ok,,0.875,0.875,1,48,16,128,,,,30.20833333333333,30.625
capgmyo,9,2022,Corr_raw,41,0.7,0.1,,,Corr_raw|41|0.7|0.1|None|None,test,ok,,0.9375,0.9375,0,48,16,128,,,,33.3125,33.4375
capgmyo,9,2022,Corr_white,5,0.7,0.2,0.2,,Corr_white|5|0.7|0.2|0.2|None,test,ok,,0.875,0.875,1,48,16,128,,,,30.08333333333333,30.25
capgmyo,10,2022,Corr_raw,41,0.7,0.1,,,Corr_raw|41|0.7|0.1|None|None,test,ok,,0.9375,0.9375,0,48,16,128,,,,33.604166666666664,33.5
capgmyo,10,2022,Corr_white,5,0.7,0.2,0.2,,Corr_white|5|0.7|0.2|0.2|None,test,ok,,0.9375,0.9375,1,48,16,128,,,,30.0625,29.9375
capgmyo,11,2022,Corr_raw,41,0.7,0.1,,,Corr_raw|41|0.7|0.1|None|None,test,ok,,0.6875,0.6875,0,48,16,128,,,,33.916666666666664,33.875
capgmyo,11,2022,Corr_white,5,0.7,0.2,0.2,,Corr_white|5|0.7|0.2|0.2|None,test,ok,,0.8125,0.8125,1,48,16,128,,,,30.08333333333333,30.5
capgmyo,12,2022,Corr_raw,41,0.7,0.1,,,Corr_raw|41|0.7|0.1|None|None,test,ok,,0.875,0.875,0,48,16,128,,,,33.708333333333336,33.375
capgmyo,12,2022,Corr_white,5,0.7,0.2,0.2,,Corr_white|5|0.7|0.2|0.2|None,test,ok,,0.9375,0.9375,1,48,16,128,,,,29.52083333333333,29.9375
capgmyo,13,2022,Corr_raw,41,0.7,0.1,,,Corr_raw|41|0.7|0.1|None|None,test,ok,,1.0,1.0,0,48,16,128,,,,33.458333333333336,33.5625
capgmyo,13,2022,Corr_white,5,0.7,0.2,0.2,,Corr_white|5|0.7|0.2|0.2|None,test,ok,,0.9375,0.9375,1,48,16,128,,,,29.291666666666668,29.5625
capgmyo,14,2022,Corr_raw,41,0.7,0.1,,,Corr_raw|41|0.7|0.1|None|None,test,ok,,0.9375,0.9375,0,48,16,128,,,,33.0625,32.8125
capgmyo,14,2022,Corr_white,5,0.7,0.2,0.2,,Corr_white|5|0.7|0.2|0.2|None,test,ok,,0.875,0.875,1,48,16,128,,,,30.375,30.6875
capgmyo,15,2022,Corr_raw,41,0.7,0.1,,,Corr_raw|41|0.7|0.1|None|None,test,ok,,0.875,0.875,0,48,16,128,,,,33.3125,34.0
capgmyo,15,2022,Corr_white,5,0.7,0.2,0.2,,Corr_white|5|0.7|0.2|0.2|None,test,ok,,0.9375,0.9375,1,48,16,128,,,,30.08333333333333,30.4375
capgmyo,16,2022,Corr_raw,41,0.7,0.1,,,Corr_raw|41|0.7|0.1|None|None,test,ok,,0.6875,0.6875,0,48,16,128,,,,34.125,34.4375
capgmyo,16,2022,Corr_white,5,0.7,0.2,0.2,,Corr_white|5|0.7|0.2|0.2|None,test,ok,,0.9375,0.9375,1,48,16,128,,,,30.979166666666668,31.0
capgmyo,17,2022,Corr_raw,41,0.7,0.1,,,Corr_raw|41|0.7|0.1|None|None,test,ok,,0.9375,0.9375,0,48,16,127,,,,33.208333333333336,33.25
capgmyo,17,2022,Corr_white,5,0.7,0.2,0.2,,Corr_white|5|0.7|0.2|0.2|None,test,ok,,0.9375,0.9375,1,48,16,127,,,,30.875,31.0
capgmyo,18,2022,Corr_raw,41,0.7,0.1,,,Corr_raw|41|0.7|0.1|None|None,test,ok,,0.9375,0.9375,0,48,16,128,,,,33.479166666666664,33.4375
capgmyo,18,2022,Corr_white,5,0.7,0.2,0.2,,Corr_white|5|0.7|0.2|0.2|None,test,ok,,0.875,0.875,1,48,16,128,,,,30.4375,30.25
capgmyo,1,31415,Corr_raw,5,0.7,0.2,,,Corr_raw|5|0.7|0.2|None|None,test,ok,,0.9375,0.9375,0,48,16,128,,,,34.3125,34.1875
capgmyo,1,31415,Corr_white,3,0.7,0.2,0.4,,Corr_white|3|0.7|0.2|0.4|None,test,ok,,1.0,1.0,1,48,16,128,,,,32.083333333333336,32.125
capgmyo,2,31415,Corr_raw,5,0.7,0.2,,,Corr_raw|5|0.7|0.2|None|None,test,ok,,0.9375,0.9375,0,48,16,128,,,,34.208333333333336,34.125
capgmyo,2,31415,Corr_white,3,0.7,0.2,0.4,,Corr_white|3|0.7|0.2|0.4|None,test,ok,,1.0,1.0,1,48,16,128,,,,31.104166666666668,31.3125
capgmyo,3,31415,Corr_raw,5,0.7,0.2,,,Corr_raw|5|0.7|0.2|None|None,test,ok,,1.0,1.0,0,48,16,128,,,,33.375,33.3125
capgmyo,3,31415,Corr_white,3,0.7,0.2,0.4,,Corr_white|3|0.7|0.2|0.4|None,test,ok,,1.0,1.0,1,48,16,128,,,,31.5625,31.5
capgmyo,4,31415,Corr_raw,5,0.7,0.2,,,Corr_raw|5|0.7|0.2|None|None,test,ok,,0.9375,0.9375,0,48,16,128,,,,34.25,34.3125
capgmyo,4,31415,Corr_white,3,0.7,0.2,0.4,,Corr_white|3|0.7|0.2|0.4|None,test,ok,,0.875,0.875,1,48,16,128,,,,31.625,31.75
capgmyo,5,31415,Corr_raw,5,0.7,0.2,,,Corr_raw|5|0.7|0.2|None|None,test,ok,,0.6875,0.6875,0,48,16,128,,,,34.375,34.1875
capgmyo,5,31415,Corr_white,3,0.7,0.2,0.4,,Corr_white|3|0.7|0.2|0.4|None,test,ok,,1.0,1.0,1,48,16,128,,,,30.979166666666668,31.0625
capgmyo,6,31415,Corr_raw,5,0.7,0.2,,,Corr_raw|5|0.7|0.2|None|None,test,ok,,1.0,1.0,0,48,16,128,,,,33.895833333333336,33.875
capgmyo,6,31415,Corr_white,3,0.7,0.2,0.4,,Corr_white|3|0.7|0.2|0.4|None,test,ok,,0.875,0.875,1,48,16,128,,,,30.875,31.0625
capgmyo,7,31415,Corr_raw,5,0.7,0.2,,,Corr_raw|5|0.7|0.2|None|None,test,ok,,0.875,0.875,0,48,16,128,,,,33.916666666666664,34.0625
capgmyo,7,31415,Corr_white,3,0.7,0.2,0.4,,Corr_white|3|0.7|0.2|0.4|None,test,ok,,0.8125,0.8125,1,48,16,128,,,,32.375,32.25
capgmyo,8,31415,Corr_raw,5,0.7,0.2,,,Corr_raw|5|0.7|0.2|None|None,test,ok,,0.875,0.875,0,48,16,128,,,,34.020833333333336,34.1875
capgmyo,8,31415,Corr_white,3,0.7,0.2,0.4,,Corr_white|3|0.7|0.2|0.4|None,test,ok,,0.9375,0.9375,1,48,16,128,,,,30.875,31.25
capgmyo,9,31415,Corr_raw,5,0.7,0.2,,,Corr_raw|5|0.7|0.2|None|None,test,ok,,0.875,0.875,0,48,16,128,,,,33.729166666666664,33.8125
capgmyo,9,31415,Corr_white,3,0.7,0.2,0.4,,Corr_white|3|0.7|0.2|0.4|None,test,ok,,0.9375,0.9375,1,48,16,128,,,,30.83333333333333,30.9375
capgmyo,10,31415,Corr_raw,5,0.7,0.2,,,Corr_raw|5|0.7|0.2|None|None,test,ok,,0.875,0.875,0,48,16,128,,,,33.979166666666664,34.0625
capgmyo,10,31415,Corr_white,3,0.7,0.2,0.4,,Corr_white|3|0.7|0.2|0.4|None,test,ok,,0.875,0.875,1,48,16,128,,,,30.52083333333333,30.625
capgmyo,11,31415,Corr_raw,5,0.7,0.2,,,Corr_raw|5|0.7|0.2|None|None,test,ok,,0.875,0.875,0,48,16,128,,,,34.333333333333336,34.25
capgmyo,11,31415,Corr_white,3,0.7,0.2,0.4,,Corr_white|3|0.7|0.2|0.4|None,test,ok,,1.0,1.0,1,48,16,128,,,,30.89583333333333,31.125
capgmyo,12,31415,Corr_raw,5,0.7,0.2,,,Corr_raw|5|0.7|0.2|None|None,test,ok,,0.9375,0.9375,0,48,16,128,,,,34.145833333333336,34.125
capgmyo,12,31415,Corr_white,3,0.7,0.2,0.4,,Corr_white|3|0.7|0.2|0.4|None,test,ok,,0.875,0.875,1,48,16,128,,,,30.166666666666668,30.25
capgmyo,13,31415,Corr_raw,5,0.7,0.2,,,Corr_raw|5|0.7|0.2|None|None,test,ok,,0.875,0.875,0,48,16,128,,,,33.770833333333336,33.75
capgmyo,13,31415,Corr_white,3,0.7,0.2,0.4,,Corr_white|3|0.7|0.2|0.4|None,test,ok,,1.0,1.0,1,48,16,128,,,,30.104166666666668,30.25
capgmyo,14,31415,Corr_raw,5,0.7,0.2,,,Corr_raw|5|0.7|0.2|None|None,test,ok,,0.75,0.75,0,48,16,128,,,,33.416666666666664,33.6875
capgmyo,14,31415,Corr_white,3,0.7,0.2,0.4,,Corr_white|3|0.7|0.2|0.4|None,test,ok,,0.9375,0.9375,1,48,16,128,,,,31.104166666666668,31.4375
capgmyo,15,31415,Corr_raw,5,0.7,0.2,,,Corr_raw|5|0.7|0.2|None|None,test,ok,,0.8125,0.8125,0,48,16,128,,,,33.833333333333336,33.8125
capgmyo,15,31415,Corr_white,3,0.7,0.2,0.4,,Corr_white|3|0.7|0.2|0.4|None,test,ok,,0.8125,0.8125,1,48,16,128,,,,30.854166666666668,31.125
capgmyo,16,31415,Corr_raw,5,0.7,0.2,,,Corr_raw|5|0.7|0.2|None|None,test,ok,,0.6875,0.6875,0,48,16,128,,,,34.479166666666664,34.4375
capgmyo,16,31415,Corr_white,3,0.7,0.2,0.4,,Corr_white|3|0.7|0.2|0.4|None,test,ok,,0.8125,0.8125,1,48,16,128,,,,31.5625,31.8125
capgmyo,17,31415,Corr_raw,5,0.7,0.2,,,Corr_raw|5|0.7|0.2|None|None,test,ok,,0.9375,0.9375,0,48,16,127,,,,33.708333333333336,33.625
capgmyo,17,31415,Corr_white,3,0.7,0.2,0.4,,Corr_white|3|0.7|0.2|0.4|None,test,ok,,0.9375,0.9375,1,48,16,127,,,,31.45833333333333,31.75
capgmyo,18,31415,Corr_raw,5,0.7,0.2,,,Corr_raw|5|0.7|0.2|None|None,test,ok,,0.9375,0.9375,0,48,16,128,,,,33.791666666666664,33.8125
capgmyo,18,31415,Corr_white,3,0.7,0.2,0.4,,Corr_white|3|0.7|0.2|0.4|None,test,ok,,0.9375,0.9375,1,48,16,128,,,,30.916666666666668,31.125
capgmyo,1,27182,Corr_raw,5,0.6,0.2,,,Corr_raw|5|0.6|0.2|None|None,test,ok,,0.6875,0.6875,0,48,16,128,,,,23.58333333333333,23.75
capgmyo,1,27182,Corr_white,3,0.7,0.2,0.2,,Corr_white|3|0.7|0.2|0.2|None,test,ok,,1.0,1.0,1,48,16,128,,,,31.52083333333333,31.625
capgmyo,2,27182,Corr_raw,5,0.6,0.2,,,Corr_raw|5|0.6|0.2|None|None,test,ok,,0.8125,0.8125,0,48,16,128,,,,23.83333333333333,23.625
capgmyo,2,27182,Corr_white,3,0.7,0.2,0.2,,Corr_white|3|0.7|0.2|0.2|None,test,ok,,0.875,0.875,1,48,16,128,,,,30.5,30.5
capgmyo,3,27182,Corr_raw,5,0.6,0.2,,,Corr_raw|5|0.6|0.2|None|None,test,ok,,1.0,1.0,0,48,16,128,,,,23.125,23.375
capgmyo,3,27182,Corr_white,3,0.7,0.2,0.2,,Corr_white|3|0.7|0.2|0.2|None,test,ok,,1.0,1.0,1,48,16,128,,,,31.14583333333333,31.0625
capgmyo,4,27182,Corr_raw,5,0.6,0.2,,,Corr_raw|5|0.6|0.2|None|None,test,ok,,0.9375,0.9375,0,48,16,128,,,,24.0,24.1875
capgmyo,4,27182,Corr_white,3,0.7,0.2,0.2,,Corr_white|3|0.7|0.2|0.2|None,test,ok,,0.9375,0.9375,1,48,16,128,,,,30.8125,31.125
capgmyo,5,27182,Corr_raw,5,0.6,0.2,,,Corr_raw|5|0.6|0.2|None|None,test,ok,,0.6875,0.6875,0,48,16,128,,,,23.979166666666668,24.1875
capgmyo,5,27182,Corr_white,3,0.7,0.2,0.2,,Corr_white|3|0.7|0.2|0.2|None,test,ok,,0.9375,0.9375,1,48,16,128,,,,30.229166666666668,30.4375
capgmyo,6,27182,Corr_raw,5,0.6,0.2,,,Corr_raw|5|0.6|0.2|None|None,test,ok,,1.0,1.0,0,48,16,128,,,,23.479166666666668,23.5
capgmyo,6,27182,Corr_white,3,0.7,0.2,0.2,,Corr_white|3|0.7|0.2|0.2|None,test,ok,,0.9375,0.9375,1,48,16,128,,,,30.166666666666668,30.3125
capgmyo,7,27182,Corr_raw,5,0.6,0.2,,,Corr_raw|5|0.6|0.2|None|None,test,ok,,0.6875,0.6875,0,48,16,128,,,,23.104166666666668,23.375
capgmyo,7,27182,Corr_white,3,0.7,0.2,0.2,,Corr_white|3|0.7|0.2|0.2|None,test,ok,,0.8125,0.8125,1,48,16,128,,,,31.729166666666668,31.75
capgmyo,8,27182,Corr_raw,5,0.6,0.2,,,Corr_raw|5|0.6|0.2|None|None,test,ok,,0.875,0.875,0,48,16,128,,,,23.89583333333333,24.0
capgmyo,8,27182,Corr_white,3,0.7,0.2,0.2,,Corr_white|3|0.7|0.2|0.2|None,test,ok,,0.9375,0.9375,1,48,16,128,,,,30.375,30.25
capgmyo,9,27182,Corr_raw,5,0.6,0.2,,,Corr_raw|5|0.6|0.2|None|None,test,ok,,0.8125,0.8125,0,48,16,128,,,,23.58333333333333,23.375
capgmyo,9,27182,Corr_white,3,0.7,0.2,0.2,,Corr_white|3|0.7|0.2|0.2|None,test,ok,,0.875,0.875,1,48,16,128,,,,30.20833333333333,30.125
capgmyo,10,27182,Corr_raw,5,0.6,0.2,,,Corr_raw|5|0.6|0.2|None|None,test,ok,,0.8125,0.8125,0,48,16,128,,,,23.791666666666668,23.6875
capgmyo,10,27182,Corr_white,3,0.7,0.2,0.2,,Corr_white|3|0.7|0.2|0.2|None,test,ok,,0.9375,0.9375,1,48,16,128,,,,29.89583333333333,29.75
capgmyo,11,27182,Corr_raw,5,0.6,0.2,,,Corr_raw|5|0.6|0.2|None|None,test,ok,,0.75,0.75,0,48,16,128,,,,23.979166666666668,23.875
capgmyo,11,27182,Corr_white,3,0.7,0.2,0.2,,Corr_white|3|0.7|0.2|0.2|None,test,ok,,0.9375,0.9375,1,48,16,128,,,,30.20833333333333,30.5
capgmyo,12,27182,Corr_raw,5,0.6,0.2,,,Corr_raw|5|0.6|0.2|None|None,test,ok,,0.6875,0.6875,0,48,16,128,,,,23.791666666666668,23.625
capgmyo,12,27182,Corr_white,3,0.7,0.2,0.2,,Corr_white|3|0.7|0.2|0.2|None,test,ok,,0.9375,0.9375,1,48,16,128,,,,29.5,29.6875
capgmyo,13,27182,Corr_raw,5,0.6,0.2,,,Corr_raw|5|0.6|0.2|None|None,test,ok,,1.0,1.0,0,48,16,128,,,,23.89583333333333,23.75
capgmyo,13,27182,Corr_white,3,0.7,0.2,0.2,,Corr_white|3|0.7|0.2|0.2|None,test,ok,,1.0,1.0,1,48,16,128,,,,29.229166666666668,29.3125
capgmyo,14,27182,Corr_raw,5,0.6,0.2,,,Corr_raw|5|0.6|0.2|None|None,test,ok,,0.8125,0.8125,0,48,16,128,,,,23.0625,22.8125
capgmyo,14,27182,Corr_white,3,0.7,0.2,0.2,,Corr_white|3|0.7|0.2|0.2|None,test,ok,,0.9375,0.9375,1,48,16,128,,,,30.58333333333333,30.6875
capgmyo,15,27182,Corr_raw,5,0.6,0.2,,,Corr_raw|5|0.6|0.2|None|None,test,ok,,0.6875,0.6875,0,48,16,128,,,,23.77083333333333,23.8125
capgmyo,15,27182,Corr_white,3,0.7,0.2,0.2,,Corr_white|3|0.7|0.2|0.2|None,test,ok,,1.0,1.0,1,48,16,128,,,,30.291666666666668,30.1875
capgmyo,16,27182,Corr_raw,5,0.6,0.2,,,Corr_raw|5|0.6|0.2|None|None,test,ok,,0.75,0.75,0,48,16,128,,,,23.89583333333333,24.125
capgmyo,16,27182,Corr_white,3,0.7,0.2,0.2,,Corr_white|3|0.7|0.2|0.2|None,test,ok,,0.9375,0.9375,1,48,16,128,,,,31.041666666666668,30.75
capgmyo,17,27182,Corr_raw,5,0.6,0.2,,,Corr_raw|5|0.6|0.2|None|None,test,ok,,0.9375,0.9375,0,48,16,127,,,,23.166666666666668,23.4375
capgmyo,17,27182,Corr_white,3,0.7,0.2,0.2,,Corr_white|3|0.7|0.2|0.2|None,test,ok,,1.0,1.0,1,48,16,127,,,,30.89583333333333,30.875
capgmyo,18,27182,Corr_raw,5,0.6,0.2,,,Corr_raw|5|0.6|0.2|None|None,test,ok,,0.8125,0.8125,0,48,16,128,,,,23.729166666666668,23.8125
capgmyo,18,27182,Corr_white,3,0.7,0.2,0.2,,Corr_white|3|0.7|0.2|0.2|None,test,ok,,0.9375,0.9375,1,48,16,128,,,,30.3125,30.75
capgmyo,1,8675309,Corr_raw,5,0.7,0.2,,,Corr_raw|5|0.7|0.2|None|None,test,ok,,1.0,1.0,0,48,16,128,,,,34.270833333333336,34.3125
capgmyo,1,8675309,Corr_white,41,0.7,0.1,0.3,,Corr_white|41|0.7|0.1|0.3|None,test,ok,,1.0,1.0,1,48,16,128,,,,31.416666666666668,31.25
capgmyo,2,8675309,Corr_raw,5,0.7,0.2,,,Corr_raw|5|0.7|0.2|None|None,test,ok,,0.9375,0.9375,0,48,16,128,,,,34.25,34.25
capgmyo,2,8675309,Corr_white,41,0.7,0.1,0.3,,Corr_white|41|0.7|0.1|0.3|None,test,ok,,1.0,1.0,1,48,16,128,,,,30.25,30.3125
capgmyo,3,8675309,Corr_raw,5,0.7,0.2,,,Corr_raw|5|0.7|0.2|None|None,test,ok,,1.0,1.0,0,48,16,128,,,,33.333333333333336,33.3125
capgmyo,3,8675309,Corr_white,41,0.7,0.1,0.3,,Corr_white|41|0.7|0.1|0.3|None,test,ok,,1.0,1.0,1,48,16,128,,,,30.729166666666668,30.875
capgmyo,4,8675309,Corr_raw,5,0.7,0.2,,,Corr_raw|5|0.7|0.2|None|None,test,ok,,0.875,0.875,0,48,16,128,,,,34.3125,34.3125
capgmyo,4,8675309,Corr_white,41,0.7,0.1,0.3,,Corr_white|41|0.7|0.1|0.3|None,test,ok,,0.75,0.75,1,48,16,128,,,,30.64583333333333,30.75
capgmyo,5,8675309,Corr_raw,5,0.7,0.2,,,Corr_raw|5|0.7|0.2|None|None,test,ok,,0.875,0.875,0,48,16,128,,,,34.3125,34.375
capgmyo,5,8675309,Corr_white,41,0.7,0.1,0.3,,Corr_white|41|0.7|0.1|0.3|None,test,ok,,1.0,1.0,1,48,16,128,,,,30.041666666666668,29.9375
capgmyo,6,8675309,Corr_raw,5,0.7,0.2,,,Corr_raw|5|0.7|0.2|None|None,test,ok,,1.0,1.0,0,48,16,128,,,,33.875,33.9375
capgmyo,6,8675309,Corr_white,41,0.7,0.1,0.3,,Corr_white|41|0.7|0.1|0.3|None,test,ok,,0.9375,0.9375,1,48,16,128,,,,30.0625,30.375
capgmyo,7,8675309,Corr_raw,5,0.7,0.2,,,Corr_raw|5|0.7|0.2|None|None,test,ok,,1.0,1.0,0,48,16,128,,,,33.916666666666664,34.0625
capgmyo,7,8675309,Corr_white,41,0.7,0.1,0.3,,Corr_white|41|0.7|0.1|0.3|None,test,ok,,0.9375,0.9375,1,48,16,128,,,,31.45833333333333,31.5
capgmyo,8,8675309,Corr_raw,5,0.7,0.2,,,Corr_raw|5|0.7|0.2|None|None,test,ok,,0.9375,0.9375,0,48,16,128,,,,34.041666666666664,34.125
capgmyo,8,8675309,Corr_white,41,0.7,0.1,0.3,,Corr_white|41|0.7|0.1|0.3|None,test,ok,,0.875,0.875,1,48,16,128,,,,30.104166666666668,30.4375
capgmyo,9,8675309,Corr_raw,5,0.7,0.2,,,Corr_raw|5|0.7|0.2|None|None,test,ok,,0.875,0.875,0,48,16,128,,,,33.6875,34.0
capgmyo,9,8675309,Corr_white,41,0.7,0.1,0.3,,Corr_white|41|0.7|0.1|0.3|None,test,ok,,0.9375,0.9375,1,48,16,128,,,,29.854166666666668,29.875
capgmyo,10,8675309,Corr_raw,5,0.7,0.2,,,Corr_raw|5|0.7|0.2|None|None,test,ok,,0.8125,0.8125,0,48,16,128,,,,34.0625,33.9375
capgmyo,10,8675309,Corr_white,41,0.7,0.1,0.3,,Corr_white|41|0.7|0.1|0.3|None,test,ok,,0.9375,0.9375,1,48,16,128,,,,29.6875,29.9375
capgmyo,11,8675309,Corr_raw,5,0.7,0.2,,,Corr_raw|5|0.7|0.2|None|None,test,ok,,0.9375,0.9375,0,48,16,128,,,,34.229166666666664,34.125
capgmyo,11,8675309,Corr_white,41,0.7,0.1,0.3,,Corr_white|41|0.7|0.1|0.3|None,test,ok,,0.9375,0.9375,1,48,16,128,,,,29.875,30.0625
capgmyo,12,8675309,Corr_raw,5,0.7,0.2,,,Corr_raw|5|0.7|0.2|None|None,test,ok,,0.875,0.875,0,48,16,128,,,,34.125,34.125
capgmyo,12,8675309,Corr_white,41,0.7,0.1,0.3,,Corr_white|41|0.7|0.1|0.3|None,test,ok,,0.9375,0.9375,1,48,16,128,,,,29.33333333333333,29.3125
capgmyo,13,8675309,Corr_raw,5,0.7,0.2,,,Corr_raw|5|0.7|0.2|None|None,test,ok,,1.0,1.0,0,48,16,128,,,,33.583333333333336,34.125
capgmyo,13,8675309,Corr_white,41,0.7,0.1,0.3,,Corr_white|41|0.7|0.1|0.3|None,test,ok,,0.8125,0.8125,1,48,16,128,,,,28.791666666666668,29.375
capgmyo,14,8675309,Corr_raw,5,0.7,0.2,,,Corr_raw|5|0.7|0.2|None|None,test,ok,,0.875,0.875,0,48,16,128,,,,33.479166666666664,33.75
capgmyo,14,8675309,Corr_white,41,0.7,0.1,0.3,,Corr_white|41|0.7|0.1|0.3|None,test,ok,,1.0,1.0,1,48,16,128,,,,30.14583333333333,30.75
capgmyo,15,8675309,Corr_raw,5,0.7,0.2,,,Corr_raw|5|0.7|0.2|None|None,test,ok,,0.8125,0.8125,0,48,16,128,,,,33.895833333333336,34.0625
capgmyo,15,8675309,Corr_white,41,0.7,0.1,0.3,,Corr_white|41|0.7|0.1|0.3|None,test,ok,,0.9375,0.9375,1,48,16,128,,,,29.89583333333333,30.25
capgmyo,16,8675309,Corr_raw,5,0.7,0.2,,,Corr_raw|5|0.7|0.2|None|None,test,ok,,0.8125,0.8125,0,48,16,128,,,,34.416666666666664,34.625
capgmyo,16,8675309,Corr_white,41,0.7,0.1,0.3,,Corr_white|41|0.7|0.1|0.3|None,test,ok,,1.0,1.0,1,48,16,128,,,,30.6875,30.5
capgmyo,17,8675309,Corr_raw,5,0.7,0.2,,,Corr_raw|5|0.7|0.2|None|None,test,ok,,1.0,1.0,0,48,16,127,,,,33.708333333333336,33.625
capgmyo,17,8675309,Corr_white,41,0.7,0.1,0.3,,Corr_white|41|0.7|0.1|0.3|None,test,ok,,1.0,1.0,1,48,16,127,,,,30.791666666666668,31.0
capgmyo,18,8675309,Corr_raw,5,0.7,0.2,,,Corr_raw|5|0.7|0.2|None|None,test,ok,,0.8125,0.8125,0,48,16,128,,,,33.645833333333336,33.8125
capgmyo,18,8675309,Corr_white,41,0.7,0.1,0.3,,Corr_white|41|0.7|0.1|0.3|None,test,ok,,0.9375,0.9375,1,48,16,128,,,,30.166666666666668,30.125
capgmyo,1,104729,Corr_raw,7,0.7,0.2,,,Corr_raw|7|0.7|0.2|None|None,test,ok,,0.9375,0.9375,0,48,16,128,,,,34.145833333333336,34.5625
capgmyo,1,104729,Corr_white,7,0.7,0.1,0.4,,Corr_white|7|0.7|0.1|0.4|None,test,ok,,1.0,1.0,1,48,16,128,,,,31.541666666666668,31.6875
capgmyo,2,104729,Corr_raw,7,0.7,0.2,,,Corr_raw|7|0.7|0.2|None|None,test,ok,,0.875,0.875,0,48,16,128,,,,34.229166666666664,34.0
capgmyo,2,104729,Corr_white,7,0.7,0.1,0.4,,Corr_white|7|0.7|0.1|0.4|None,test,ok,,0.9375,0.9375,1,48,16,128,,,,30.77083333333333,30.4375
capgmyo,3,104729,Corr_raw,7,0.7,0.2,,,Corr_raw|7|0.7|0.2|None|None,test,ok,,1.0,1.0,0,48,16,128,,,,33.354166666666664,33.375
capgmyo,3,104729,Corr_white,7,0.7,0.1,0.4,,Corr_white|7|0.7|0.1|0.4|None,test,ok,,1.0,1.0,1,48,16,128,,,,30.791666666666668,30.9375
capgmyo,4,104729,Corr_raw,7,0.7,0.2,,,Corr_raw|7|0.7|0.2|None|None,test,ok,,0.875,0.875,0,48,16,128,,,,34.333333333333336,34.1875
capgmyo,4,104729,Corr_white,7,0.7,0.1,0.4,,Corr_white|7|0.7|0.1|0.4|None,test,ok,,0.875,0.875,1,48,16,128,,,,30.979166666666668,31.25
capgmyo,5,104729,Corr_raw,7,0.7,0.2,,,Corr_raw|7|0.7|0.2|None|None,test,ok,,0.8125,0.8125,0,48,16,128,,,,34.333333333333336,34.1875
capgmyo,5,104729,Corr_white,7,0.7,0.1,0.4,,Corr_white|7|0.7|0.1|0.4|None,test,ok,,0.75,0.75,1,48,16,128,,,,30.3125,30.3125
capgmyo,6,104729,Corr_raw,7,0.7,0.2,,,Corr_raw|7|0.7|0.2|None|None,test,ok,,1.0,1.0,0,48,16,128,,,,33.9375,33.9375
capgmyo,6,104729,Corr_white,7,0.7,0.1,0.4,,Corr_white|7|0.7|0.1|0.4|None,test,ok,,1.0,1.0,1,48,16,128,,,,30.39583333333333,30.625
capgmyo,7,104729,Corr_raw,7,0.7,0.2,,,Corr_raw|7|0.7|0.2|None|None,test,ok,,0.8125,0.8125,0,48,16,128,,,,33.9375,33.8125
capgmyo,7,104729,Corr_white,7,0.7,0.1,0.4,,Corr_white|7|0.7|0.1|0.4|None,test,ok,,0.9375,0.9375,1,48,16,128,,,,31.729166666666668,31.8125
capgmyo,8,104729,Corr_raw,7,0.7,0.2,,,Corr_raw|7|0.7|0.2|None|None,test,ok,,1.0,1.0,0,48,16,128,,,,34.020833333333336,34.0625
capgmyo,8,104729,Corr_white,7,0.7,0.1,0.4,,Corr_white|7|0.7|0.1|0.4|None,test,ok,,1.0,1.0,1,48,16,128,,,,30.291666666666668,30.8125
capgmyo,9,104729,Corr_raw,7,0.7,0.2,,,Corr_raw|7|0.7|0.2|None|None,test,ok,,0.8125,0.8125,0,48,16,128,,,,33.791666666666664,33.6875
capgmyo,9,104729,Corr_white,7,0.7,0.1,0.4,,Corr_white|7|0.7|0.1|0.4|None,test,ok,,0.8125,0.8125,1,48,16,128,,,,30.125,30.4375
capgmyo,10,104729,Corr_raw,7,0.7,0.2,,,Corr_raw|7|0.7|0.2|None|None,test,ok,,0.9375,0.9375,0,48,16,128,,,,34.020833333333336,34.125
capgmyo,10,104729,Corr_white,7,0.7,0.1,0.4,,Corr_white|7|0.7|0.1|0.4|None,test,ok,,0.875,0.875,1,48,16,128,,,,29.979166666666668,29.875
capgmyo,11,104729,Corr_raw,7,0.7,0.2,,,Corr_raw|7|0.7|0.2|None|None,test,ok,,0.8125,0.8125,0,48,16,128,,,,34.270833333333336,34.25
capgmyo,11,104729,Corr_white,7,0.7,0.1,0.4,,Corr_white|7|0.7|0.1|0.4|None,test,ok,,0.9375,0.9375,1,48,16,128,,,,30.20833333333333,30.1875
capgmyo,12,104729,Corr_raw,7,0.7,0.2,,,Corr_raw|7|0.7|0.2|None|None,test,ok,,0.875,0.875,0,48,16,128,,,,34.0625,34.1875
capgmyo,12,104729,Corr_white,7,0.7,0.1,0.4,,Corr_white|7|0.7|0.1|0.4|None,test,ok,,1.0,1.0,1,48,16,128,,,,29.58333333333333,29.8125
capgmyo,13,104729,Corr_raw,7,0.7,0.2,,,Corr_raw|7|0.7|0.2|None|None,test,ok,,0.875,0.875,0,48,16,128,,,,33.708333333333336,33.6875
capgmyo,13,104729,Corr_white,7,0.7,0.1,0.4,,Corr_white|7|0.7|0.1|0.4|None,test,ok,,0.875,0.875,1,48,16,128,,,,29.25,29.5
capgmyo,14,104729,Corr_raw,7,0.7,0.2,,,Corr_raw|7|0.7|0.2|None|None,test,ok,,1.0,1.0,0,48,16,128,,,,33.458333333333336,33.4375
capgmyo,14,104729,Corr_white,7,0.7,0.1,0.4,,Corr_white|7|0.7|0.1|0.4|None,test,ok,,0.9375,0.9375,1,48,16,128,,,,30.479166666666668,30.6875
capgmyo,15,104729,Corr_raw,7,0.7,0.2,,,Corr_raw|7|0.7|0.2|None|None,test,ok,,0.9375,0.9375,0,48,16,128,,,,33.854166666666664,33.625
capgmyo,15,104729,Corr_white,7,0.7,0.1,0.4,,Corr_white|7|0.7|0.1|0.4|None,test,ok,,0.875,0.875,1,48,16,128,,,,30.20833333333333,30.3125
capgmyo,16,104729,Corr_raw,7,0.7,0.2,,,Corr_raw|7|0.7|0.2|None|None,test,ok,,0.75,0.75,0,48,16,128,,,,34.4375,34.4375
capgmyo,16,104729,Corr_white,7,0.7,0.1,0.4,,Corr_white|7|0.7|0.1|0.4|None,test,ok,,0.8125,0.8125,1,48,16,128,,,,30.916666666666668,30.9375
capgmyo,17,104729,Corr_raw,7,0.7,0.2,,,Corr_raw|7|0.7|0.2|None|None,test,ok,,0.9375,0.9375,0,48,16,127,,,,33.770833333333336,33.5625
capgmyo,17,104729,Corr_white,7,0.7,0.1,0.4,,Corr_white|7|0.7|0.1|0.4|None,test,ok,,0.875,0.875,1,48,16,127,,,,30.854166666666668,31.1875
capgmyo,18,104729,Corr_raw,7,0.7,0.2,,,Corr_raw|7|0.7|0.2|None|None,test,ok,,0.8125,0.8125,0,48,16,128,,,,33.875,33.5625
capgmyo,18,104729,Corr_white,7,0.7,0.1,0.4,,Corr_white|7|0.7|0.1|0.4|None,test,ok,,0.9375,0.9375,1,48,16,128,,,,30.375,30.4375
capgmyo,1,99991,Corr_raw,5,0.7,0.2,,,Corr_raw|5|0.7|0.2|None|None,test,ok,,0.9375,0.9375,0,48,16,128,,,,34.333333333333336,34.25
capgmyo,1,99991,Corr_white,7,0.7,0.1,0.3,,Corr_white|7|0.7|0.1|0.3|None,test,ok,,1.0,1.0,1,48,16,128,,,,31.416666666666668,31.3125
capgmyo,2,99991,Corr_raw,5,0.7,0.2,,,Corr_raw|5|0.7|0.2|None|None,test,ok,,0.8125,0.8125,0,48,16,128,,,,34.166666666666664,34.4375
capgmyo,2,99991,Corr_white,7,0.7,0.1,0.3,,Corr_white|7|0.7|0.1|0.3|None,test,ok,,0.875,0.875,1,48,16,128,,,,30.08333333333333,30.375
capgmyo,3,99991,Corr_raw,5,0.7,0.2,,,Corr_raw|5|0.7|0.2|None|None,test,ok,,1.0,1.0,0,48,16,128,,,,33.375,33.1875
capgmyo,3,99991,Corr_white,7,0.7,0.1,0.3,,Corr_white|7|0.7|0.1|0.3|None,test,ok,,1.0,1.0,1,48,16,128,,,,30.8125,31.0
capgmyo,4,99991,Corr_raw,5,0.7,0.2,,,Corr_raw|5|0.7|0.2|None|None,test,ok,,0.875,0.875,0,48,16,128,,,,34.291666666666664,34.25
capgmyo,4,99991,Corr_white,7,0.7,0.1,0.3,,Corr_white|7|0.7|0.1|0.3|None,test,ok,,0.8125,0.8125,1,48,16,128,,,,30.64583333333333,30.75
capgmyo,5,99991,Corr_raw,5,0.7,0.2,,,Corr_raw|5|0.7|0.2|None|None,test,ok,,0.8125,0.8125,0,48,16,128,,,,34.270833333333336,34.4375
capgmyo,5,99991,Corr_white,7,0.7,0.1,0.3,,Corr_white|7|0.7|0.1|0.3|None,test,ok,,0.8125,0.8125,1,48,16,128,,,,30.104166666666668,30.0
capgmyo,6,99991,Corr_raw,5,0.7,0.2,,,Corr_raw|5|0.7|0.2|None|None,test,ok,,1.0,1.0,0,48,16,128,,,,33.958333333333336,33.8125
capgmyo,6,99991,Corr_white,7,0.7,0.1,0.3,,Corr_white|7|0.7|0.1|0.3|None,test,ok,,1.0,1.0,1,48,16,128,,,,30.104166666666668,29.9375
capgmyo,7,99991,Corr_raw,5,0.7,0.2,,,Corr_raw|5|0.7|0.2|None|None,test,ok,,0.875,0.875,0,48,16,128,,,,34.0,33.75
capgmyo,7,99991,Corr_white,7,0.7,0.1,0.3,,Corr_white|7|0.7|0.1|0.3|None,test,ok,,0.9375,0.9375,1,48,16,128,,,,31.52083333333333,31.5625
capgmyo,8,99991,Corr_raw,5,0.7,0.2,,,Corr_raw|5|0.7|0.2|None|None,test,ok,,1.0,1.0,0,48,16,128,,,,34.083333333333336,33.875
capgmyo,8,99991,Corr_white,7,0.7,0.1,0.3,,Corr_white|7|0.7|0.1|0.3|None,test,ok,,0.875,0.875,1,48,16,128,,,,30.08333333333333,30.5625
capgmyo,9,99991,Corr_raw,5,0.7,0.2,,,Corr_raw|5|0.7|0.2|None|None,test,ok,,0.9375,0.9375,0,48,16,128,,,,33.770833333333336,33.9375
capgmyo,9,99991,Corr_white,7,0.7,0.1,0.3,,Corr_white|7|0.7|0.1|0.3|None,test,ok,,1.0,1.0,1,48,16,128,,,,29.979166666666668,30.125
capgmyo,10,99991,Corr_raw,5,0.7,0.2,,,Corr_raw|5|0.7|0.2|None|None,test,ok,,0.8125,0.8125,0,48,16,128,,,,34.104166666666664,33.9375
capgmyo,10,99991,Corr_white,7,0.7,0.1,0.3,,Corr_white|7|0.7|0.1|0.3|None,test,ok,,0.75,0.75,1,48,16,128,,,,29.6875,29.875
capgmyo,11,99991,Corr_raw,5,0.7,0.2,,,Corr_raw|5|0.7|0.2|None|None,test,ok,,0.8125,0.8125,0,48,16,128,,,,34.166666666666664,34.375
capgmyo,11,99991,Corr_white,7,0.7,0.1,0.3,,Corr_white|7|0.7|0.1|0.3|None,test,ok,,0.875,0.875,1,48,16,128,,,,29.75,30.125
capgmyo,12,99991,Corr_raw,5,0.7,0.2,,,Corr_raw|5|0.7|0.2|None|None,test,ok,,0.9375,0.9375,0,48,16,128,,,,34.166666666666664,34.1875
capgmyo,12,99991,Corr_white,7,0.7,0.1,0.3,,Corr_white|7|0.7|0.1|0.3|None,test,ok,,0.8125,0.8125,1,48,16,128,,,,29.166666666666668,29.5625
capgmyo,13,99991,Corr_raw,5,0.7,0.2,,,Corr_raw|5|0.7|0.2|None|None,test,ok,,0.75,0.75,0,48,16,128,,,,33.708333333333336,33.875
capgmyo,13,99991,Corr_white,7,0.7,0.1,0.3,,Corr_white|7|0.7|0.1|0.3|None,test,ok,,1.0,1.0,1,48,16,128,,,,29.041666666666668,29.0625
capgmyo,14,99991,Corr_raw,5,0.7,0.2,,,Corr_raw|5|0.7|0.2|None|None,test,ok,,0.875,0.875,0,48,16,128,,,,33.541666666666664,33.4375
capgmyo,14,99991,Corr_white,7,0.7,0.1,0.3,,Corr_white|7|0.7|0.1|0.3|None,test,ok,,1.0,1.0,1,48,16,128,,,,30.229166666666668,30.375
capgmyo,15,99991,Corr_raw,5,0.7,0.2,,,Corr_raw|5|0.7|0.2|None|None,test,ok,,1.0,1.0,0,48,16,128,,,,33.9375,33.625
capgmyo,15,99991,Corr_white,7,0.7,0.1,0.3,,Corr_white|7|0.7|0.1|0.3|None,test,ok,,0.9375,0.9375,1,48,16,128,,,,30.02083333333333,30.0
capgmyo,16,99991,Corr_raw,5,0.7,0.2,,,Corr_raw|5|0.7|0.2|None|None,test,ok,,0.8125,0.8125,0,48,16,128,,,,34.458333333333336,34.375
capgmyo,16,99991,Corr_white,7,0.7,0.1,0.3,,Corr_white|7|0.7|0.1|0.3|None,test,ok,,0.875,0.875,1,48,16,128,,,,30.604166666666668,31.125
capgmyo,17,99991,Corr_raw,5,0.7,0.2,,,Corr_raw|5|0.7|0.2|None|None,test,ok,,1.0,1.0,0,48,16,127,,,,33.666666666666664,33.6875
capgmyo,17,99991,Corr_white,7,0.7,0.1,0.3,,Corr_white|7|0.7|0.1|0.3|None,test,ok,,1.0,1.0,1,48,16,127,,,,30.70833333333333,31.0
capgmyo,18,99991,Corr_raw,5,0.7,0.2,,,Corr_raw|5|0.7|0.2|None|None,test,ok,,0.875,0.875,0,48,16,128,,,,33.770833333333336,33.6875
capgmyo,18,99991,Corr_white,7,0.7,0.1,0.3,,Corr_white|7|0.7|0.1|0.3|None,test,ok,,0.9375,0.9375,1,48,16,128,,,,30.14583333333333,30.125
flex,1,42,Corr_raw,1,0.7,0.2,,,Corr_raw|1|0.7|0.2|None|None,test,ok,,0.9,0.9,0,56,20,64,,,,20.071428571428573,20.4
flex,1,42,Corr_white,5,0.7,0.1,0.4,,Corr_white|5|0.7|0.1|0.4|None,test,ok,,0.9,0.9,1,56,20,64,,,,16.589285714285715,16.85
flex,2,42,Corr_raw,1,0.7,0.2,,,Corr_raw|1|0.7|0.2|None|None,test,ok,,0.9,0.9,0,60,20,64,,,,20.1,19.6
flex,2,42,Corr_white,5,0.7,0.1,0.4,,Corr_white|5|0.7|0.1|0.4|None,test,ok,,0.9,0.9,1,60,20,64,,,,17.6,17.9
flex,3,42,Corr_raw,1,0.7,0.2,,,Corr_raw|1|0.7|0.2|None|None,test,ok,,0.85,0.85,0,60,20,64,,,,20.6,20.65
flex,3,42,Corr_white,5,0.7,0.1,0.4,,Corr_white|5|0.7|0.1|0.4|None,test,ok,,0.95,0.95,1,60,20,64,,,,18.516666666666666,18.5
flex,4,42,Corr_raw,1,0.7,0.2,,,Corr_raw|1|0.7|0.2|None|None,test,ok,,0.85,0.85,0,60,20,64,,,,20.166666666666668,20.25
flex,4,42,Corr_white,5,0.7,0.1,0.4,,Corr_white|5|0.7|0.1|0.4|None,test,ok,,0.8,0.8,1,60,20,64,,,,15.016666666666667,15.05
flex,5,42,Corr_raw,1,0.7,0.2,,,Corr_raw|1|0.7|0.2|None|None,test,ok,,0.85,0.85,0,59,20,64,,,,20.338983050847457,20.35
flex,5,42,Corr_white,5,0.7,0.1,0.4,,Corr_white|5|0.7|0.1|0.4|None,test,ok,,0.95,0.95,1,59,20,64,,,,16.796610169491526,16.55
flex,6,42,Corr_raw,1,0.7,0.2,,,Corr_raw|1|0.7|0.2|None|None,test,ok,,0.95,0.95,0,60,20,64,,,,19.58333333333333,19.65
flex,6,42,Corr_white,5,0.7,0.1,0.4,,Corr_white|5|0.7|0.1|0.4|None,test,ok,,1.0,1.0,1,60,20,64,,,,17.066666666666666,17.05
flex,7,42,Corr_raw,1,0.7,0.2,,,Corr_raw|1|0.7|0.2|None|None,test,ok,,1.0,1.0,0,60,20,64,,,,20.183333333333334,20.2
flex,7,42,Corr_white,5,0.7,0.1,0.4,,Corr_white|5|0.7|0.1|0.4|None,test,ok,,0.95,0.95,1,60,20,64,,,,17.416666666666668,17.5
flex,8,42,Corr_raw,1,0.7,0.2,,,Corr_raw|1|0.7|0.2|None|None,test,ok,,0.75,0.75,0,60,20,64,,,,20.3,20.4
flex,8,42,Corr_white,5,0.7,0.1,0.4,,Corr_white|5|0.7|0.1|0.4|None,test,ok,,0.9,0.9,1,60,20,64,,,,17.866666666666667,17.85
flex,9,42,Corr_raw,1,0.7,0.2,,,Corr_raw|1|0.7|0.2|None|None,test,ok,,0.95,0.95,0,56,20,64,,,,20.25,20.25
flex,9,42,Corr_white,5,0.7,0.1,0.4,,Corr_white|5|0.7|0.1|0.4|None,test,ok,,0.95,0.95,1,56,20,64,,,,17.142857142857142,17.1
flex,10,42,Corr_raw,1,0.7,0.2,,,Corr_raw|1|0.7|0.2|None|None,test,ok,,0.95,0.95,0,60,20,64,,,,20.45,20.15
flex,10,42,Corr_white,5,0.7,0.1,0.4,,Corr_white|5|0.7|0.1|0.4|None,test,ok,,0.95,0.95,1,60,20,64,,,,17.733333333333334,18.35
flex,11,42,Corr_raw,1,0.7,0.2,,,Corr_raw|1|0.7|0.2|None|None,test,ok,,0.85,0.85,0,57,20,64,,,,19.771929824561404,19.75
flex,11,42,Corr_white,5,0.7,0.1,0.4,,Corr_white|5|0.7|0.1|0.4|None,test,ok,,0.9,0.9,1,57,20,64,,,,17.017543859649123,17.1
flex,12,42,Corr_raw,1,0.7,0.2,,,Corr_raw|1|0.7|0.2|None|None,test,ok,,0.95,0.95,0,56,20,64,,,,20.125,20.2
flex,12,42,Corr_white,5,0.7,0.1,0.4,,Corr_white|5|0.7|0.1|0.4|None,test,ok,,0.9,0.9,1,56,20,64,,,,18.857142857142858,18.65
flex,13,42,Corr_raw,1,0.7,0.2,,,Corr_raw|1|0.7|0.2|None|None,test,ok,,0.95,0.95,0,57,20,64,,,,20.105263157894736,19.9
flex,13,42,Corr_white,5,0.7,0.1,0.4,,Corr_white|5|0.7|0.1|0.4|None,test,ok,,0.9,0.9,1,57,20,64,,,,17.24561403508772,17.4
flex,1,123,Corr_raw,5,0.7,0.2,,,Corr_raw|5|0.7|0.2|None|None,test,ok,,0.9,0.9,0,56,20,64,,,,20.178571428571427,20.25
flex,1,123,Corr_white,3,0.6,0.2,0.3,,Corr_white|3|0.6|0.2|0.3|None,test,ok,,0.95,0.95,1,56,20,64,,,,11.696428571428571,11.9
flex,2,123,Corr_raw,5,0.7,0.2,,,Corr_raw|5|0.7|0.2|None|None,test,ok,,0.9,0.9,0,60,20,64,,,,19.966666666666665,20.1
flex,2,123,Corr_white,3,0.6,0.2,0.3,,Corr_white|3|0.6|0.2|0.3|None,test,ok,,1.0,1.0,1,60,20,64,,,,12.85,12.35
flex,3,123,Corr_raw,5,0.7,0.2,,,Corr_raw|5|0.7|0.2|None|None,test,ok,,0.85,0.85,0,60,20,64,,,,20.633333333333333,20.55
flex,3,123,Corr_white,3,0.6,0.2,0.3,,Corr_white|3|0.6|0.2|0.3|None,test,ok,,0.9,0.9,1,60,20,64,,,,13.366666666666667,13.5
flex,4,123,Corr_raw,5,0.7,0.2,,,Corr_raw|5|0.7|0.2|None|None,test,ok,,0.85,0.85,0,60,20,64,,,,20.216666666666665,20.1
flex,4,123,Corr_white,3,0.6,0.2,0.3,,Corr_white|3|0.6|0.2|0.3|None,test,ok,,0.9,0.9,1,60,20,64,,,,10.383333333333333,10.95
flex,5,123,Corr_raw,5,0.7,0.2,,,Corr_raw|5|0.7|0.2|None|None,test,ok,,0.75,0.75,0,59,20,64,,,,20.440677966101696,20.15
flex,5,123,Corr_white,3,0.6,0.2,0.3,,Corr_white|3|0.6|0.2|0.3|None,test,ok,,1.0,1.0,1,59,20,64,,,,11.966101694915254,12.15
flex,6,123,Corr_raw,5,0.7,0.2,,,Corr_raw|5|0.7|0.2|None|None,test,ok,,0.95,0.95,0,60,20,64,,,,19.65,19.55
flex,6,123,Corr_white,3,0.6,0.2,0.3,,Corr_white|3|0.6|0.2|0.3|None,test,ok,,0.95,0.95,1,60,20,64,,,,12.366666666666667,12.4
flex,7,123,Corr_raw,5,0.7,0.2,,,Corr_raw|5|0.7|0.2|None|None,test,ok,,0.9,0.9,0,60,20,64,,,,20.25,20.3
flex,7,123,Corr_white,3,0.6,0.2,0.3,,Corr_white|3|0.6|0.2|0.3|None,test,ok,,0.85,0.85,1,60,20,64,,,,12.933333333333334,13.0
flex,8,123,Corr_raw,5,0.7,0.2,,,Corr_raw|5|0.7|0.2|None|None,test,ok,,0.85,0.85,0,60,20,64,,,,20.316666666666663,20.4
flex,8,123,Corr_white,3,0.6,0.2,0.3,,Corr_white|3|0.6|0.2|0.3|None,test,ok,,1.0,1.0,1,60,20,64,,,,13.033333333333331,12.65
flex,9,123,Corr_raw,5,0.7,0.2,,,Corr_raw|5|0.7|0.2|None|None,test,ok,,0.95,0.95,0,56,20,64,,,,20.285714285714285,20.25
flex,9,123,Corr_white,3,0.6,0.2,0.3,,Corr_white|3|0.6|0.2|0.3|None,test,ok,,0.95,0.95,1,56,20,64,,,,12.160714285714286,12.45
flex,10,123,Corr_raw,5,0.7,0.2,,,Corr_raw|5|0.7|0.2|None|None,test,ok,,1.0,1.0,0,60,20,64,,,,20.366666666666667,20.2
flex,10,123,Corr_white,3,0.6,0.2,0.3,,Corr_white|3|0.6|0.2|0.3|None,test,ok,,1.0,1.0,1,60,20,64,,,,13.05,13.2
flex,11,123,Corr_raw,5,0.7,0.2,,,Corr_raw|5|0.7|0.2|None|None,test,ok,,0.85,0.85,0,57,20,64,,,,19.84210526315789,19.8
flex,11,123,Corr_white,3,0.6,0.2,0.3,,Corr_white|3|0.6|0.2|0.3|None,test,ok,,0.95,0.95,1,57,20,64,,,,12.421052631578949,12.25
flex,12,123,Corr_raw,5,0.7,0.2,,,Corr_raw|5|0.7|0.2|None|None,test,ok,,0.95,0.95,0,56,20,64,,,,20.125,20.25
flex,12,123,Corr_white,3,0.6,0.2,0.3,,Corr_white|3|0.6|0.2|0.3|None,test,ok,,0.9,0.9,1,56,20,64,,,,13.607142857142858,13.9
flex,13,123,Corr_raw,5,0.7,0.2,,,Corr_raw|5|0.7|0.2|None|None,test,ok,,0.75,0.75,0,57,20,64,,,,19.912280701754387,19.9
flex,13,123,Corr_white,3,0.6,0.2,0.3,,Corr_white|3|0.6|0.2|0.3|None,test,ok,,0.8,0.8,1,57,20,64,,,,12.614035087719298,12.9
flex,1,456,Corr_raw,1,0.7,0.1,,,Corr_raw|1|0.7|0.1|None|None,test,ok,,1.0,1.0,0,56,20,64,,,,19.892857142857142,19.85
flex,1,456,Corr_white,3,0.7,0.1,0.1,,Corr_white|3|0.7|0.1|0.1|None,test,ok,,0.95,0.95,1,56,20,64,,,,15.482142857142858,15.5
flex,2,456,Corr_raw,1,0.7,0.1,,,Corr_raw|1|0.7|0.1|None|None,test,ok,,0.95,0.95,0,60,20,64,,,,19.633333333333333,19.45
flex,2,456,Corr_white,3,0.7,0.1,0.1,,Corr_white|3|0.7|0.1|0.1|None,test,ok,,0.95,0.95,1,60,20,64,,,,16.766666666666666,16.75
flex,3,456,Corr_raw,1,0.7,0.1,,,Corr_raw|1|0.7|0.1|None|None,test,ok,,0.95,0.95,0,60,20,64,,,,20.35,20.25
flex,3,456,Corr_white,3,0.7,0.1,0.1,,Corr_white|3|0.7|0.1|0.1|None,test,ok,,0.95,0.95,1,60,20,64,,,,17.666666666666668,17.8
flex,4,456,Corr_raw,1,0.7,0.1,,,Corr_raw|1|0.7|0.1|None|None,test,ok,,0.9,0.9,0,60,20,64,,,,19.75,19.7
flex,4,456,Corr_white,3,0.7,0.1,0.1,,Corr_white|3|0.7|0.1|0.1|None,test,ok,,0.95,0.95,1,60,20,64,,,,13.716666666666669,13.65
flex,5,456,Corr_raw,1,0.7,0.1,,,Corr_raw|1|0.7|0.1|None|None,test,ok,,0.95,0.95,0,59,20,64,,,,20.06779661016949,19.75
flex,5,456,Corr_white,3,0.7,0.1,0.1,,Corr_white|3|0.7|0.1|0.1|None,test,ok,,0.9,0.9,1,59,20,64,,,,15.677966101694915,16.1
flex,6,456,Corr_raw,1,0.7,0.1,,,Corr_raw|1|0.7|0.1|None|None,test,ok,,0.8,0.8,0,60,20,64,,,,19.266666666666666,19.6
flex,6,456,Corr_white,3,0.7,0.1,0.1,,Corr_white|3|0.7|0.1|0.1|None,test,ok,,0.95,0.95,1,60,20,64,,,,16.166666666666668,16.1
flex,7,456,Corr_raw,1,0.7,0.1,,,Corr_raw|1|0.7|0.1|None|None,test,ok,,0.85,0.85,0,60,20,64,,,,19.966666666666665,19.85
flex,7,456,Corr_white,3,0.7,0.1,0.1,,Corr_white|3|0.7|0.1|0.1|None,test,ok,,0.8,0.8,1,60,20,64,,,,16.583333333333332,16.55
flex,8,456,Corr_raw,1,0.7,0.1,,,Corr_raw|1|0.7|0.1|None|None,test,ok,,0.9,0.9,0,60,20,64,,,,20.016666666666666,20.0
flex,8,456,Corr_white,3,0.7,0.1,0.1,,Corr_white|3|0.7|0.1|0.1|None,test,ok,,0.9,0.9,1,60,20,64,,,,16.583333333333332,17.3
flex,9,456,Corr_raw,1,0.7,0.1,,,Corr_raw|1|0.7|0.1|None|None,test,ok,,0.8,0.8,0,56,20,64,,,,19.910714285714285,19.9
flex,9,456,Corr_white,3,0.7,0.1,0.1,,Corr_white|3|0.7|0.1|0.1|None,test,ok,,0.95,0.95,1,56,20,64,,,,16.071428571428573,16.3
flex,10,456,Corr_raw,1,0.7,0.1,,,Corr_raw|1|0.7|0.1|None|None,test,ok,,0.95,0.95,0,60,20,64,,,,20.133333333333333,20.0
flex,10,456,Corr_white,3,0.7,0.1,0.1,,Corr_white|3|0.7|0.1|0.1|None,test,ok,,1.0,1.0,1,60,20,64,,,,16.883333333333333,16.9
flex,11,456,Corr_raw,1,0.7,0.1,,,Corr_raw|1|0.7|0.1|None|None,test,ok,,0.85,0.85,0,57,20,64,,,,19.54385964912281,19.45
flex,11,456,Corr_white,3,0.7,0.1,0.1,,Corr_white|3|0.7|0.1|0.1|None,test,ok,,0.95,0.95,1,57,20,64,,,,15.982456140350877,16.2
flex,12,456,Corr_raw,1,0.7,0.1,,,Corr_raw|1|0.7|0.1|None|None,test,ok,,0.95,0.95,0,56,20,64,,,,19.607142857142858,19.9
flex,12,456,Corr_white,3,0.7,0.1,0.1,,Corr_white|3|0.7|0.1|0.1|None,test,ok,,0.95,0.95,1,56,20,64,,,,17.839285714285715,17.5
flex,13,456,Corr_raw,1,0.7,0.1,,,Corr_raw|1|0.7|0.1|None|None,test,ok,,0.85,0.85,0,57,20,64,,,,19.54385964912281,19.35
flex,13,456,Corr_white,3,0.7,0.1,0.1,,Corr_white|3|0.7|0.1|0.1|None,test,ok,,0.75,0.75,1,57,20,64,,,,16.50877192982456,16.65
flex,1,789,Corr_raw,5,0.7,0.1,,,Corr_raw|5|0.7|0.1|None|None,test,ok,,0.9,0.9,0,56,20,64,,,,20.017857142857142,19.95
flex,1,789,Corr_white,3,0.7,0.1,0.2,,Corr_white|3|0.7|0.1|0.2|None,test,ok,,0.95,0.95,1,56,20,64,,,,16.035714285714285,15.95
flex,2,789,Corr_raw,5,0.7,0.1,,,Corr_raw|5|0.7|0.1|None|None,test,ok,,0.85,0.85,0,60,20,64,,,,19.58333333333333,19.6
flex,2,789,Corr_white,3,0.7,0.1,0.2,,Corr_white|3|0.7|0.1|0.2|None,test,ok,,1.0,1.0,1,60,20,64,,,,17.133333333333333,16.9
flex,3,789,Corr_raw,5,0.7,0.1,,,Corr_raw|5|0.7|0.1|None|None,test,ok,,0.7,0.7,0,60,20,64,,,,20.3,20.5
flex,3,789,Corr_white,3,0.7,0.1,0.2,,Corr_white|3|0.7|0.1|0.2|None,test,ok,,1.0,1.0,1,60,20,64,,,,18.016666666666666,17.95
flex,4,789,Corr_raw,5,0.7,0.1,,,Corr_raw|5|0.7|0.1|None|None,test,ok,,0.85,0.85,0,60,20,64,,,,19.78333333333333,19.55
flex,4,789,Corr_white,3,0.7,0.1,0.2,,Corr_white|3|0.7|0.1|0.2|None,test,ok,,0.85,0.85,1,60,20,64,,,,14.45,14.3
flex,5,789,Corr_raw,5,0.7,0.1,,,Corr_raw|5|0.7|0.1|None|None,test,ok,,0.85,0.85,0,59,20,64,,,,19.88135593220339,20.1
flex,5,789,Corr_white,3,0.7,0.1,0.2,,Corr_white|3|0.7|0.1|0.2|None,test,ok,,0.85,0.85,1,59,20,64,,,,16.16949152542373,16.2
flex,6,789,Corr_raw,5,0.7,0.1,,,Corr_raw|5|0.7|0.1|None|None,test,ok,,1.0,1.0,0,60,20,64,,,,19.383333333333333,19.4
flex,6,789,Corr_white,3,0.7,0.1,0.2,,Corr_white|3|0.7|0.1|0.2|None,test,ok,,1.0,1.0,1,60,20,64,,,,16.666666666666668,16.75
flex,7,789,Corr_raw,5,0.7,0.1,,,Corr_raw|5|0.7|0.1|None|None,test,ok,,0.8,0.8,0,60,20,64,,,,19.98333333333333,19.95
flex,7,789,Corr_white,3,0.7,0.1,0.2,,Corr_white|3|0.7|0.1|0.2|None,test,ok,,1.0,1.0,1,60,20,64,,,,17.116666666666667,17.15
flex,8,789,Corr_raw,5,0.7,0.1,,,Corr_raw|5|0.7|0.1|None|None,test,ok,,0.85,0.85,0,60,20,64,,,,20.066666666666663,19.95
flex,8,789,Corr_white,3,0.7,0.1,0.2,,Corr_white|3|0.7|0.1|0.2|None,test,ok,,0.95,0.95,1,60,20,64,,,,17.0,17.45
flex,9,789,Corr_raw,5,0.7,0.1,,,Corr_raw|5|0.7|0.1|None|None,test,ok,,0.95,0.95,0,56,20,64,,,,19.910714285714285,19.85
flex,9,789,Corr_white,3,0.7,0.1,0.2,,Corr_white|3|0.7|0.1|0.2|None,test,ok,,1.0,1.0,1,56,20,64,,,,16.571428571428573,16.55
flex,10,789,Corr_raw,5,0.7,0.1,,,Corr_raw|5|0.7|0.1|None|None,test,ok,,0.95,0.95,0,60,20,64,,,,20.066666666666663,20.05
flex,10,789,Corr_white,3,0.7,0.1,0.2,,Corr_white|3|0.7|0.1|0.2|None,test,ok,,1.0,1.0,1,60,20,64,,,,17.333333333333332,17.55
flex,11,789,Corr_raw,5,0.7,0.1,,,Corr_raw|5|0.7|0.1|None|None,test,ok,,0.95,0.95,0,57,20,64,,,,19.666666666666668,19.15
flex,11,789,Corr_white,3,0.7,0.1,0.2,,Corr_white|3|0.7|0.1|0.2|None,test,ok,,0.9,0.9,1,57,20,64,,,,16.842105263157894,17.05
flex,12,789,Corr_raw,5,0.7,0.1,,,Corr_raw|5|0.7|0.1|None|None,test,ok,,0.9,0.9,0,56,20,64,,,,19.714285714285715,19.85
flex,12,789,Corr_white,3,0.7,0.1,0.2,,Corr_white|3|0.7|0.1|0.2|None,test,ok,,0.95,0.95,1,56,20,64,,,,17.928571428571427,17.7
flex,13,789,Corr_raw,5,0.7,0.1,,,Corr_raw|5|0.7|0.1|None|None,test,ok,,0.8,0.8,0,57,20,64,,,,19.61403508771929,19.65
flex,13,789,Corr_white,3,0.7,0.1,0.2,,Corr_white|3|0.7|0.1|0.2|None,test,ok,,0.9,0.9,1,57,20,64,,,,16.614035087719298,16.95
flex,1,2022,Corr_raw,5,0.7,0.1,,,Corr_raw|5|0.7|0.1|None|None,test,ok,,0.95,0.95,0,56,20,64,,,,19.982142857142858,20.0
flex,1,2022,Corr_white,1,0.7,0.2,0.3,,Corr_white|1|0.7|0.2|0.3|None,test,ok,,0.95,0.95,1,56,20,64,,,,16.892857142857142,16.9
flex,2,2022,Corr_raw,5,0.7,0.1,,,Corr_raw|5|0.7|0.1|None|None,test,ok,,0.95,0.95,0,60,20,64,,,,19.75,19.15
flex,2,2022,Corr_white,1,0.7,0.2,0.3,,Corr_white|1|0.7|0.2|0.3|None,test,ok,,0.95,0.95,1,60,20,64,,,,17.95,18.05
flex,3,2022,Corr_raw,5,0.7,0.1,,,Corr_raw|5|0.7|0.1|None|None,test,ok,,0.95,0.95,0,60,20,64,,,,20.4,20.1
flex,3,2022,Corr_white,1,0.7,0.2,0.3,,Corr_white|1|0.7|0.2|0.3|None,test,ok,,0.85,0.85,1,60,20,64,,,,18.683333333333334,18.8
flex,4,2022,Corr_raw,5,0.7,0.1,,,Corr_raw|5|0.7|0.1|None|None,test,ok,,0.8,0.8,0,60,20,64,,,,19.58333333333333,19.9
flex,4,2022,Corr_white,1,0.7,0.2,0.3,,Corr_white|1|0.7|0.2|0.3|None,test,ok,,0.9,0.9,1,60,20,64,,,,15.116666666666667,15.75
flex,5,2022,Corr_raw,5,0.7,0.1,,,Corr_raw|5|0.7|0.1|None|None,test,ok,,0.75,0.75,0,59,20,64,,,,19.983050847457623,19.85
flex,5,2022,Corr_white,1,0.7,0.2,0.3,,Corr_white|1|0.7|0.2|0.3|None,test,ok,,1.0,1.0,1,59,20,64,,,,17.135593220338983,16.9
flex,6,2022,Corr_raw,5,0.7,0.1,,,Corr_raw|5|0.7|0.1|None|None,test,ok,,0.95,0.95,0,60,20,64,,,,19.4,19.25
flex,6,2022,Corr_white,1,0.7,0.2,0.3,,Corr_white|1|0.7|0.2|0.3|None,test,ok,,1.0,1.0,1,60,20,64,,,,17.616666666666667,17.6
flex,7,2022,Corr_raw,5,0.7,0.1,,,Corr_raw|5|0.7|0.1|None|None,test,ok,,0.9,0.9,0,60,20,64,,,,20.016666666666666,19.9
flex,7,2022,Corr_white,1,0.7,0.2,0.3,,Corr_white|1|0.7|0.2|0.3|None,test,ok,,0.85,0.85,1,60,20,64,,,,18.05,18.1
flex,8,2022,Corr_raw,5,0.7,0.1,,,Corr_raw|5|0.7|0.1|None|None,test,ok,,1.0,1.0,0,60,20,64,,,,20.1,19.85
flex,8,2022,Corr_white,1,0.7,0.2,0.3,,Corr_white|1|0.7|0.2|0.3|None,test,ok,,0.95,0.95,1,60,20,64,,,,18.05,18.05
flex,9,2022,Corr_raw,5,0.7,0.1,,,Corr_raw|5|0.7|0.1|None|None,test,ok,,0.9,0.9,0,56,20,64,,,,19.910714285714285,19.95
flex,9,2022,Corr_white,1,0.7,0.2,0.3,,Corr_white|1|0.7|0.2|0.3|None,test,ok,,0.9,0.9,1,56,20,64,,,,17.392857142857142,17.65
flex,10,2022,Corr_raw,5,0.7,0.1,,,Corr_raw|5|0.7|0.1|None|None,test,ok,,1.0,1.0,0,60,20,64,,,,20.133333333333333,20.05
flex,10,2022,Corr_white,1,0.7,0.2,0.3,,Corr_white|1|0.7|0.2|0.3|None,test,ok,,0.9,0.9,1,60,20,64,,,,18.08333333333333,18.4
flex,11,2022,Corr_raw,5,0.7,0.1,,,Corr_raw|5|0.7|0.1|None|None,test,ok,,0.85,0.85,0,57,20,64,,,,19.59649122807017,19.2
flex,11,2022,Corr_white,1,0.7,0.2,0.3,,Corr_white|1|0.7|0.2|0.3|None,test,ok,,0.85,0.85,1,57,20,64,,,,17.45614035087719,17.35
flex,12,2022,Corr_raw,5,0.7,0.1,,,Corr_raw|5|0.7|0.1|None|None,test,ok,,0.95,0.95,0,56,20,64,,,,19.660714285714285,19.95
flex,12,2022,Corr_white,1,0.7,0.2,0.3,,Corr_white|1|0.7|0.2|0.3|None,test,ok,,0.85,0.85,1,56,20,64,,,,18.928571428571427,18.95
flex,13,2022,Corr_raw,5,0.7,0.1,,,Corr_raw|5|0.7|0.1|None|None,test,ok,,0.9,0.9,0,57,20,64,,,,19.771929824561404,19.4
flex,13,2022,Corr_white,1,0.7,0.2,0.3,,Corr_white|1|0.7|0.2|0.3|None,test,ok,,0.9,0.9,1,57,20,64,,,,17.596491228070175,17.85
flex,1,31415,Corr_raw,5,0.6,0.3,,,Corr_raw|5|0.6|0.3|None|None,test,ok,,0.9,0.9,0,56,20,64,,,,15.821428571428571,15.7
flex,1,31415,Corr_white,3,0.6,0.3,0.3,,Corr_white|3|0.6|0.3|0.3|None,test,ok,,1.0,1.0,1,56,20,64,,,,12.035714285714286,12.3
flex,2,31415,Corr_raw,5,0.6,0.3,,,Corr_raw|5|0.6|0.3|None|None,test,ok,,0.95,0.95,0,60,20,64,,,,15.283333333333331,15.4
flex,2,31415,Corr_white,3,0.6,0.3,0.3,,Corr_white|3|0.6|0.3|0.3|None,test,ok,,0.95,0.95,1,60,20,64,,,,13.1,13.15
flex,3,31415,Corr_raw,5,0.6,0.3,,,Corr_raw|5|0.6|0.3|None|None,test,ok,,0.85,0.85,0,60,20,64,,,,15.716666666666669,15.95
flex,3,31415,Corr_white,3,0.6,0.3,0.3,,Corr_white|3|0.6|0.3|0.3|None,test,ok,,1.0,1.0,1,60,20,64,,,,13.766666666666667,13.8
flex,4,31415,Corr_raw,5,0.6,0.3,,,Corr_raw|5|0.6|0.3|None|None,test,ok,,0.7,0.7,0,60,20,64,,,,15.7,15.5
flex,4,31415,Corr_white,3,0.6,0.3,0.3,,Corr_white|3|0.6|0.3|0.3|None,test,ok,,0.75,0.75,1,60,20,64,,,,10.833333333333334,10.95
flex,5,31415,Corr_raw,5,0.6,0.3,,,Corr_raw|5|0.6|0.3|None|None,test,ok,,0.8,0.8,0,59,20,64,,,,15.59322033898305,15.6
flex,5,31415,Corr_white,3,0.6,0.3,0.3,,Corr_white|3|0.6|0.3|0.3|None,test,ok,,0.9,0.9,1,59,20,64,,,,12.322033898305085,12.35
flex,6,31415,Corr_raw,5,0.6,0.3,,,Corr_raw|5|0.6|0.3|None|None,test,ok,,0.9,0.9,0,60,20,64,,,,15.366666666666667,15.2
flex,6,31415,Corr_white,3,0.6,0.3,0.3,,Corr_white|3|0.6|0.3|0.3|None,test,ok,,1.0,1.0,1,60,20,64,,,,12.566666666666666,12.8
flex,7,31415,Corr_raw,5,0.6,0.3,,,Corr_raw|5|0.6|0.3|None|None,test,ok,,0.85,0.85,0,60,20,64,,,,15.566666666666666,15.75
flex,7,31415,Corr_white,3,0.6,0.3,0.3,,Corr_white|3|0.6|0.3|0.3|None,test,ok,,0.85,0.85,1,60,20,64,,,,13.283333333333331,13.4
flex,8,31415,Corr_raw,5,0.6,0.3,,,Corr_raw|5|0.6|0.3|None|None,test,ok,,0.75,0.75,0,60,20,64,,,,15.633333333333333,15.75
flex,8,31415,Corr_white,3,0.6,0.3,0.3,,Corr_white|3|0.6|0.3|0.3|None,test,ok,,0.9,0.9,1,60,20,64,,,,13.233333333333333,13.5
flex,9,31415,Corr_raw,5,0.6,0.3,,,Corr_raw|5|0.6|0.3|None|None,test,ok,,0.9,0.9,0,56,20,64,,,,15.446428571428571,15.8
flex,9,31415,Corr_white,3,0.6,0.3,0.3,,Corr_white|3|0.6|0.3|0.3|None,test,ok,,1.0,1.0,1,56,20,64,,,,12.642857142857142,12.75
flex,10,31415,Corr_raw,5,0.6,0.3,,,Corr_raw|5|0.6|0.3|None|None,test,ok,,0.95,0.95,0,60,20,64,,,,15.566666666666666,15.55
flex,10,31415,Corr_white,3,0.6,0.3,0.3,,Corr_white|3|0.6|0.3|0.3|None,test,ok,,0.95,0.95,1,60,20,64,,,,13.333333333333334,13.4
flex,11,31415,Corr_raw,5,0.6,0.3,,,Corr_raw|5|0.6|0.3|None|None,test,ok,,0.9,0.9,0,57,20,64,,,,15.43859649122807,15.3
flex,11,31415,Corr_white,3,0.6,0.3,0.3,,Corr_white|3|0.6|0.3|0.3|None,test,ok,,0.95,0.95,1,57,20,64,,,,12.596491228070176,12.55
flex,12,31415,Corr_raw,5,0.6,0.3,,,Corr_raw|5|0.6|0.3|None|None,test,ok,,0.75,0.75,0,56,20,64,,,,15.375,15.8
flex,12,31415,Corr_white,3,0.6,0.3,0.3,,Corr_white|3|0.6|0.3|0.3|None,test,ok,,0.7,0.7,1,56,20,64,,,,14.232142857142858,14.25
flex,13,31415,Corr_raw,5,0.6,0.3,,,Corr_raw|5|0.6|0.3|None|None,test,ok,,0.85,0.85,0,57,20,64,,,,15.543859649122806,15.25
flex,13,31415,Corr_white,3,0.6,0.3,0.3,,Corr_white|3|0.6|0.3|0.3|None,test,ok,,0.75,0.75,1,57,20,64,,,,12.964912280701755,13.15
flex,1,27182,Corr_raw,1,0.7,0.1,,,Corr_raw|1|0.7|0.1|None|None,test,ok,,0.9,0.9,0,56,20,64,,,,19.928571428571427,19.9
flex,1,27182,Corr_white,3,0.7,0.1,0.1,,Corr_white|3|0.7|0.1|0.1|None,test,ok,,0.9,0.9,1,56,20,64,,,,15.553571428571429,15.55
flex,2,27182,Corr_raw,1,0.7,0.1,,,Corr_raw|1|0.7|0.1|None|None,test,ok,,0.95,0.95,0,60,20,64,,,,19.683333333333334,19.35
flex,2,27182,Corr_white,3,0.7,0.1,0.1,,Corr_white|3|0.7|0.1|0.1|None,test,ok,,0.95,0.95,1,60,20,64,,,,16.833333333333332,16.7
flex,3,27182,Corr_raw,1,0.7,0.1,,,Corr_raw|1|0.7|0.1|None|None,test,ok,,0.8,0.8,0,60,20,64,,,,20.45,20.15
flex,3,27182,Corr_white,3,0.7,0.1,0.1,,Corr_white|3|0.7|0.1|0.1|None,test,ok,,0.85,0.85,1,60,20,64,,,,17.683333333333334,17.6
flex,4,27182,Corr_raw,1,0.7,0.1,,,Corr_raw|1|0.7|0.1|None|None,test,ok,,0.95,0.95,0,60,20,64,,,,19.766666666666666,19.75
flex,4,27182,Corr_white,3,0.7,0.1,0.1,,Corr_white|3|0.7|0.1|0.1|None,test,ok,,1.0,1.0,1,60,20,64,,,,13.816666666666666,13.85
flex,5,27182,Corr_raw,1,0.7,0.1,,,Corr_raw|1|0.7|0.1|None|None,test,ok,,0.85,0.85,0,59,20,64,,,,19.91525423728813,20.0
flex,5,27182,Corr_white,3,0.7,0.1,0.1,,Corr_white|3|0.7|0.1|0.1|None,test,ok,,0.95,0.95,1,59,20,64,,,,15.64406779661017,15.8
flex,6,27182,Corr_raw,1,0.7,0.1,,,Corr_raw|1|0.7|0.1|None|None,test,ok,,0.95,0.95,0,60,20,64,,,,19.433333333333334,19.35
flex,6,27182,Corr_white,3,0.7,0.1,0.1,,Corr_white|3|0.7|0.1|0.1|None,test,ok,,1.0,1.0,1,60,20,64,,,,16.233333333333334,16.05
flex,7,27182,Corr_raw,1,0.7,0.1,,,Corr_raw|1|0.7|0.1|None|None,test,ok,,0.95,0.95,0,60,20,64,,,,19.916666666666668,20.0
flex,7,27182,Corr_white,3,0.7,0.1,0.1,,Corr_white|3|0.7|0.1|0.1|None,test,ok,,0.9,0.9,1,60,20,64,,,,16.716666666666665,16.9
flex,8,27182,Corr_raw,1,0.7,0.1,,,Corr_raw|1|0.7|0.1|None|None,test,ok,,0.95,0.95,0,60,20,64,,,,20.116666666666667,20.0
flex,8,27182,Corr_white,3,0.7,0.1,0.1,,Corr_white|3|0.7|0.1|0.1|None,test,ok,,0.9,0.9,1,60,20,64,,,,16.983333333333334,16.9
flex,9,27182,Corr_raw,1,0.7,0.1,,,Corr_raw|1|0.7|0.1|None|None,test,ok,,0.95,0.95,0,56,20,64,,,,19.964285714285715,19.85
flex,9,27182,Corr_white,3,0.7,0.1,0.1,,Corr_white|3|0.7|0.1|0.1|None,test,ok,,0.85,0.85,1,56,20,64,,,,16.0,16.5
flex,10,27182,Corr_raw,1,0.7,0.1,,,Corr_raw|1|0.7|0.1|None|None,test,ok,,0.95,0.95,0,60,20,64,,,,20.08333333333333,20.2
flex,10,27182,Corr_white,3,0.7,0.1,0.1,,Corr_white|3|0.7|0.1|0.1|None,test,ok,,0.95,0.95,1,60,20,64,,,,16.95,17.15
flex,11,27182,Corr_raw,1,0.7,0.1,,,Corr_raw|1|0.7|0.1|None|None,test,ok,,0.9,0.9,0,57,20,64,,,,19.45614035087719,19.5
flex,11,27182,Corr_white,3,0.7,0.1,0.1,,Corr_white|3|0.7|0.1|0.1|None,test,ok,,0.9,0.9,1,57,20,64,,,,16.12280701754386,16.15
flex,12,27182,Corr_raw,1,0.7,0.1,,,Corr_raw|1|0.7|0.1|None|None,test,ok,,0.85,0.85,0,56,20,64,,,,19.785714285714285,19.6
flex,12,27182,Corr_white,3,0.7,0.1,0.1,,Corr_white|3|0.7|0.1|0.1|None,test,ok,,0.85,0.85,1,56,20,64,,,,17.428571428571427,17.5
flex,13,27182,Corr_raw,1,0.7,0.1,,,Corr_raw|1|0.7|0.1|None|None,test,ok,,0.8,0.8,0,57,20,64,,,,19.63157894736842,19.55
flex,13,27182,Corr_white,3,0.7,0.1,0.1,,Corr_white|3|0.7|0.1|0.1|None,test,ok,,0.75,0.75,1,57,20,64,,,,16.280701754385966,16.55
flex,1,8675309,Corr_raw,3,0.7,0.1,,,Corr_raw|3|0.7|0.1|None|None,test,ok,,0.85,0.85,0,56,20,64,,,,19.892857142857142,20.15
flex,1,8675309,Corr_white,3,0.7,0.2,0.4,,Corr_white|3|0.7|0.2|0.4|None,test,ok,,1.0,1.0,1,56,20,64,,,,17.142857142857142,17.4
flex,2,8675309,Corr_raw,3,0.7,0.1,,,Corr_raw|3|0.7|0.1|None|None,test,ok,,0.9,0.9,0,60,20,64,,,,19.566666666666663,19.5
flex,2,8675309,Corr_white,3,0.7,0.2,0.4,,Corr_white|3|0.7|0.2|0.4|None,test,ok,,0.95,0.95,1,60,20,64,,,,18.183333333333334,18.05
flex,3,8675309,Corr_raw,3,0.7,0.1,,,Corr_raw|3|0.7|0.1|None|None,test,ok,,0.85,0.85,0,60,20,64,,,,20.316666666666663,20.45
flex,3,8675309,Corr_white,3,0.7,0.2,0.4,,Corr_white|3|0.7|0.2|0.4|None,test,ok,,0.85,0.85,1,60,20,64,,,,18.98333333333333,18.9
flex,4,8675309,Corr_raw,3,0.7,0.1,,,Corr_raw|3|0.7|0.1|None|None,test,ok,,0.8,0.8,0,60,20,64,,,,19.666666666666668,19.85
flex,4,8675309,Corr_white,3,0.7,0.2,0.4,,Corr_white|3|0.7|0.2|0.4|None,test,ok,,0.75,0.75,1,60,20,64,,,,15.7,15.7
flex,5,8675309,Corr_raw,3,0.7,0.1,,,Corr_raw|3|0.7|0.1|None|None,test,ok,,0.85,0.85,0,59,20,64,,,,19.88135593220339,19.9
flex,5,8675309,Corr_white,3,0.7,0.2,0.4,,Corr_white|3|0.7|0.2|0.4|None,test,ok,,1.0,1.0,1,59,20,64,,,,17.305084745762713,17.55
flex,6,8675309,Corr_raw,3,0.7,0.1,,,Corr_raw|3|0.7|0.1|None|None,test,ok,,0.85,0.85,0,60,20,64,,,,19.3,19.5
flex,6,8675309,Corr_white,3,0.7,0.2,0.4,,Corr_white|3|0.7|0.2|0.4|None,test,ok,,1.0,1.0,1,60,20,64,,,,17.733333333333334,17.45
flex,7,8675309,Corr_raw,3,0.7,0.1,,,Corr_raw|3|0.7|0.1|None|None,test,ok,,0.9,0.9,0,60,20,64,,,,19.966666666666665,19.9
flex,7,8675309,Corr_white,3,0.7,0.2,0.4,,Corr_white|3|0.7|0.2|0.4|None,test,ok,,0.95,0.95,1,60,20,64,,,,17.85,18.2
flex,8,8675309,Corr_raw,3,0.7,0.1,,,Corr_raw|3|0.7|0.1|None|None,test,ok,,0.85,0.85,0,60,20,64,,,,20.116666666666667,20.0
flex,8,8675309,Corr_white,3,0.7,0.2,0.4,,Corr_white|3|0.7|0.2|0.4|None,test,ok,,1.0,1.0,1,60,20,64,,,,18.366666666666667,18.25
flex,9,8675309,Corr_raw,3,0.7,0.1,,,Corr_raw|3|0.7|0.1|None|None,test,ok,,0.85,0.85,0,56,20,64,,,,19.910714285714285,20.25
flex,9,8675309,Corr_white,3,0.7,0.2,0.4,,Corr_white|3|0.7|0.2|0.4|None,test,ok,,1.0,1.0,1,56,20,64,,,,17.571428571428573,17.5
flex,10,8675309,Corr_raw,3,0.7,0.1,,,Corr_raw|3|0.7|0.1|None|None,test,ok,,1.0,1.0,0,60,20,64,,,,20.066666666666663,19.9
flex,10,8675309,Corr_white,3,0.7,0.2,0.4,,Corr_white|3|0.7|0.2|0.4|None,test,ok,,0.9,0.9,1,60,20,64,,,,18.4,18.55
flex,11,8675309,Corr_raw,3,0.7,0.1,,,Corr_raw|3|0.7|0.1|None|None,test,ok,,0.85,0.85,0,57,20,64,,,,19.50877192982456,19.5
flex,11,8675309,Corr_white,3,0.7,0.2,0.4,,Corr_white|3|0.7|0.2|0.4|None,test,ok,,0.85,0.85,1,57,20,64,,,,17.736842105263158,17.9
flex,12,8675309,Corr_raw,3,0.7,0.1,,,Corr_raw|3|0.7|0.1|None|None,test,ok,,0.95,0.95,0,56,20,64,,,,19.857142857142858,19.6
flex,12,8675309,Corr_white,3,0.7,0.2,0.4,,Corr_white|3|0.7|0.2|0.4|None,test,ok,,0.8,0.8,1,56,20,64,,,,18.928571428571427,19.25
flex,13,8675309,Corr_raw,3,0.7,0.1,,,Corr_raw|3|0.7|0.1|None|None,test,ok,,0.9,0.9,0,57,20,64,,,,19.61403508771929,19.6
flex,13,8675309,Corr_white,3,0.7,0.2,0.4,,Corr_white|3|0.7|0.2|0.4|None,test,ok,,0.95,0.95,1,57,20,64,,,,17.94736842105263,18.0
flex,1,104729,Corr_raw,3,0.7,0.1,,,Corr_raw|3|0.7|0.1|None|None,test,ok,,0.95,0.95,0,56,20,64,,,,20.0,19.95
flex,1,104729,Corr_white,3,0.7,0.1,0.4,,Corr_white|3|0.7|0.1|0.4|None,test,ok,,0.95,0.95,1,56,20,64,,,,16.803571428571427,16.7
flex,2,104729,Corr_raw,3,0.7,0.1,,,Corr_raw|3|0.7|0.1|None|None,test,ok,,1.0,1.0,0,60,20,64,,,,19.683333333333334,19.65
flex,2,104729,Corr_white,3,0.7,0.1,0.4,,Corr_white|3|0.7|0.1|0.4|None,test,ok,,0.95,0.95,1,60,20,64,,,,17.633333333333333,17.75
flex,3,104729,Corr_raw,3,0.7,0.1,,,Corr_raw|3|0.7|0.1|None|None,test,ok,,0.95,0.95,0,60,20,64,,,,20.3,20.3
flex,3,104729,Corr_white,3,0.7,0.1,0.4,,Corr_white|3|0.7|0.1|0.4|None,test,ok,,0.95,0.95,1,60,20,64,,,,18.65,18.15
flex,4,104729,Corr_raw,3,0.7,0.1,,,Corr_raw|3|0.7|0.1|None|None,test,ok,,0.9,0.9,0,60,20,64,,,,19.666666666666668,19.65
flex,4,104729,Corr_white,3,0.7,0.1,0.4,,Corr_white|3|0.7|0.1|0.4|None,test,ok,,0.95,0.95,1,60,20,64,,,,14.966666666666669,15.15
flex,5,104729,Corr_raw,3,0.7,0.1,,,Corr_raw|3|0.7|0.1|None|None,test,ok,,0.8,0.8,0,59,20,64,,,,19.89830508474576,20.15
flex,5,104729,Corr_white,3,0.7,0.1,0.4,,Corr_white|3|0.7|0.1|0.4|None,test,ok,,0.95,0.95,1,59,20,64,,,,16.8135593220339,16.65
flex,6,104729,Corr_raw,3,0.7,0.1,,,Corr_raw|3|0.7|0.1|None|None,test,ok,,1.0,1.0,0,60,20,64,,,,19.35,19.1
flex,6,104729,Corr_white,3,0.7,0.1,0.4,,Corr_white|3|0.7|0.1|0.4|None,test,ok,,0.95,0.95,1,60,20,64,,,,17.233333333333334,17.35
flex,7,104729,Corr_raw,3,0.7,0.1,,,Corr_raw|3|0.7|0.1|None|None,test,ok,,0.9,0.9,0,60,20,64,,,,19.916666666666668,19.95
flex,7,104729,Corr_white,3,0.7,0.1,0.4,,Corr_white|3|0.7|0.1|0.4|None,test,ok,,0.75,0.75,1,60,20,64,,,,17.65,17.7
flex,8,104729,Corr_raw,3,0.7,0.1,,,Corr_raw|3|0.7|0.1|None|None,test,ok,,0.8,0.8,0,60,20,64,,,,20.05,20.1
flex,8,104729,Corr_white,3,0.7,0.1,0.4,,Corr_white|3|0.7|0.1|0.4|None,test,ok,,0.9,0.9,1,60,20,64,,,,17.65,18.15
flex,9,104729,Corr_raw,3,0.7,0.1,,,Corr_raw|3|0.7|0.1|None|None,test,ok,,0.85,0.85,0,56,20,64,,,,19.964285714285715,20.0
flex,9,104729,Corr_white,3,0.7,0.1,0.4,,Corr_white|3|0.7|0.1|0.4|None,test,ok,,1.0,1.0,1,56,20,64,,,,17.357142857142858,16.9
flex,10,104729,Corr_raw,3,0.7,0.1,,,Corr_raw|3|0.7|0.1|None|None,test,ok,,1.0,1.0,0,60,20,64,,,,20.08333333333333,20.2
flex,10,104729,Corr_white,3,0.7,0.1,0.4,,Corr_white|3|0.7|0.1|0.4|None,test,ok,,1.0,1.0,1,60,20,64,,,,17.816666666666666,18.05
flex,11,104729,Corr_raw,3,0.7,0.1,,,Corr_raw|3|0.7|0.1|None|None,test,ok,,0.8,0.8,0,57,20,64,,,,19.43859649122807,19.55
flex,11,104729,Corr_white,3,0.7,0.1,0.4,,Corr_white|3|0.7|0.1|0.4|None,test,ok,,1.0,1.0,1,57,20,64,,,,17.210526315789473,17.4
flex,12,104729,Corr_raw,3,0.7,0.1,,,Corr_raw|3|0.7|0.1|None|None,test,ok,,0.8,0.8,0,56,20,64,,,,19.660714285714285,20.1
flex,12,104729,Corr_white,3,0.7,0.1,0.4,,Corr_white|3|0.7|0.1|0.4|None,test,ok,,0.9,0.9,1,56,20,64,,,,18.732142857142858,18.75
flex,13,104729,Corr_raw,3,0.7,0.1,,,Corr_raw|3|0.7|0.1|None|None,test,ok,,0.9,0.9,0,57,20,64,,,,19.71929824561404,19.3
flex,13,104729,Corr_white,3,0.7,0.1,0.4,,Corr_white|3|0.7|0.1|0.4|None,test,ok,,0.9,0.9,1,57,20,64,,,,17.24561403508772,17.65
flex,1,99991,Corr_raw,1,0.7,0.2,,,Corr_raw|1|0.7|0.2|None|None,test,ok,,0.9,0.9,0,56,20,64,,,,20.178571428571427,20.1
flex,1,99991,Corr_white,1,0.7,0.2,0.4,,Corr_white|1|0.7|0.2|0.4|None,test,ok,,0.9,0.9,1,56,20,64,,,,17.214285714285715,17.1
flex,2,99991,Corr_raw,1,0.7,0.2,,,Corr_raw|1|0.7|0.2|None|None,test,ok,,0.95,0.95,0,60,20,64,,,,19.98333333333333,20.05
flex,2,99991,Corr_white,1,0.7,0.2,0.4,,Corr_white|1|0.7|0.2|0.4|None,test,ok,,0.95,0.95,1,60,20,64,,,,18.25,18.05
flex,3,99991,Corr_raw,1,0.7,0.2,,,Corr_raw|1|0.7|0.2|None|None,test,ok,,0.9,0.9,0,60,20,64,,,,20.666666666666668,20.6
flex,3,99991,Corr_white,1,0.7,0.2,0.4,,Corr_white|1|0.7|0.2|0.4|None,test,ok,,0.9,0.9,1,60,20,64,,,,18.9,19.0
flex,4,99991,Corr_raw,1,0.7,0.2,,,Corr_raw|1|0.7|0.2|None|None,test,ok,,0.6,0.6,0,60,20,64,,,,20.166666666666668,20.15
flex,4,99991,Corr_white,1,0.7,0.2,0.4,,Corr_white|1|0.7|0.2|0.4|None,test,ok,,0.8,0.8,1,60,20,64,,,,15.7,15.85
flex,5,99991,Corr_raw,1,0.7,0.2,,,Corr_raw|1|0.7|0.2|None|None,test,ok,,0.8,0.8,0,59,20,64,,,,20.322033898305083,20.4
flex,5,99991,Corr_white,1,0.7,0.2,0.4,,Corr_white|1|0.7|0.2|0.4|None,test,ok,,0.95,0.95,1,59,20,64,,,,17.389830508474578,17.35
flex,6,99991,Corr_raw,1,0.7,0.2,,,Corr_raw|1|0.7|0.2|None|None,test,ok,,0.75,0.75,0,60,20,64,,,,19.666666666666668,19.95
flex,6,99991,Corr_white,1,0.7,0.2,0.4,,Corr_white|1|0.7|0.2|0.4|None,test,ok,,0.95,0.95,1,60,20,64,,,,17.716666666666665,17.6
flex,7,99991,Corr_raw,1,0.7,0.2,,,Corr_raw|1|0.7|0.2|None|None,test,ok,,0.95,0.95,0,60,20,64,,,,20.28333333333333,20.3
flex,7,99991,Corr_white,1,0.7,0.2,0.4,,Corr_white|1|0.7|0.2|0.4|None,test,ok,,0.85,0.85,1,60,20,64,,,,18.25,17.95
flex,8,99991,Corr_raw,1,0.7,0.2,,,Corr_raw|1|0.7|0.2|None|None,test,ok,,0.95,0.95,0,60,20,64,,,,20.266666666666666,20.3
flex,8,99991,Corr_white,1,0.7,0.2,0.4,,Corr_white|1|0.7|0.2|0.4|None,test,ok,,1.0,1.0,1,60,20,64,,,,18.25,18.45
flex,9,99991,Corr_raw,1,0.7,0.2,,,Corr_raw|1|0.7|0.2|None|None,test,ok,,1.0,1.0,0,56,20,64,,,,20.410714285714285,20.05
flex,9,99991,Corr_white,1,0.7,0.2,0.4,,Corr_white|1|0.7|0.2|0.4|None,test,ok,,0.9,0.9,1,56,20,64,,,,17.625,17.75
flex,10,99991,Corr_raw,1,0.7,0.2,,,Corr_raw|1|0.7|0.2|None|None,test,ok,,1.0,1.0,0,60,20,64,,,,20.366666666666667,20.25
flex,10,99991,Corr_white,1,0.7,0.2,0.4,,Corr_white|1|0.7|0.2|0.4|None,test,ok,,0.9,0.9,1,60,20,64,,,,18.416666666666668,18.25
flex,11,99991,Corr_raw,1,0.7,0.2,,,Corr_raw|1|0.7|0.2|None|None,test,ok,,0.95,0.95,0,57,20,64,,,,19.71929824561404,19.8
flex,11,99991,Corr_white,1,0.7,0.2,0.4,,Corr_white|1|0.7|0.2|0.4|None,test,ok,,1.0,1.0,1,57,20,64,,,,17.54385964912281,17.9
flex,12,99991,Corr_raw,1,0.7,0.2,,,Corr_raw|1|0.7|0.2|None|None,test,ok,,0.9,0.9,0,56,20,64,,,,20.089285714285715,20.25
flex,12,99991,Corr_white,1,0.7,0.2,0.4,,Corr_white|1|0.7|0.2|0.4|None,test,ok,,0.95,0.95,1,56,20,64,,,,18.857142857142858,19.05
flex,13,99991,Corr_raw,1,0.7,0.2,,,Corr_raw|1|0.7|0.2|None|None,test,ok,,0.85,0.85,0,57,20,64,,,,20.157894736842103,20.1
flex,13,99991,Corr_white,1,0.7,0.2,0.4,,Corr_white|1|0.7|0.2|0.4|None,test,ok,,0.95,0.95,1,57,20,64,,,,18.05263157894737,17.95
hyser,1,42,Corr_raw,3,0.6,0.3,,,Corr_raw|3|0.6|0.3|None|None,test,ok,,0.9411764705882352,0.9411764705882352,0,134,34,256,,,,35.73880597014925,35.61764705882353
hyser,1,42,Corr_white,1,0.6,0.1,0.4,,Corr_white|1|0.6|0.1|0.4|None,test,ok,,0.9411764705882352,0.9411764705882352,1,134,34,256,,,,33.75373134328358,33.76470588235294
hyser,2,42,Corr_raw,3,0.6,0.3,,,Corr_raw|3|0.6|0.3|None|None,test,ok,,0.9705882352941176,0.9705882352941176,0,135,34,256,,,,35.84444444444444,35.794117647058826
hyser,2,42,Corr_white,1,0.6,0.1,0.4,,Corr_white|1|0.6|0.1|0.4|None,test,ok,,0.8529411764705882,0.8529411764705882,1,135,34,256,,,,33.851851851851855,34.05882352941177
hyser,3,42,Corr_raw,3,0.6,0.3,,,Corr_raw|3|0.6|0.3|None|None,test,ok,,0.9696969696969696,0.9696969696969696,0,130,33,256,,,,36.41538461538462,36.36363636363637
hyser,3,42,Corr_white,1,0.6,0.1,0.4,,Corr_white|1|0.6|0.1|0.4|None,test,ok,,0.9696969696969696,0.9696969696969696,1,130,33,256,,,,34.37692307692308,34.51515151515152
hyser,4,42,Corr_raw,3,0.6,0.3,,,Corr_raw|3|0.6|0.3|None|None,test,ok,,1.0,1.0,0,134,34,256,,,,36.007462686567166,36.14705882352941
hyser,4,42,Corr_white,1,0.6,0.1,0.4,,Corr_white|1|0.6|0.1|0.4|None,test,ok,,1.0,1.0,1,134,34,256,,,,34.3134328358209,34.088235294117645
hyser,5,42,Corr_raw,3,0.6,0.3,,,Corr_raw|3|0.6|0.3|None|None,test,ok,,0.8484848484848485,0.8484848484848485,0,129,33,256,,,,35.91472868217054,35.84848484848485
hyser,5,42,Corr_white,1,0.6,0.1,0.4,,Corr_white|1|0.6|0.1|0.4|None,test,ok,,0.9090909090909092,0.9090909090909092,1,129,33,256,,,,33.333333333333336,33.54545454545455
hyser,6,42,Corr_raw,3,0.6,0.3,,,Corr_raw|3|0.6|0.3|None|None,test,ok,,0.9705882352941176,0.9705882352941176,0,136,34,256,,,,35.85294117647059,35.97058823529412
hyser,6,42,Corr_white,1,0.6,0.1,0.4,,Corr_white|1|0.6|0.1|0.4|None,test,ok,,1.0,1.0,1,136,34,256,,,,33.85294117647059,34.0
hyser,7,42,Corr_raw,3,0.6,0.3,,,Corr_raw|3|0.6|0.3|None|None,test,ok,,0.8529411764705882,0.8529411764705882,0,136,34,256,,,,35.80882352941177,35.88235294117647
hyser,7,42,Corr_white,1,0.6,0.1,0.4,,Corr_white|1|0.6|0.1|0.4|None,test,ok,,0.9117647058823528,0.9117647058823528,1,136,34,256,,,,33.51470588235294,33.38235294117647
hyser,8,42,Corr_raw,3,0.6,0.3,,,Corr_raw|3|0.6|0.3|None|None,test,ok,,1.0,1.0,0,136,34,256,,,,36.24264705882353,36.05882352941177
hyser,8,42,Corr_white,1,0.6,0.1,0.4,,Corr_white|1|0.6|0.1|0.4|None,test,ok,,0.9117647058823528,0.9117647058823528,1,136,34,256,,,,34.8014705882353,34.705882352941174
hyser,9,42,Corr_raw,3,0.6,0.3,,,Corr_raw|3|0.6|0.3|None|None,test,ok,,0.9411764705882352,0.9411764705882352,0,136,34,256,,,,35.59558823529412,35.6764705882353
hyser,9,42,Corr_white,1,0.6,0.1,0.4,,Corr_white|1|0.6|0.1|0.4|None,test,ok,,0.8529411764705882,0.8529411764705882,1,136,34,256,,,,33.169117647058826,33.088235294117645
hyser,10,42,Corr_raw,3,0.6,0.3,,,Corr_raw|3|0.6|0.3|None|None,test,ok,,0.9705882352941176,0.9705882352941176,0,135,34,256,,,,36.06666666666667,36.1764705882353
hyser,10,42,Corr_white,1,0.6,0.1,0.4,,Corr_white|1|0.6|0.1|0.4|None,test,ok,,1.0,1.0,1,135,34,256,,,,34.06666666666667,33.97058823529412
hyser,11,42,Corr_raw,3,0.6,0.3,,,Corr_raw|3|0.6|0.3|None|None,test,ok,,0.9090909090909092,0.9090909090909092,0,129,33,256,,,,35.88372093023256,35.666666666666664
hyser,11,42,Corr_white,1,0.6,0.1,0.4,,Corr_white|1|0.6|0.1|0.4|None,test,ok,,0.9393939393939394,0.9393939393939394,1,129,33,256,,,,32.68217054263566,32.878787878787875
hyser,12,42,Corr_raw,3,0.6,0.3,,,Corr_raw|3|0.6|0.3|None|None,test,ok,,0.9117647058823528,0.9117647058823528,0,134,34,256,,,,35.8955223880597,35.794117647058826
hyser,12,42,Corr_white,1,0.6,0.1,0.4,,Corr_white|1|0.6|0.1|0.4|None,test,ok,,0.9705882352941176,0.9705882352941176,1,134,34,256,,,,33.47014925373134,33.47058823529412
hyser,13,42,Corr_raw,3,0.6,0.3,,,Corr_raw|3|0.6|0.3|None|None,test,ok,,0.8823529411764706,0.8823529411764706,0,133,34,256,,,,36.037593984962406,35.97058823529412
hyser,13,42,Corr_white,1,0.6,0.1,0.4,,Corr_white|1|0.6|0.1|0.4|None,test,ok,,0.9705882352941176,0.9705882352941176,1,133,34,256,,,,33.932330827067666,33.76470588235294
hyser,14,42,Corr_raw,3,0.6,0.3,,,Corr_raw|3|0.6|0.3|None|None,test,ok,,0.9117647058823528,0.9117647058823528,0,134,34,256,,,,35.940298507462686,35.76470588235294
hyser,14,42,Corr_white,1,0.6,0.1,0.4,,Corr_white|1|0.6|0.1|0.4|None,test,ok,,0.9411764705882352,0.9411764705882352,1,134,34,256,,,,33.843283582089555,33.8235294117647
hyser,15,42,Corr_raw,3,0.6,0.3,,,Corr_raw|3|0.6|0.3|None|None,test,ok,,1.0,1.0,0,136,34,256,,,,36.19117647058823,36.23529411764706
hyser,15,42,Corr_white,1,0.6,0.1,0.4,,Corr_white|1|0.6|0.1|0.4|None,test,ok,,1.0,1.0,1,136,34,256,,,,34.55882352941177,34.64705882352941
hyser,16,42,Corr_raw,3,0.6,0.3,,,Corr_raw|3|0.6|0.3|None|None,test,ok,,0.8823529411764706,0.8823529411764706,0,131,34,256,,,,36.14503816793893,35.85294117647059
hyser,16,42,Corr_white,1,0.6,0.1,0.4,,Corr_white|1|0.6|0.1|0.4|None,test,ok,,0.9117647058823528,0.9117647058823528,1,131,34,256,,,,34.85496183206107,35.0
hyser,17,42,Corr_raw,3,0.6,0.3,,,Corr_raw|3|0.6|0.3|None|None,test,ok,,0.9705882352941176,0.9705882352941176,0,133,34,256,,,,36.11278195488722,36.0
hyser,17,42,Corr_white,1,0.6,0.1,0.4,,Corr_white|1|0.6|0.1|0.4|None,test,ok,,1.0,1.0,1,133,34,256,,,,34.30075187969925,34.38235294117647
hyser,18,42,Corr_raw,3,0.6,0.3,,,Corr_raw|3|0.6|0.3|None|None,test,ok,,0.8529411764705882,0.8529411764705882,0,136,34,256,,,,36.0,36.02941176470589
hyser,18,42,Corr_white,1,0.6,0.1,0.4,,Corr_white|1|0.6|0.1|0.4|None,test,ok,,1.0,1.0,1,136,34,256,,,,33.26470588235294,33.26470588235294
hyser,19,42,Corr_raw,3,0.6,0.3,,,Corr_raw|3|0.6|0.3|None|None,test,ok,,1.0,1.0,0,136,34,256,,,,36.26470588235294,36.23529411764706
hyser,19,42,Corr_white,1,0.6,0.1,0.4,,Corr_white|1|0.6|0.1|0.4|None,test,ok,,0.9705882352941176,0.9705882352941176,1,136,34,256,,,,34.13970588235294,34.294117647058826
hyser,20,42,Corr_raw,3,0.6,0.3,,,Corr_raw|3|0.6|0.3|None|None,test,ok,,0.9411764705882352,0.9411764705882352,0,133,34,256,,,,35.88721804511278,35.794117647058826
hyser,20,42,Corr_white,1,0.6,0.1,0.4,,Corr_white|1|0.6|0.1|0.4|None,test,ok,,1.0,1.0,1,133,34,256,,,,34.38345864661654,34.205882352941174
hyser,1,123,Corr_raw,1,0.6,0.3,,,Corr_raw|1|0.6|0.3|None|None,test,ok,,0.9411764705882352,0.9411764705882352,0,134,34,256,,,,35.708955223880594,35.76470588235294
hyser,1,123,Corr_white,3,0.6,0.2,0.3,,Corr_white|3|0.6|0.2|0.3|None,test,ok,,0.9411764705882352,0.9411764705882352,1,134,34,256,,,,34.03731343283582,34.205882352941174
hyser,2,123,Corr_raw,1,0.6,0.3,,,Corr_raw|1|0.6|0.3|None|None,test,ok,,1.0,1.0,0,135,34,256,,,,35.79259259259259,35.88235294117647
hyser,2,123,Corr_white,3,0.6,0.2,0.3,,Corr_white|3|0.6|0.2|0.3|None,test,ok,,0.9411764705882352,0.9411764705882352,1,135,34,256,,,,34.28888888888889,34.26470588235294
hyser,3,123,Corr_raw,1,0.6,0.3,,,Corr_raw|1|0.6|0.3|None|None,test,ok,,0.9696969696969696,0.9696969696969696,0,130,33,256,,,,36.34615384615385,36.42424242424242
hyser,3,123,Corr_white,3,0.6,0.2,0.3,,Corr_white|3|0.6|0.2|0.3|None,test,ok,,1.0,1.0,1,130,33,256,,,,34.73076923076923,34.75757575757576
hyser,4,123,Corr_raw,1,0.6,0.3,,,Corr_raw|1|0.6|0.3|None|None,test,ok,,1.0,1.0,0,134,34,256,,,,36.02238805970149,35.94117647058823
hyser,4,123,Corr_white,3,0.6,0.2,0.3,,Corr_white|3|0.6|0.2|0.3|None,test,ok,,1.0,1.0,1,134,34,256,,,,34.514925373134325,34.588235294117645
hyser,5,123,Corr_raw,1,0.6,0.3,,,Corr_raw|1|0.6|0.3|None|None,test,ok,,0.9090909090909092,0.9090909090909092,0,129,33,256,,,,35.87596899224806,36.03030303030303
hyser,5,123,Corr_white,3,0.6,0.2,0.3,,Corr_white|3|0.6|0.2|0.3|None,test,ok,,0.8787878787878788,0.8787878787878788,1,129,33,256,,,,33.68217054263566,33.90909090909091
hyser,6,123,Corr_raw,1,0.6,0.3,,,Corr_raw|1|0.6|0.3|None|None,test,ok,,0.9117647058823528,0.9117647058823528,0,136,34,256,,,,35.919117647058826,35.85294117647059
hyser,6,123,Corr_white,3,0.6,0.2,0.3,,Corr_white|3|0.6|0.2|0.3|None,test,ok,,0.9705882352941176,0.9705882352941176,1,136,34,256,,,,34.125,34.205882352941174
hyser,7,123,Corr_raw,1,0.6,0.3,,,Corr_raw|1|0.6|0.3|None|None,test,ok,,0.8823529411764706,0.8823529411764706,0,136,34,256,,,,35.8014705882353,35.88235294117647
hyser,7,123,Corr_white,3,0.6,0.2,0.3,,Corr_white|3|0.6|0.2|0.3|None,test,ok,,0.8823529411764706,0.8823529411764706,1,136,34,256,,,,33.85294117647059,33.88235294117647
hyser,8,123,Corr_raw,1,0.6,0.3,,,Corr_raw|1|0.6|0.3|None|None,test,ok,,0.9411764705882352,0.9411764705882352,0,136,34,256,,,,36.22058823529412,36.26470588235294
hyser,8,123,Corr_white,3,0.6,0.2,0.3,,Corr_white|3|0.6|0.2|0.3|None,test,ok,,0.9117647058823528,0.9117647058823528,1,136,34,256,,,,35.00735294117647,35.0
hyser,9,123,Corr_raw,1,0.6,0.3,,,Corr_raw|1|0.6|0.3|None|None,test,ok,,0.9705882352941176,0.9705882352941176,0,136,34,256,,,,35.625,35.73529411764706
hyser,9,123,Corr_white,3,0.6,0.2,0.3,,Corr_white|3|0.6|0.2|0.3|None,test,ok,,0.8823529411764706,0.8823529411764706,1,136,34,256,,,,33.44117647058823,33.76470588235294
hyser,10,123,Corr_raw,1,0.6,0.3,,,Corr_raw|1|0.6|0.3|None|None,test,ok,,1.0,1.0,0,135,34,256,,,,36.08888888888889,36.05882352941177
hyser,10,123,Corr_white,3,0.6,0.2,0.3,,Corr_white|3|0.6|0.2|0.3|None,test,ok,,1.0,1.0,1,135,34,256,,,,34.31111111111111,34.294117647058826
hyser,11,123,Corr_raw,1,0.6,0.3,,,Corr_raw|1|0.6|0.3|None|None,test,ok,,0.9393939393939394,0.9393939393939394,0,129,33,256,,,,35.85271317829457,35.90909090909091
hyser,11,123,Corr_white,3,0.6,0.2,0.3,,Corr_white|3|0.6|0.2|0.3|None,test,ok,,0.8181818181818182,0.8181818181818182,1,129,33,256,,,,33.08527131782946,33.09090909090909
hyser,12,123,Corr_raw,1,0.6,0.3,,,Corr_raw|1|0.6|0.3|None|None,test,ok,,0.9117647058823528,0.9117647058823528,0,134,34,256,,,,35.87313432835821,35.911764705882355
hyser,12,123,Corr_white,3,0.6,0.2,0.3,,Corr_white|3|0.6|0.2|0.3|None,test,ok,,0.9411764705882352,0.9411764705882352,1,134,34,256,,,,33.791044776119406,33.6764705882353
hyser,13,123,Corr_raw,1,0.6,0.3,,,Corr_raw|1|0.6|0.3|None|None,test,ok,,0.9705882352941176,0.9705882352941176,0,133,34,256,,,,35.97744360902256,35.88235294117647
hyser,13,123,Corr_white,3,0.6,0.2,0.3,,Corr_white|3|0.6|0.2|0.3|None,test,ok,,0.9117647058823528,0.9117647058823528,1,133,34,256,,,,34.285714285714285,34.23529411764706
hyser,14,123,Corr_raw,1,0.6,0.3,,,Corr_raw|1|0.6|0.3|None|None,test,ok,,0.9117647058823528,0.9117647058823528,0,134,34,256,,,,35.850746268656714,36.088235294117645
hyser,14,123,Corr_white,3,0.6,0.2,0.3,,Corr_white|3|0.6|0.2|0.3|None,test,ok,,0.9705882352941176,0.9705882352941176,1,134,34,256,,,,34.24626865671642,34.26470588235294
hyser,15,123,Corr_raw,1,0.6,0.3,,,Corr_raw|1|0.6|0.3|None|None,test,ok,,0.9411764705882352,0.9411764705882352,0,136,34,256,,,,36.22794117647059,36.26470588235294
hyser,15,123,Corr_white,3,0.6,0.2,0.3,,Corr_white|3|0.6|0.2|0.3|None,test,ok,,1.0,1.0,1,136,34,256,,,,34.86029411764706,34.73529411764706
hyser,16,123,Corr_raw,1,0.6,0.3,,,Corr_raw|1|0.6|0.3|None|None,test,ok,,0.9705882352941176,0.9705882352941176,0,131,34,256,,,,36.10687022900763,36.088235294117645
hyser,16,123,Corr_white,3,0.6,0.2,0.3,,Corr_white|3|0.6|0.2|0.3|None,test,ok,,0.8235294117647058,0.8235294117647058,1,131,34,256,,,,35.14503816793893,35.088235294117645
hyser,17,123,Corr_raw,1,0.6,0.3,,,Corr_raw|1|0.6|0.3|None|None,test,ok,,0.9411764705882352,0.9411764705882352,0,133,34,256,,,,36.11278195488722,36.05882352941177
hyser,17,123,Corr_white,3,0.6,0.2,0.3,,Corr_white|3|0.6|0.2|0.3|None,test,ok,,0.8823529411764706,0.8823529411764706,1,133,34,256,,,,34.6390977443609,34.529411764705884
hyser,18,123,Corr_raw,1,0.6,0.3,,,Corr_raw|1|0.6|0.3|None|None,test,ok,,0.7941176470588235,0.7941176470588235,0,136,34,256,,,,35.97794117647059,36.1764705882353
hyser,18,123,Corr_white,3,0.6,0.2,0.3,,Corr_white|3|0.6|0.2|0.3|None,test,ok,,0.9705882352941176,0.9705882352941176,1,136,34,256,,,,33.51470588235294,33.794117647058826
hyser,19,123,Corr_raw,1,0.6,0.3,,,Corr_raw|1|0.6|0.3|None|None,test,ok,,0.9117647058823528,0.9117647058823528,0,136,34,256,,,,36.27205882352941,36.11764705882353
hyser,19,123,Corr_white,3,0.6,0.2,0.3,,Corr_white|3|0.6|0.2|0.3|None,test,ok,,0.9117647058823528,0.9117647058823528,1,136,34,256,,,,34.411764705882355,34.529411764705884
hyser,20,123,Corr_raw,1,0.6,0.3,,,Corr_raw|1|0.6|0.3|None|None,test,ok,,0.9411764705882352,0.9411764705882352,0,133,34,256,,,,35.88721804511278,35.73529411764706
hyser,20,123,Corr_white,3,0.6,0.2,0.3,,Corr_white|3|0.6|0.2|0.3|None,test,ok,,0.9411764705882352,0.9411764705882352,1,133,34,256,,,,34.59398496240601,34.73529411764706
hyser,1,456,Corr_raw,1,0.6,0.3,,,Corr_raw|1|0.6|0.3|None|None,test,ok,,0.9411764705882352,0.9411764705882352,0,134,34,256,,,,35.776119402985074,35.588235294117645
hyser,1,456,Corr_white,3,0.7,0.1,0.4,,Corr_white|3|0.7|0.1|0.4|None,test,ok,,0.9411764705882352,0.9411764705882352,1,134,34,256,,,,59.723880597014926,59.52941176470589
hyser,2,456,Corr_raw,1,0.6,0.3,,,Corr_raw|1|0.6|0.3|None|None,test,ok,,0.9705882352941176,0.9705882352941176,0,135,34,256,,,,35.84444444444444,35.61764705882353
hyser,2,456,Corr_white,3,0.7,0.1,0.4,,Corr_white|3|0.7|0.1|0.4|None,test,ok,,0.9411764705882352,0.9411764705882352,1,135,34,256,,,,59.87407407407407,59.91176470588236
hyser,3,456,Corr_raw,1,0.6,0.3,,,Corr_raw|1|0.6|0.3|None|None,test,ok,,1.0,1.0,0,130,33,256,,,,36.36923076923077,36.42424242424242
hyser,3,456,Corr_white,3,0.7,0.1,0.4,,Corr_white|3|0.7|0.1|0.4|None,test,ok,,1.0,1.0,1,130,33,256,,,,59.19230769230769,59.30303030303031
hyser,4,456,Corr_raw,1,0.6,0.3,,,Corr_raw|1|0.6|0.3|None|None,test,ok,,0.9705882352941176,0.9705882352941176,0,134,34,256,,,,35.96268656716418,36.11764705882353
hyser,4,456,Corr_white,3,0.7,0.1,0.4,,Corr_white|3|0.7|0.1|0.4|None,test,ok,,0.9705882352941176,0.9705882352941176,1,134,34,256,,,,59.45522388059702,59.47058823529412
hyser,5,456,Corr_raw,1,0.6,0.3,,,Corr_raw|1|0.6|0.3|None|None,test,ok,,0.9090909090909092,0.9090909090909092,0,129,33,256,,,,35.87596899224806,36.0
hyser,5,456,Corr_white,3,0.7,0.1,0.4,,Corr_white|3|0.7|0.1|0.4|None,test,ok,,0.8787878787878788,0.8787878787878788,1,129,33,256,,,,59.82170542635659,59.72727272727273
hyser,6,456,Corr_raw,1,0.6,0.3,,,Corr_raw|1|0.6|0.3|None|None,test,ok,,0.9411764705882352,0.9411764705882352,0,136,34,256,,,,35.88235294117647,35.94117647058823
hyser,6,456,Corr_white,3,0.7,0.1,0.4,,Corr_white|3|0.7|0.1|0.4|None,test,ok,,0.9705882352941176,0.9705882352941176,1,136,34,256,,,,59.61764705882353,59.44117647058823
hyser,7,456,Corr_raw,1,0.6,0.3,,,Corr_raw|1|0.6|0.3|None|None,test,ok,,0.9705882352941176,0.9705882352941176,0,136,34,256,,,,35.84558823529412,35.76470588235294
hyser,7,456,Corr_white,3,0.7,0.1,0.4,,Corr_white|3|0.7|0.1|0.4|None,test,ok,,0.8823529411764706,0.8823529411764706,1,136,34,256,,,,59.75735294117647,59.88235294117647
hyser,8,456,Corr_raw,1,0.6,0.3,,,Corr_raw|1|0.6|0.3|None|None,test,ok,,0.9705882352941176,0.9705882352941176,0,136,34,256,,,,36.1985294117647,36.11764705882353
hyser,8,456,Corr_white,3,0.7,0.1,0.4,,Corr_white|3|0.7|0.1|0.4|None,test,ok,,0.9411764705882352,0.9411764705882352,1,136,34,256,,,,59.01470588235294,58.85294117647059
hyser,9,456,Corr_raw,1,0.6,0.3,,,Corr_raw|1|0.6|0.3|None|None,test,ok,,0.9705882352941176,0.9705882352941176,0,136,34,256,,,,35.63235294117647,35.55882352941177
hyser,9,456,Corr_white,3,0.7,0.1,0.4,,Corr_white|3|0.7|0.1|0.4|None,test,ok,,0.9117647058823528,0.9117647058823528,1,136,34,256,,,,60.02941176470589,59.97058823529412
hyser,10,456,Corr_raw,1,0.6,0.3,,,Corr_raw|1|0.6|0.3|None|None,test,ok,,0.9705882352941176,0.9705882352941176,0,135,34,256,,,,36.096296296296295,36.02941176470589
hyser,10,456,Corr_white,3,0.7,0.1,0.4,,Corr_white|3|0.7|0.1|0.4|None,test,ok,,1.0,1.0,1,135,34,256,,,,59.48888888888889,59.61764705882353
hyser,11,456,Corr_raw,1,0.6,0.3,,,Corr_raw|1|0.6|0.3|None|None,test,ok,,0.9696969696969696,0.9696969696969696,0,129,33,256,,,,35.84496124031008,35.84848484848485
hyser,11,456,Corr_white,3,0.7,0.1,0.4,,Corr_white|3|0.7|0.1|0.4|None,test,ok,,0.9090909090909092,0.9090909090909092,1,129,33,256,,,,60.21705426356589,60.24242424242424
hyser,12,456,Corr_raw,1,0.6,0.3,,,Corr_raw|1|0.6|0.3|None|None,test,ok,,0.9705882352941176,0.9705882352941176,0,134,34,256,,,,35.88059701492537,35.97058823529412
hyser,12,456,Corr_white,3,0.7,0.1,0.4,,Corr_white|3|0.7|0.1|0.4|None,test,ok,,1.0,1.0,1,134,34,256,,,,59.88805970149254,59.94117647058823
hyser,13,456,Corr_raw,1,0.6,0.3,,,Corr_raw|1|0.6|0.3|None|None,test,ok,,0.9117647058823528,0.9117647058823528,0,133,34,256,,,,36.015037593984964,35.85294117647059
hyser,13,456,Corr_white,3,0.7,0.1,0.4,,Corr_white|3|0.7|0.1|0.4|None,test,ok,,0.9117647058823528,0.9117647058823528,1,133,34,256,,,,59.54887218045113,59.55882352941177
hyser,14,456,Corr_raw,1,0.6,0.3,,,Corr_raw|1|0.6|0.3|None|None,test,ok,,0.9411764705882352,0.9411764705882352,0,134,34,256,,,,35.8955223880597,36.0
hyser,14,456,Corr_white,3,0.7,0.1,0.4,,Corr_white|3|0.7|0.1|0.4|None,test,ok,,0.9117647058823528,0.9117647058823528,1,134,34,256,,,,59.54477611940298,59.64705882352941
hyser,15,456,Corr_raw,1,0.6,0.3,,,Corr_raw|1|0.6|0.3|None|None,test,ok,,0.9705882352941176,0.9705882352941176,0,136,34,256,,,,36.20588235294117,36.20588235294117
hyser,15,456,Corr_white,3,0.7,0.1,0.4,,Corr_white|3|0.7|0.1|0.4|None,test,ok,,1.0,1.0,1,136,34,256,,,,59.11764705882353,59.26470588235294
hyser,16,456,Corr_raw,1,0.6,0.3,,,Corr_raw|1|0.6|0.3|None|None,test,ok,,0.9117647058823528,0.9117647058823528,0,131,34,256,,,,36.083969465648856,35.97058823529412
hyser,16,456,Corr_white,3,0.7,0.1,0.4,,Corr_white|3|0.7|0.1|0.4|None,test,ok,,0.8823529411764706,0.8823529411764706,1,131,34,256,,,,59.045801526717554,59.02941176470589
hyser,17,456,Corr_raw,1,0.6,0.3,,,Corr_raw|1|0.6|0.3|None|None,test,ok,,0.9411764705882352,0.9411764705882352,0,133,34,256,,,,36.1203007518797,36.1764705882353
hyser,17,456,Corr_white,3,0.7,0.1,0.4,,Corr_white|3|0.7|0.1|0.4|None,test,ok,,0.9705882352941176,0.9705882352941176,1,133,34,256,,,,59.39097744360903,59.55882352941177
hyser,18,456,Corr_raw,1,0.6,0.3,,,Corr_raw|1|0.6|0.3|None|None,test,ok,,0.8235294117647058,0.8235294117647058,0,136,34,256,,,,35.99264705882353,36.05882352941177
hyser,18,456,Corr_white,3,0.7,0.1,0.4,,Corr_white|3|0.7|0.1|0.4|None,test,ok,,0.9411764705882352,0.9411764705882352,1,136,34,256,,,,59.77941176470589,59.6764705882353
hyser,19,456,Corr_raw,1,0.6,0.3,,,Corr_raw|1|0.6|0.3|None|None,test,ok,,1.0,1.0,0,136,34,256,,,,36.25,36.20588235294117
hyser,19,456,Corr_white,3,0.7,0.1,0.4,,Corr_white|3|0.7|0.1|0.4|None,test,ok,,1.0,1.0,1,136,34,256,,,,59.43382352941177,59.41176470588236
hyser,20,456,Corr_raw,1,0.6,0.3,,,Corr_raw|1|0.6|0.3|None|None,test,ok,,0.9411764705882352,0.9411764705882352,0,133,34,256,,,,35.8421052631579,35.94117647058823
hyser,20,456,Corr_white,3,0.7,0.1,0.4,,Corr_white|3|0.7|0.1|0.4|None,test,ok,,0.9705882352941176,0.9705882352941176,1,133,34,256,,,,59.30827067669173,59.35294117647059
hyser,1,789,Corr_raw,5,0.6,0.1,,,Corr_raw|5|0.6|0.1|None|None,test,ok,,1.0,1.0,0,134,34,256,,,,35.3134328358209,35.205882352941174
hyser,1,789,Corr_white,1,0.6,0.2,0.4,,Corr_white|1|0.6|0.2|0.4|None,test,ok,,0.9705882352941176,0.9705882352941176,1,134,34,256,,,,34.082089552238806,34.294117647058826
hyser,2,789,Corr_raw,5,0.6,0.1,,,Corr_raw|5|0.6|0.1|None|None,test,ok,,0.9705882352941176,0.9705882352941176,0,135,34,256,,,,35.25925925925926,35.205882352941174
hyser,2,789,Corr_white,1,0.6,0.2,0.4,,Corr_white|1|0.6|0.2|0.4|None,test,ok,,0.9411764705882352,0.9411764705882352,1,135,34,256,,,,34.41481481481482,34.411764705882355
hyser,3,789,Corr_raw,5,0.6,0.1,,,Corr_raw|5|0.6|0.1|None|None,test,ok,,1.0,1.0,0,130,33,256,,,,35.87692307692308,35.878787878787875
hyser,3,789,Corr_white,1,0.6,0.2,0.4,,Corr_white|1|0.6|0.2|0.4|None,test,ok,,0.9696969696969696,0.9696969696969696,1,130,33,256,,,,34.9,35.121212121212125
hyser,4,789,Corr_raw,5,0.6,0.1,,,Corr_raw|5|0.6|0.1|None|None,test,ok,,0.9705882352941176,0.9705882352941176,0,134,34,256,,,,35.5,35.61764705882353
hyser,4,789,Corr_white,1,0.6,0.2,0.4,,Corr_white|1|0.6|0.2|0.4|None,test,ok,,0.9411764705882352,0.9411764705882352,1,134,34,256,,,,34.76865671641791,34.6764705882353
hyser,5,789,Corr_raw,5,0.6,0.1,,,Corr_raw|5|0.6|0.1|None|None,test,ok,,0.9090909090909092,0.9090909090909092,0,129,33,256,,,,35.50387596899225,35.63636363636363
hyser,5,789,Corr_white,1,0.6,0.2,0.4,,Corr_white|1|0.6|0.2|0.4|None,test,ok,,0.9696969696969696,0.9696969696969696,1,129,33,256,,,,33.97674418604651,34.03030303030303
hyser,6,789,Corr_raw,5,0.6,0.1,,,Corr_raw|5|0.6|0.1|None|None,test,ok,,0.9117647058823528,0.9117647058823528,0,136,34,256,,,,35.419117647058826,35.529411764705884
hyser,6,789,Corr_white,1,0.6,0.2,0.4,,Corr_white|1|0.6|0.2|0.4|None,test,ok,,1.0,1.0,1,136,34,256,,,,34.43382352941177,34.5
hyser,7,789,Corr_raw,5,0.6,0.1,,,Corr_raw|5|0.6|0.1|None|None,test,ok,,0.8823529411764706,0.8823529411764706,0,136,34,256,,,,35.36029411764706,35.294117647058826
hyser,7,789,Corr_white,1,0.6,0.2,0.4,,Corr_white|1|0.6|0.2|0.4|None,test,ok,,0.9411764705882352,0.9411764705882352,1,136,34,256,,,,34.044117647058826,34.294117647058826
hyser,8,789,Corr_raw,5,0.6,0.1,,,Corr_raw|5|0.6|0.1|None|None,test,ok,,0.9705882352941176,0.9705882352941176,0,136,34,256,,,,35.713235294117645,35.6764705882353
hyser,8,789,Corr_white,1,0.6,0.2,0.4,,Corr_white|1|0.6|0.2|0.4|None,test,ok,,0.9411764705882352,0.9411764705882352,1,136,34,256,,,,35.286764705882355,35.05882352941177
hyser,9,789,Corr_raw,5,0.6,0.1,,,Corr_raw|5|0.6|0.1|None|None,test,ok,,0.9705882352941176,0.9705882352941176,0,136,34,256,,,,35.169117647058826,35.11764705882353
hyser,9,789,Corr_white,1,0.6,0.2,0.4,,Corr_white|1|0.6|0.2|0.4|None,test,ok,,0.9705882352941176,0.9705882352941176,1,136,34,256,,,,33.76470588235294,33.8235294117647
hyser,10,789,Corr_raw,5,0.6,0.1,,,Corr_raw|5|0.6|0.1|None|None,test,ok,,0.9411764705882352,0.9411764705882352,0,135,34,256,,,,35.7037037037037,35.705882352941174
hyser,10,789,Corr_white,1,0.6,0.2,0.4,,Corr_white|1|0.6|0.2|0.4|None,test,ok,,1.0,1.0,1,135,34,256,,,,34.54074074074074,34.588235294117645
hyser,11,789,Corr_raw,5,0.6,0.1,,,Corr_raw|5|0.6|0.1|None|None,test,ok,,0.9393939393939394,0.9393939393939394,0,129,33,256,,,,35.41085271317829,35.303030303030305
hyser,11,789,Corr_white,1,0.6,0.2,0.4,,Corr_white|1|0.6|0.2|0.4|None,test,ok,,0.9090909090909092,0.9090909090909092,1,129,33,256,,,,33.31782945736434,33.484848484848484
hyser,12,789,Corr_raw,5,0.6,0.1,,,Corr_raw|5|0.6|0.1|None|None,test,ok,,0.9411764705882352,0.9411764705882352,0,134,34,256,,,,35.55223880597015,35.26470588235294
hyser,12,789,Corr_white,1,0.6,0.2,0.4,,Corr_white|1|0.6|0.2|0.4|None,test,ok,,0.9411764705882352,0.9411764705882352,1,134,34,256,,,,34.007462686567166,34.11764705882353
hyser,13,789,Corr_raw,5,0.6,0.1,,,Corr_raw|5|0.6|0.1|None|None,test,ok,,0.9411764705882352,0.9411764705882352,0,133,34,256,,,,35.721804511278194,35.411764705882355
hyser,13,789,Corr_white,1,0.6,0.2,0.4,,Corr_white|1|0.6|0.2|0.4|None,test,ok,,0.9411764705882352,0.9411764705882352,1,133,34,256,,,,34.38345864661654,34.38235294117647
hyser,14,789,Corr_raw,5,0.6,0.1,,,Corr_raw|5|0.6|0.1|None|None,test,ok,,0.9117647058823528,0.9117647058823528,0,134,34,256,,,,35.47014925373134,35.38235294117647
hyser,14,789,Corr_white,1,0.6,0.2,0.4,,Corr_white|1|0.6|0.2|0.4|None,test,ok,,0.9117647058823528,0.9117647058823528,1,134,34,256,,,,34.440298507462686,34.38235294117647
hyser,15,789,Corr_raw,5,0.6,0.1,,,Corr_raw|5|0.6|0.1|None|None,test,ok,,0.9411764705882352,0.9411764705882352,0,136,34,256,,,,35.779411764705884,35.76470588235294
hyser,15,789,Corr_white,1,0.6,0.2,0.4,,Corr_white|1|0.6|0.2|0.4|None,test,ok,,1.0,1.0,1,136,34,256,,,,35.044117647058826,34.88235294117647
hyser,16,789,Corr_raw,5,0.6,0.1,,,Corr_raw|5|0.6|0.1|None|None,test,ok,,0.8235294117647058,0.8235294117647058,0,131,34,256,,,,35.66412213740458,35.76470588235294
hyser,16,789,Corr_white,1,0.6,0.2,0.4,,Corr_white|1|0.6|0.2|0.4|None,test,ok,,0.7941176470588235,0.7941176470588235,1,131,34,256,,,,35.29770992366412,35.38235294117647
hyser,17,789,Corr_raw,5,0.6,0.1,,,Corr_raw|5|0.6|0.1|None|None,test,ok,,0.9411764705882352,0.9411764705882352,0,133,34,256,,,,35.59398496240601,35.64705882352941
hyser,17,789,Corr_white,1,0.6,0.2,0.4,,Corr_white|1|0.6|0.2|0.4|None,test,ok,,0.9411764705882352,0.9411764705882352,1,133,34,256,,,,34.74436090225564,34.705882352941174
hyser,18,789,Corr_raw,5,0.6,0.1,,,Corr_raw|5|0.6|0.1|None|None,test,ok,,0.8529411764705882,0.8529411764705882,0,136,34,256,,,,35.661764705882355,35.64705882352941
hyser,18,789,Corr_white,1,0.6,0.2,0.4,,Corr_white|1|0.6|0.2|0.4|None,test,ok,,0.9411764705882352,0.9411764705882352,1,136,34,256,,,,33.830882352941174,34.05882352941177
hyser,19,789,Corr_raw,5,0.6,0.1,,,Corr_raw|5|0.6|0.1|None|None,test,ok,,0.9705882352941176,0.9705882352941176,0,136,34,256,,,,35.794117647058826,35.794117647058826
hyser,19,789,Corr_white,1,0.6,0.2,0.4,,Corr_white|1|0.6|0.2|0.4|None,test,ok,,1.0,1.0,1,136,34,256,,,,34.69117647058823,34.705882352941174
hyser,20,789,Corr_raw,5,0.6,0.1,,,Corr_raw|5|0.6|0.1|None|None,test,ok,,0.9705882352941176,0.9705882352941176,0,133,34,256,,,,35.49624060150376,35.64705882352941
hyser,20,789,Corr_white,1,0.6,0.2,0.4,,Corr_white|1|0.6|0.2|0.4|None,test,ok,,0.9411764705882352,0.9411764705882352,1,133,34,256,,,,34.8421052631579,34.85294117647059
hyser,1,2022,Corr_raw,1,0.6,0.3,,,Corr_raw|1|0.6|0.3|None|None,test,ok,,0.9705882352941176,0.9705882352941176,0,134,34,256,,,,35.776119402985074,35.61764705882353
hyser,1,2022,Corr_white,3,0.6,0.1,0.4,,Corr_white|3|0.6|0.1|0.4|None,test,ok,,0.9411764705882352,0.9411764705882352,1,134,34,256,,,,33.649253731343286,33.794117647058826
hyser,2,2022,Corr_raw,1,0.6,0.3,,,Corr_raw|1|0.6|0.3|None|None,test,ok,,0.9117647058823528,0.9117647058823528,0,135,34,256,,,,35.762962962962966,35.911764705882355
hyser,2,2022,Corr_white,3,0.6,0.1,0.4,,Corr_white|3|0.6|0.1|0.4|None,test,ok,,0.9117647058823528,0.9117647058823528,1,135,34,256,,,,33.82962962962963,34.088235294117645
hyser,3,2022,Corr_raw,1,0.6,0.3,,,Corr_raw|1|0.6|0.3|None|None,test,ok,,1.0,1.0,0,130,33,256,,,,36.42307692307692,36.333333333333336
hyser,3,2022,Corr_white,3,0.6,0.1,0.4,,Corr_white|3|0.6|0.1|0.4|None,test,ok,,1.0,1.0,1,130,33,256,,,,34.50769230769231,34.36363636363637
hyser,4,2022,Corr_raw,1,0.6,0.3,,,Corr_raw|1|0.6|0.3|None|None,test,ok,,1.0,1.0,0,134,34,256,,,,36.02985074626866,36.02941176470589
hyser,4,2022,Corr_white,3,0.6,0.1,0.4,,Corr_white|3|0.6|0.1|0.4|None,test,ok,,0.9411764705882352,0.9411764705882352,1,134,34,256,,,,34.23134328358209,34.35294117647059
hyser,5,2022,Corr_raw,1,0.6,0.3,,,Corr_raw|1|0.6|0.3|None|None,test,ok,,0.9090909090909092,0.9090909090909092,0,129,33,256,,,,35.92248062015504,35.878787878787875
hyser,5,2022,Corr_white,3,0.6,0.1,0.4,,Corr_white|3|0.6|0.1|0.4|None,test,ok,,0.8787878787878788,0.8787878787878788,1,129,33,256,,,,33.348837209302324,33.666666666666664
hyser,6,2022,Corr_raw,1,0.6,0.3,,,Corr_raw|1|0.6|0.3|None|None,test,ok,,0.9411764705882352,0.9411764705882352,0,136,34,256,,,,35.911764705882355,35.85294117647059
hyser,6,2022,Corr_white,3,0.6,0.1,0.4,,Corr_white|3|0.6|0.1|0.4|None,test,ok,,0.9117647058823528,0.9117647058823528,1,136,34,256,,,,33.8235294117647,33.85294117647059
hyser,7,2022,Corr_raw,1,0.6,0.3,,,Corr_raw|1|0.6|0.3|None|None,test,ok,,0.9411764705882352,0.9411764705882352,0,136,34,256,,,,35.81617647058823,35.8235294117647
hyser,7,2022,Corr_white,3,0.6,0.1,0.4,,Corr_white|3|0.6|0.1|0.4|None,test,ok,,0.9411764705882352,0.9411764705882352,1,136,34,256,,,,33.56617647058823,33.47058823529412
hyser,8,2022,Corr_raw,1,0.6,0.3,,,Corr_raw|1|0.6|0.3|None|None,test,ok,,0.9411764705882352,0.9411764705882352,0,136,34,256,,,,36.15441176470589,36.38235294117647
hyser,8,2022,Corr_white,3,0.6,0.1,0.4,,Corr_white|3|0.6|0.1|0.4|None,test,ok,,0.9705882352941176,0.9705882352941176,1,136,34,256,,,,34.77205882352941,34.911764705882355
hyser,9,2022,Corr_raw,1,0.6,0.3,,,Corr_raw|1|0.6|0.3|None|None,test,ok,,0.9705882352941176,0.9705882352941176,0,136,34,256,,,,35.625,35.705882352941174
hyser,9,2022,Corr_white,3,0.6,0.1,0.4,,Corr_white|3|0.6|0.1|0.4|None,test,ok,,1.0,1.0,1,136,34,256,,,,33.14705882352941,32.94117647058823
hyser,10,2022,Corr_raw,1,0.6,0.3,,,Corr_raw|1|0.6|0.3|None|None,test,ok,,0.9705882352941176,0.9705882352941176,0,135,34,256,,,,36.08888888888889,36.20588235294117
hyser,10,2022,Corr_white,3,0.6,0.1,0.4,,Corr_white|3|0.6|0.1|0.4|None,test,ok,,1.0,1.0,1,135,34,256,,,,34.007407407407406,34.05882352941177
hyser,11,2022,Corr_raw,1,0.6,0.3,,,Corr_raw|1|0.6|0.3|None|None,test,ok,,0.9090909090909092,0.9090909090909092,0,129,33,256,,,,35.84496124031008,35.72727272727273
hyser,11,2022,Corr_white,3,0.6,0.1,0.4,,Corr_white|3|0.6|0.1|0.4|None,test,ok,,0.8484848484848485,0.8484848484848485,1,129,33,256,,,,32.8062015503876,32.666666666666664
hyser,12,2022,Corr_raw,1,0.6,0.3,,,Corr_raw|1|0.6|0.3|None|None,test,ok,,0.9117647058823528,0.9117647058823528,0,134,34,256,,,,35.83582089552239,35.911764705882355
hyser,12,2022,Corr_white,3,0.6,0.1,0.4,,Corr_white|3|0.6|0.1|0.4|None,test,ok,,1.0,1.0,1,134,34,256,,,,33.365671641791046,33.294117647058826
hyser,13,2022,Corr_raw,1,0.6,0.3,,,Corr_raw|1|0.6|0.3|None|None,test,ok,,0.9411764705882352,0.9411764705882352,0,133,34,256,,,,36.05263157894737,35.97058823529412
hyser,13,2022,Corr_white,3,0.6,0.1,0.4,,Corr_white|3|0.6|0.1|0.4|None,test,ok,,0.9705882352941176,0.9705882352941176,1,133,34,256,,,,33.92481203007519,34.029411764705884
hyser,14,2022,Corr_raw,1,0.6,0.3,,,Corr_raw|1|0.6|0.3|None|None,test,ok,,0.9705882352941176,0.9705882352941176,0,134,34,256,,,,35.940298507462686,35.794117647058826
hyser,14,2022,Corr_white,3,0.6,0.1,0.4,,Corr_white|3|0.6|0.1|0.4|None,test,ok,,0.9411764705882352,0.9411764705882352,1,134,34,256,,,,33.865671641791046,34.0
hyser,15,2022,Corr_raw,1,0.6,0.3,,,Corr_raw|1|0.6|0.3|None|None,test,ok,,0.9117647058823528,0.9117647058823528,0,136,34,256,,,,36.26470588235294,36.02941176470589
hyser,15,2022,Corr_white,3,0.6,0.1,0.4,,Corr_white|3|0.6|0.1|0.4|None,test,ok,,1.0,1.0,1,136,34,256,,,,34.48529411764706,34.61764705882353
hyser,16,2022,Corr_raw,1,0.6,0.3,,,Corr_raw|1|0.6|0.3|None|None,test,ok,,0.9117647058823528,0.9117647058823528,0,131,34,256,,,,36.12213740458015,35.94117647058823
hyser,16,2022,Corr_white,3,0.6,0.1,0.4,,Corr_white|3|0.6|0.1|0.4|None,test,ok,,0.8235294117647058,0.8235294117647058,1,131,34,256,,,,34.847328244274806,34.85294117647059
hyser,17,2022,Corr_raw,1,0.6,0.3,,,Corr_raw|1|0.6|0.3|None|None,test,ok,,0.9411764705882352,0.9411764705882352,0,133,34,256,,,,36.1203007518797,36.11764705882353
hyser,17,2022,Corr_white,3,0.6,0.1,0.4,,Corr_white|3|0.6|0.1|0.4|None,test,ok,,1.0,1.0,1,133,34,256,,,,34.278195488721806,34.44117647058823
hyser,18,2022,Corr_raw,1,0.6,0.3,,,Corr_raw|1|0.6|0.3|None|None,test,ok,,0.7647058823529411,0.7647058823529411,0,136,34,256,,,,36.03676470588236,36.05882352941177
hyser,18,2022,Corr_white,3,0.6,0.1,0.4,,Corr_white|3|0.6|0.1|0.4|None,test,ok,,0.9705882352941176,0.9705882352941176,1,136,34,256,,,,33.25,33.38235294117647
hyser,19,2022,Corr_raw,1,0.6,0.3,,,Corr_raw|1|0.6|0.3|None|None,test,ok,,1.0,1.0,0,136,34,256,,,,36.22794117647059,36.294117647058826
hyser,19,2022,Corr_white,3,0.6,0.1,0.4,,Corr_white|3|0.6|0.1|0.4|None,test,ok,,1.0,1.0,1,136,34,256,,,,34.161764705882355,34.14705882352941
hyser,20,2022,Corr_raw,1,0.6,0.3,,,Corr_raw|1|0.6|0.3|None|None,test,ok,,0.9117647058823528,0.9117647058823528,0,133,34,256,,,,35.88721804511278,35.94117647058823
hyser,20,2022,Corr_white,3,0.6,0.1,0.4,,Corr_white|3|0.6|0.1|0.4|None,test,ok,,0.9705882352941176,0.9705882352941176,1,133,34,256,,,,34.30075187969925,34.5
hyser,1,31415,Corr_raw,3,0.6,0.2,,,Corr_raw|3|0.6|0.2|None|None,test,ok,,0.9411764705882352,0.9411764705882352,0,134,34,256,,,,35.55223880597015,35.794117647058826
hyser,1,31415,Corr_white,1,0.6,0.2,0.4,,Corr_white|1|0.6|0.2|0.4|None,test,ok,,0.9705882352941176,0.9705882352941176,1,134,34,256,,,,34.07462686567164,34.26470588235294
hyser,2,31415,Corr_raw,3,0.6,0.2,,,Corr_raw|3|0.6|0.2|None|None,test,ok,,0.9411764705882352,0.9411764705882352,0,135,34,256,,,,35.577777777777776,35.55882352941177
hyser,2,31415,Corr_white,1,0.6,0.2,0.4,,Corr_white|1|0.6|0.2|0.4|None,test,ok,,1.0,1.0,1,135,34,256,,,,34.41481481481482,34.529411764705884
hyser,3,31415,Corr_raw,3,0.6,0.2,,,Corr_raw|3|0.6|0.2|None|None,test,ok,,0.9696969696969696,0.9696969696969696,0,130,33,256,,,,36.215384615384615,36.27272727272727
hyser,3,31415,Corr_white,1,0.6,0.2,0.4,,Corr_white|1|0.6|0.2|0.4|None,test,ok,,1.0,1.0,1,130,33,256,,,,34.98461538461538,35.0
hyser,4,31415,Corr_raw,3,0.6,0.2,,,Corr_raw|3|0.6|0.2|None|None,test,ok,,0.9411764705882352,0.9411764705882352,0,134,34,256,,,,35.82089552238806,35.8235294117647
hyser,4,31415,Corr_white,1,0.6,0.2,0.4,,Corr_white|1|0.6|0.2|0.4|None,test,ok,,0.9411764705882352,0.9411764705882352,1,134,34,256,,,,34.6865671641791,34.705882352941174
hyser,5,31415,Corr_raw,3,0.6,0.2,,,Corr_raw|3|0.6|0.2|None|None,test,ok,,0.9090909090909092,0.9090909090909092,0,129,33,256,,,,35.84496124031008,35.878787878787875
hyser,5,31415,Corr_white,1,0.6,0.2,0.4,,Corr_white|1|0.6|0.2|0.4|None,test,ok,,0.9393939393939394,0.9393939393939394,1,129,33,256,,,,33.91472868217054,33.90909090909091
hyser,6,31415,Corr_raw,3,0.6,0.2,,,Corr_raw|3|0.6|0.2|None|None,test,ok,,0.9117647058823528,0.9117647058823528,0,136,34,256,,,,35.6985294117647,35.76470588235294
hyser,6,31415,Corr_white,1,0.6,0.2,0.4,,Corr_white|1|0.6|0.2|0.4|None,test,ok,,1.0,1.0,1,136,34,256,,,,34.38970588235294,34.3235294117647
hyser,7,31415,Corr_raw,3,0.6,0.2,,,Corr_raw|3|0.6|0.2|None|None,test,ok,,0.8823529411764706,0.8823529411764706,0,136,34,256,,,,35.63235294117647,35.794117647058826
hyser,7,31415,Corr_white,1,0.6,0.2,0.4,,Corr_white|1|0.6|0.2|0.4|None,test,ok,,0.9705882352941176,0.9705882352941176,1,136,34,256,,,,34.088235294117645,34.23529411764706
hyser,8,31415,Corr_raw,3,0.6,0.2,,,Corr_raw|3|0.6|0.2|None|None,test,ok,,0.9705882352941176,0.9705882352941176,0,136,34,256,,,,36.09558823529412,36.02941176470589
hyser,8,31415,Corr_white,1,0.6,0.2,0.4,,Corr_white|1|0.6|0.2|0.4|None,test,ok,,0.9705882352941176,0.9705882352941176,1,136,34,256,,,,35.14705882352941,35.294117647058826
hyser,9,31415,Corr_raw,3,0.6,0.2,,,Corr_raw|3|0.6|0.2|None|None,test,ok,,0.9411764705882352,0.9411764705882352,0,136,34,256,,,,35.44117647058823,35.38235294117647
hyser,9,31415,Corr_white,1,0.6,0.2,0.4,,Corr_white|1|0.6|0.2|0.4|None,test,ok,,0.9705882352941176,0.9705882352941176,1,136,34,256,,,,33.75,33.85294117647059
hyser,10,31415,Corr_raw,3,0.6,0.2,,,Corr_raw|3|0.6|0.2|None|None,test,ok,,1.0,1.0,0,135,34,256,,,,35.992592592592594,35.911764705882355
hyser,10,31415,Corr_white,1,0.6,0.2,0.4,,Corr_white|1|0.6|0.2|0.4|None,test,ok,,1.0,1.0,1,135,34,256,,,,34.55555555555556,34.73529411764706
hyser,11,31415,Corr_raw,3,0.6,0.2,,,Corr_raw|3|0.6|0.2|None|None,test,ok,,0.9090909090909092,0.9090909090909092,0,129,33,256,,,,35.64341085271318,35.696969696969695
hyser,11,31415,Corr_white,1,0.6,0.2,0.4,,Corr_white|1|0.6|0.2|0.4|None,test,ok,,0.8787878787878788,0.8787878787878788,1,129,33,256,,,,33.24806201550388,33.39393939393939
hyser,12,31415,Corr_raw,3,0.6,0.2,,,Corr_raw|3|0.6|0.2|None|None,test,ok,,0.9117647058823528,0.9117647058823528,0,134,34,256,,,,35.75373134328358,35.61764705882353
hyser,12,31415,Corr_white,1,0.6,0.2,0.4,,Corr_white|1|0.6|0.2|0.4|None,test,ok,,0.9705882352941176,0.9705882352941176,1,134,34,256,,,,34.05223880597015,34.11764705882353
hyser,13,31415,Corr_raw,3,0.6,0.2,,,Corr_raw|3|0.6|0.2|None|None,test,ok,,0.8823529411764706,0.8823529411764706,0,133,34,256,,,,35.86466165413534,35.94117647058823
hyser,13,31415,Corr_white,1,0.6,0.2,0.4,,Corr_white|1|0.6|0.2|0.4|None,test,ok,,0.9705882352941176,0.9705882352941176,1,133,34,256,,,,34.42857142857143,34.3235294117647
hyser,14,31415,Corr_raw,3,0.6,0.2,,,Corr_raw|3|0.6|0.2|None|None,test,ok,,0.9117647058823528,0.9117647058823528,0,134,34,256,,,,35.78358208955224,35.76470588235294
hyser,14,31415,Corr_white,1,0.6,0.2,0.4,,Corr_white|1|0.6|0.2|0.4|None,test,ok,,0.8823529411764706,0.8823529411764706,1,134,34,256,,,,34.343283582089555,34.35294117647059
hyser,15,31415,Corr_raw,3,0.6,0.2,,,Corr_raw|3|0.6|0.2|None|None,test,ok,,0.9411764705882352,0.9411764705882352,0,136,34,256,,,,36.09558823529412,36.02941176470589
hyser,15,31415,Corr_white,1,0.6,0.2,0.4,,Corr_white|1|0.6|0.2|0.4|None,test,ok,,1.0,1.0,1,136,34,256,,,,35.01470588235294,35.11764705882353
hyser,16,31415,Corr_raw,3,0.6,0.2,,,Corr_raw|3|0.6|0.2|None|None,test,ok,,0.9117647058823528,0.9117647058823528,0,131,34,256,,,,35.97709923664122,35.97058823529412
hyser,16,31415,Corr_white,1,0.6,0.2,0.4,,Corr_white|1|0.6|0.2|0.4|None,test,ok,,0.8823529411764706,0.8823529411764706,1,131,34,256,,,,35.267175572519086,35.3235294117647
hyser,17,31415,Corr_raw,3,0.6,0.2,,,Corr_raw|3|0.6|0.2|None|None,test,ok,,0.9411764705882352,0.9411764705882352,0,133,34,256,,,,35.93984962406015,35.8235294117647
hyser,17,31415,Corr_white,1,0.6,0.2,0.4,,Corr_white|1|0.6|0.2|0.4|None,test,ok,,0.9411764705882352,0.9411764705882352,1,133,34,256,,,,34.774436090225564,34.8235294117647
hyser,18,31415,Corr_raw,3,0.6,0.2,,,Corr_raw|3|0.6|0.2|None|None,test,ok,,0.8529411764705882,0.8529411764705882,0,136,34,256,,,,35.875,35.8235294117647
hyser,18,31415,Corr_white,1,0.6,0.2,0.4,,Corr_white|1|0.6|0.2|0.4|None,test,ok,,0.9411764705882352,0.9411764705882352,1,136,34,256,,,,33.88970588235294,33.705882352941174
hyser,19,31415,Corr_raw,3,0.6,0.2,,,Corr_raw|3|0.6|0.2|None|None,test,ok,,0.9411764705882352,0.9411764705882352,0,136,34,256,,,,36.02205882352941,36.14705882352941
hyser,19,31415,Corr_white,1,0.6,0.2,0.4,,Corr_white|1|0.6|0.2|0.4|None,test,ok,,1.0,1.0,1,136,34,256,,,,34.68382352941177,34.73529411764706
hyser,20,31415,Corr_raw,3,0.6,0.2,,,Corr_raw|3|0.6|0.2|None|None,test,ok,,0.9117647058823528,0.9117647058823528,0,133,34,256,,,,35.766917293233085,35.6764705882353
hyser,20,31415,Corr_white,1,0.6,0.2,0.4,,Corr_white|1|0.6|0.2|0.4|None,test,ok,,1.0,1.0,1,133,34,256,,,,34.82706766917293,34.55882352941177
hyser,1,27182,Corr_raw,3,0.6,0.2,,,Corr_raw|3|0.6|0.2|None|None,test,ok,,0.9411764705882352,0.9411764705882352,0,134,34,256,,,,35.58955223880597,35.6764705882353
hyser,1,27182,Corr_white,1,0.7,0.2,0.1,,Corr_white|1|0.7|0.2|0.1|None,test,ok,,0.9411764705882352,0.9411764705882352,1,134,34,256,,,,59.47761194029851,59.55882352941177
hyser,2,27182,Corr_raw,3,0.6,0.2,,,Corr_raw|3|0.6|0.2|None|None,test,ok,,0.9411764705882352,0.9411764705882352,0,135,34,256,,,,35.6,35.529411764705884
hyser,2,27182,Corr_white,1,0.7,0.2,0.1,,Corr_white|1|0.7|0.2|0.1|None,test,ok,,1.0,1.0,1,135,34,256,,,,59.577777777777776,59.794117647058826
hyser,3,27182,Corr_raw,3,0.6,0.2,,,Corr_raw|3|0.6|0.2|None|None,test,ok,,1.0,1.0,0,130,33,256,,,,36.17692307692308,36.18181818181818
hyser,3,27182,Corr_white,1,0.7,0.2,0.1,,Corr_white|1|0.7|0.2|0.1|None,test,ok,,1.0,1.0,1,130,33,256,,,,58.93076923076923,59.09090909090909
hyser,4,27182,Corr_raw,3,0.6,0.2,,,Corr_raw|3|0.6|0.2|None|None,test,ok,,0.9117647058823528,0.9117647058823528,0,134,34,256,,,,35.791044776119406,36.05882352941177
hyser,4,27182,Corr_white,1,0.7,0.2,0.1,,Corr_white|1|0.7|0.2|0.1|None,test,ok,,0.9411764705882352,0.9411764705882352,1,134,34,256,,,,59.17910447761194,59.35294117647059
hyser,5,27182,Corr_raw,3,0.6,0.2,,,Corr_raw|3|0.6|0.2|None|None,test,ok,,0.9090909090909092,0.9090909090909092,0,129,33,256,,,,35.82945736434109,35.78787878787879
hyser,5,27182,Corr_white,1,0.7,0.2,0.1,,Corr_white|1|0.7|0.2|0.1|None,test,ok,,0.8787878787878788,0.8787878787878788,1,129,33,256,,,,59.627906976744185,59.60606060606061
hyser,6,27182,Corr_raw,3,0.6,0.2,,,Corr_raw|3|0.6|0.2|None|None,test,ok,,0.9705882352941176,0.9705882352941176,0,136,34,256,,,,35.786764705882355,35.55882352941177
hyser,6,27182,Corr_white,1,0.7,0.2,0.1,,Corr_white|1|0.7|0.2|0.1|None,test,ok,,0.9705882352941176,0.9705882352941176,1,136,34,256,,,,59.36764705882353,59.52941176470589
hyser,7,27182,Corr_raw,3,0.6,0.2,,,Corr_raw|3|0.6|0.2|None|None,test,ok,,0.8823529411764706,0.8823529411764706,0,136,34,256,,,,35.669117647058826,35.47058823529412
hyser,7,27182,Corr_white,1,0.7,0.2,0.1,,Corr_white|1|0.7|0.2|0.1|None,test,ok,,0.9705882352941176,0.9705882352941176,1,136,34,256,,,,59.625,59.44117647058823
hyser,8,27182,Corr_raw,3,0.6,0.2,,,Corr_raw|3|0.6|0.2|None|None,test,ok,,0.9705882352941176,0.9705882352941176,0,136,34,256,,,,36.088235294117645,36.0
hyser,8,27182,Corr_white,1,0.7,0.2,0.1,,Corr_white|1|0.7|0.2|0.1|None,test,ok,,0.9411764705882352,0.9411764705882352,1,136,34,256,,,,58.74264705882353,58.85294117647059
hyser,9,27182,Corr_raw,3,0.6,0.2,,,Corr_raw|3|0.6|0.2|None|None,test,ok,,0.9411764705882352,0.9411764705882352,0,136,34,256,,,,35.43382352941177,35.47058823529412
hyser,9,27182,Corr_white,1,0.7,0.2,0.1,,Corr_white|1|0.7|0.2|0.1|None,test,ok,,0.9117647058823528,0.9117647058823528,1,136,34,256,,,,59.80882352941177,59.6764705882353
hyser,10,27182,Corr_raw,3,0.6,0.2,,,Corr_raw|3|0.6|0.2|None|None,test,ok,,1.0,1.0,0,135,34,256,,,,35.96296296296296,35.94117647058823
hyser,10,27182,Corr_white,1,0.7,0.2,0.1,,Corr_white|1|0.7|0.2|0.1|None,test,ok,,0.9705882352941176,0.9705882352941176,1,135,34,256,,,,59.31851851851852,59.294117647058826
hyser,11,27182,Corr_raw,3,0.6,0.2,,,Corr_raw|3|0.6|0.2|None|None,test,ok,,1.0,1.0,0,129,33,256,,,,35.713178294573645,35.666666666666664
hyser,11,27182,Corr_white,1,0.7,0.2,0.1,,Corr_white|1|0.7|0.2|0.1|None,test,ok,,0.9090909090909092,0.9090909090909092,1,129,33,256,,,,60.0,59.93939393939394
hyser,12,27182,Corr_raw,3,0.6,0.2,,,Corr_raw|3|0.6|0.2|None|None,test,ok,,1.0,1.0,0,134,34,256,,,,35.723880597014926,35.73529411764706
hyser,12,27182,Corr_white,1,0.7,0.2,0.1,,Corr_white|1|0.7|0.2|0.1|None,test,ok,,0.9411764705882352,0.9411764705882352,1,134,34,256,,,,59.69402985074627,59.8235294117647
hyser,13,27182,Corr_raw,3,0.6,0.2,,,Corr_raw|3|0.6|0.2|None|None,test,ok,,0.9117647058823528,0.9117647058823528,0,133,34,256,,,,35.91729323308271,35.705882352941174
hyser,13,27182,Corr_white,1,0.7,0.2,0.1,,Corr_white|1|0.7|0.2|0.1|None,test,ok,,0.9705882352941176,0.9705882352941176,1,133,34,256,,,,59.39097744360903,59.23529411764706
hyser,14,27182,Corr_raw,3,0.6,0.2,,,Corr_raw|3|0.6|0.2|None|None,test,ok,,0.9117647058823528,0.9117647058823528,0,134,34,256,,,,35.723880597014926,35.794117647058826
hyser,14,27182,Corr_white,1,0.7,0.2,0.1,,Corr_white|1|0.7|0.2|0.1|None,test,ok,,0.8823529411764706,0.8823529411764706,1,134,34,256,,,,59.35074626865672,59.35294117647059
hyser,15,27182,Corr_raw,3,0.6,0.2,,,Corr_raw|3|0.6|0.2|None|None,test,ok,,0.9411764705882352,0.9411764705882352,0,136,34,256,,,,36.10294117647059,35.97058823529412
hyser,15,27182,Corr_white,1,0.7,0.2,0.1,,Corr_white|1|0.7|0.2|0.1|None,test,ok,,1.0,1.0,1,136,34,256,,,,58.91176470588236,58.94117647058823
hyser,16,27182,Corr_raw,3,0.6,0.2,,,Corr_raw|3|0.6|0.2|None|None,test,ok,,0.9705882352941176,0.9705882352941176,0,131,34,256,,,,35.89312977099237,36.0
hyser,16,27182,Corr_white,1,0.7,0.2,0.1,,Corr_white|1|0.7|0.2|0.1|None,test,ok,,0.9705882352941176,0.9705882352941176,1,131,34,256,,,,58.79389312977099,58.73529411764706
hyser,17,27182,Corr_raw,3,0.6,0.2,,,Corr_raw|3|0.6|0.2|None|None,test,ok,,1.0,1.0,0,133,34,256,,,,35.86466165413534,36.088235294117645
hyser,17,27182,Corr_white,1,0.7,0.2,0.1,,Corr_white|1|0.7|0.2|0.1|None,test,ok,,0.9705882352941176,0.9705882352941176,1,133,34,256,,,,59.22556390977444,59.3235294117647
hyser,18,27182,Corr_raw,3,0.6,0.2,,,Corr_raw|3|0.6|0.2|None|None,test,ok,,0.7941176470588235,0.7941176470588235,0,136,34,256,,,,35.86029411764706,35.94117647058823
hyser,18,27182,Corr_white,1,0.7,0.2,0.1,,Corr_white|1|0.7|0.2|0.1|None,test,ok,,1.0,1.0,1,136,34,256,,,,59.5735294117647,59.35294117647059
hyser,19,27182,Corr_raw,3,0.6,0.2,,,Corr_raw|3|0.6|0.2|None|None,test,ok,,0.9117647058823528,0.9117647058823528,0,136,34,256,,,,35.99264705882353,36.23529411764706
hyser,19,27182,Corr_white,1,0.7,0.2,0.1,,Corr_white|1|0.7|0.2|0.1|None,test,ok,,1.0,1.0,1,136,34,256,,,,59.1764705882353,59.20588235294117
hyser,20,27182,Corr_raw,3,0.6,0.2,,,Corr_raw|3|0.6|0.2|None|None,test,ok,,0.9411764705882352,0.9411764705882352,0,133,34,256,,,,35.69924812030075,35.911764705882355
hyser,20,27182,Corr_white,1,0.7,0.2,0.1,,Corr_white|1|0.7|0.2|0.1|None,test,ok,,0.9411764705882352,0.9411764705882352,1,133,34,256,,,,59.17293233082707,59.02941176470589
hyser,1,8675309,Corr_raw,1,0.6,0.3,,,Corr_raw|1|0.6|0.3|None|None,test,ok,,0.9411764705882352,0.9411764705882352,0,134,34,256,,,,35.73880597014925,35.794117647058826
hyser,1,8675309,Corr_white,3,0.6,0.2,0.4,,Corr_white|3|0.6|0.2|0.4|None,test,ok,,1.0,1.0,1,134,34,256,,,,34.24626865671642,34.1764705882353
hyser,2,8675309,Corr_raw,1,0.6,0.3,,,Corr_raw|1|0.6|0.3|None|None,test,ok,,1.0,1.0,0,135,34,256,,,,35.762962962962966,35.911764705882355
hyser,2,8675309,Corr_white,3,0.6,0.2,0.4,,Corr_white|3|0.6|0.2|0.4|None,test,ok,,1.0,1.0,1,135,34,256,,,,34.44444444444444,34.61764705882353
hyser,3,8675309,Corr_raw,1,0.6,0.3,,,Corr_raw|1|0.6|0.3|None|None,test,ok,,0.9696969696969696,0.9696969696969696,0,130,33,256,,,,36.36923076923077,36.39393939393939
hyser,3,8675309,Corr_white,3,0.6,0.2,0.4,,Corr_white|3|0.6|0.2|0.4|None,test,ok,,0.9090909090909092,0.9090909090909092,1,130,33,256,,,,34.99230769230769,35.09090909090909
hyser,4,8675309,Corr_raw,1,0.6,0.3,,,Corr_raw|1|0.6|0.3|None|None,test,ok,,0.9411764705882352,0.9411764705882352,0,134,34,256,,,,36.02238805970149,35.94117647058823
hyser,4,8675309,Corr_white,3,0.6,0.2,0.4,,Corr_white|3|0.6|0.2|0.4|None,test,ok,,0.9705882352941176,0.9705882352941176,1,134,34,256,,,,34.6865671641791,34.88235294117647
hyser,5,8675309,Corr_raw,1,0.6,0.3,,,Corr_raw|1|0.6|0.3|None|None,test,ok,,0.9090909090909092,0.9090909090909092,0,129,33,256,,,,35.87596899224806,36.0
hyser,5,8675309,Corr_white,3,0.6,0.2,0.4,,Corr_white|3|0.6|0.2|0.4|None,test,ok,,0.9090909090909092,0.9090909090909092,1,129,33,256,,,,33.88372093023256,34.09090909090909
hyser,6,8675309,Corr_raw,1,0.6,0.3,,,Corr_raw|1|0.6|0.3|None|None,test,ok,,0.8823529411764706,0.8823529411764706,0,136,34,256,,,,35.9485294117647,35.794117647058826
hyser,6,8675309,Corr_white,3,0.6,0.2,0.4,,Corr_white|3|0.6|0.2|0.4|None,test,ok,,1.0,1.0,1,136,34,256,,,,34.44117647058823,34.47058823529412
hyser,7,8675309,Corr_raw,1,0.6,0.3,,,Corr_raw|1|0.6|0.3|None|None,test,ok,,0.8529411764705882,0.8529411764705882,0,136,34,256,,,,35.81617647058823,35.85294117647059
hyser,7,8675309,Corr_white,3,0.6,0.2,0.4,,Corr_white|3|0.6|0.2|0.4|None,test,ok,,0.9411764705882352,0.9411764705882352,1,136,34,256,,,,34.11764705882353,33.88235294117647
hyser,8,8675309,Corr_raw,1,0.6,0.3,,,Corr_raw|1|0.6|0.3|None|None,test,ok,,0.8823529411764706,0.8823529411764706,0,136,34,256,,,,36.169117647058826,36.294117647058826
hyser,8,8675309,Corr_white,3,0.6,0.2,0.4,,Corr_white|3|0.6|0.2|0.4|None,test,ok,,0.8235294117647058,0.8235294117647058,1,136,34,256,,,,35.286764705882355,35.205882352941174
hyser,9,8675309,Corr_raw,1,0.6,0.3,,,Corr_raw|1|0.6|0.3|None|None,test,ok,,0.9411764705882352,0.9411764705882352,0,136,34,256,,,,35.63970588235294,35.64705882352941
hyser,9,8675309,Corr_white,3,0.6,0.2,0.4,,Corr_white|3|0.6|0.2|0.4|None,test,ok,,0.8823529411764706,0.8823529411764706,1,136,34,256,,,,33.68382352941177,34.0
hyser,10,8675309,Corr_raw,1,0.6,0.3,,,Corr_raw|1|0.6|0.3|None|None,test,ok,,0.9705882352941176,0.9705882352941176,0,135,34,256,,,,36.13333333333333,35.911764705882355
hyser,10,8675309,Corr_white,3,0.6,0.2,0.4,,Corr_white|3|0.6|0.2|0.4|None,test,ok,,1.0,1.0,1,135,34,256,,,,34.62222222222222,34.61764705882353
hyser,11,8675309,Corr_raw,1,0.6,0.3,,,Corr_raw|1|0.6|0.3|None|None,test,ok,,0.9090909090909092,0.9090909090909092,0,129,33,256,,,,35.82170542635659,35.93939393939394
hyser,11,8675309,Corr_white,3,0.6,0.2,0.4,,Corr_white|3|0.6|0.2|0.4|None,test,ok,,0.9090909090909092,0.9090909090909092,1,129,33,256,,,,33.29457364341085,33.24242424242424
hyser,12,8675309,Corr_raw,1,0.6,0.3,,,Corr_raw|1|0.6|0.3|None|None,test,ok,,0.9705882352941176,0.9705882352941176,0,134,34,256,,,,35.90298507462686,36.0
hyser,12,8675309,Corr_white,3,0.6,0.2,0.4,,Corr_white|3|0.6|0.2|0.4|None,test,ok,,0.9705882352941176,0.9705882352941176,1,134,34,256,,,,34.082089552238806,34.0
hyser,13,8675309,Corr_raw,1,0.6,0.3,,,Corr_raw|1|0.6|0.3|None|None,test,ok,,0.9411764705882352,0.9411764705882352,0,133,34,256,,,,35.96992481203007,36.05882352941177
hyser,13,8675309,Corr_white,3,0.6,0.2,0.4,,Corr_white|3|0.6|0.2|0.4|None,test,ok,,0.9117647058823528,0.9117647058823528,1,133,34,256,,,,34.41353383458647,34.588235294117645
hyser,14,8675309,Corr_raw,1,0.6,0.3,,,Corr_raw|1|0.6|0.3|None|None,test,ok,,0.8235294117647058,0.8235294117647058,0,134,34,256,,,,35.90298507462686,36.02941176470589
hyser,14,8675309,Corr_white,3,0.6,0.2,0.4,,Corr_white|3|0.6|0.2|0.4|None,test,ok,,0.8823529411764706,0.8823529411764706,1,134,34,256,,,,34.44776119402985,34.55882352941177
hyser,15,8675309,Corr_raw,1,0.6,0.3,,,Corr_raw|1|0.6|0.3|None|None,test,ok,,0.9411764705882352,0.9411764705882352,0,136,34,256,,,,36.24264705882353,36.088235294117645
hyser,15,8675309,Corr_white,3,0.6,0.2,0.4,,Corr_white|3|0.6|0.2|0.4|None,test,ok,,0.9705882352941176,0.9705882352941176,1,136,34,256,,,,35.01470588235294,35.14705882352941
hyser,16,8675309,Corr_raw,1,0.6,0.3,,,Corr_raw|1|0.6|0.3|None|None,test,ok,,0.9411764705882352,0.9411764705882352,0,131,34,256,,,,36.10687022900763,35.911764705882355
hyser,16,8675309,Corr_white,3,0.6,0.2,0.4,,Corr_white|3|0.6|0.2|0.4|None,test,ok,,0.8823529411764706,0.8823529411764706,1,131,34,256,,,,35.29007633587786,35.1764705882353
hyser,17,8675309,Corr_raw,1,0.6,0.3,,,Corr_raw|1|0.6|0.3|None|None,test,ok,,0.8823529411764706,0.8823529411764706,0,133,34,256,,,,36.11278195488722,36.0
hyser,17,8675309,Corr_white,3,0.6,0.2,0.4,,Corr_white|3|0.6|0.2|0.4|None,test,ok,,0.9117647058823528,0.9117647058823528,1,133,34,256,,,,34.78195488721804,34.85294117647059
hyser,18,8675309,Corr_raw,1,0.6,0.3,,,Corr_raw|1|0.6|0.3|None|None,test,ok,,0.8235294117647058,0.8235294117647058,0,136,34,256,,,,36.03676470588236,35.94117647058823
hyser,18,8675309,Corr_white,3,0.6,0.2,0.4,,Corr_white|3|0.6|0.2|0.4|None,test,ok,,0.9117647058823528,0.9117647058823528,1,136,34,256,,,,33.838235294117645,33.85294117647059
hyser,19,8675309,Corr_raw,1,0.6,0.3,,,Corr_raw|1|0.6|0.3|None|None,test,ok,,0.9117647058823528,0.9117647058823528,0,136,34,256,,,,36.22794117647059,36.294117647058826
hyser,19,8675309,Corr_white,3,0.6,0.2,0.4,,Corr_white|3|0.6|0.2|0.4|None,test,ok,,1.0,1.0,1,136,34,256,,,,34.72794117647059,34.76470588235294
hyser,20,8675309,Corr_raw,1,0.6,0.3,,,Corr_raw|1|0.6|0.3|None|None,test,ok,,0.9705882352941176,0.9705882352941176,0,133,34,256,,,,35.86466165413534,35.911764705882355
hyser,20,8675309,Corr_white,3,0.6,0.2,0.4,,Corr_white|3|0.6|0.2|0.4|None,test,ok,,0.9117647058823528,0.9117647058823528,1,133,34,256,,,,34.83458646616541,34.8235294117647
hyser,1,104729,Corr_raw,3,0.6,0.1,,,Corr_raw|3|0.6|0.1|None|None,test,ok,,0.9705882352941176,0.9705882352941176,0,134,34,256,,,,35.298507462686565,35.3235294117647
hyser,1,104729,Corr_white,1,0.6,0.1,0.1,,Corr_white|1|0.6|0.1|0.1|None,test,ok,,0.9411764705882352,0.9411764705882352,1,134,34,256,,,,32.708955223880594,32.794117647058826
hyser,2,104729,Corr_raw,3,0.6,0.1,,,Corr_raw|3|0.6|0.1|None|None,test,ok,,0.9705882352941176,0.9705882352941176,0,135,34,256,,,,35.22222222222222,35.294117647058826
hyser,2,104729,Corr_white,1,0.6,0.1,0.1,,Corr_white|1|0.6|0.1|0.1|None,test,ok,,0.9411764705882352,0.9411764705882352,1,135,34,256,,,,33.03703703703704,33.0
hyser,3,104729,Corr_raw,3,0.6,0.1,,,Corr_raw|3|0.6|0.1|None|None,test,ok,,0.9696969696969696,0.9696969696969696,0,130,33,256,,,,35.91538461538462,35.93939393939394
hyser,3,104729,Corr_white,1,0.6,0.1,0.1,,Corr_white|1|0.6|0.1|0.1|None,test,ok,,1.0,1.0,1,130,33,256,,,,33.55384615384615,33.45454545454545
hyser,4,104729,Corr_raw,3,0.6,0.1,,,Corr_raw|3|0.6|0.1|None|None,test,ok,,0.9705882352941176,0.9705882352941176,0,134,34,256,,,,35.53731343283582,35.529411764705884
hyser,4,104729,Corr_white,1,0.6,0.1,0.1,,Corr_white|1|0.6|0.1|0.1|None,test,ok,,1.0,1.0,1,134,34,256,,,,33.38059701492537,33.26470588235294
hyser,5,104729,Corr_raw,3,0.6,0.1,,,Corr_raw|3|0.6|0.1|None|None,test,ok,,1.0,1.0,0,129,33,256,,,,35.55038759689923,35.57575757575758
hyser,5,104729,Corr_white,1,0.6,0.1,0.1,,Corr_white|1|0.6|0.1|0.1|None,test,ok,,0.9090909090909092,0.9090909090909092,1,129,33,256,,,,32.24031007751938,32.24242424242424
hyser,6,104729,Corr_raw,3,0.6,0.1,,,Corr_raw|3|0.6|0.1|None|None,test,ok,,0.9705882352941176,0.9705882352941176,0,136,34,256,,,,35.544117647058826,35.35294117647059
hyser,6,104729,Corr_white,1,0.6,0.1,0.1,,Corr_white|1|0.6|0.1|0.1|None,test,ok,,0.9411764705882352,0.9411764705882352,1,136,34,256,,,,32.86029411764706,32.85294117647059
hyser,7,104729,Corr_raw,3,0.6,0.1,,,Corr_raw|3|0.6|0.1|None|None,test,ok,,0.9705882352941176,0.9705882352941176,0,136,34,256,,,,35.38235294117647,35.35294117647059
hyser,7,104729,Corr_white,1,0.6,0.1,0.1,,Corr_white|1|0.6|0.1|0.1|None,test,ok,,0.9705882352941176,0.9705882352941176,1,136,34,256,,,,32.463235294117645,32.73529411764706
hyser,8,104729,Corr_raw,3,0.6,0.1,,,Corr_raw|3|0.6|0.1|None|None,test,ok,,1.0,1.0,0,136,34,256,,,,35.74264705882353,35.794117647058826
hyser,8,104729,Corr_white,1,0.6,0.1,0.1,,Corr_white|1|0.6|0.1|0.1|None,test,ok,,0.9705882352941176,0.9705882352941176,1,136,34,256,,,,34.00735294117647,33.94117647058823
hyser,9,104729,Corr_raw,3,0.6,0.1,,,Corr_raw|3|0.6|0.1|None|None,test,ok,,0.8823529411764706,0.8823529411764706,0,136,34,256,,,,35.1985294117647,35.14705882352941
hyser,9,104729,Corr_white,1,0.6,0.1,0.1,,Corr_white|1|0.6|0.1|0.1|None,test,ok,,0.8823529411764706,0.8823529411764706,1,136,34,256,,,,32.13235294117647,32.0
hyser,10,104729,Corr_raw,3,0.6,0.1,,,Corr_raw|3|0.6|0.1|None|None,test,ok,,1.0,1.0,0,135,34,256,,,,35.681481481481484,35.61764705882353
hyser,10,104729,Corr_white,1,0.6,0.1,0.1,,Corr_white|1|0.6|0.1|0.1|None,test,ok,,1.0,1.0,1,135,34,256,,,,33.1037037037037,33.23529411764706
hyser,11,104729,Corr_raw,3,0.6,0.1,,,Corr_raw|3|0.6|0.1|None|None,test,ok,,0.9090909090909092,0.9090909090909092,0,129,33,256,,,,35.44961240310077,35.333333333333336
hyser,11,104729,Corr_white,1,0.6,0.1,0.1,,Corr_white|1|0.6|0.1|0.1|None,test,ok,,0.9090909090909092,0.9090909090909092,1,129,33,256,,,,31.65116279069768,31.848484848484848
hyser,12,104729,Corr_raw,3,0.6,0.1,,,Corr_raw|3|0.6|0.1|None|None,test,ok,,0.9117647058823528,0.9117647058823528,0,134,34,256,,,,35.582089552238806,35.294117647058826
hyser,12,104729,Corr_white,1,0.6,0.1,0.1,,Corr_white|1|0.6|0.1|0.1|None,test,ok,,0.9411764705882352,0.9411764705882352,1,134,34,256,,,,32.343283582089555,32.44117647058823
hyser,13,104729,Corr_raw,3,0.6,0.1,,,Corr_raw|3|0.6|0.1|None|None,test,ok,,0.8235294117647058,0.8235294117647058,0,133,34,256,,,,35.78947368421053,35.35294117647059
hyser,13,104729,Corr_white,1,0.6,0.1,0.1,,Corr_white|1|0.6|0.1|0.1|None,test,ok,,0.9411764705882352,0.9411764705882352,1,133,34,256,,,,33.0,32.911764705882355
hyser,14,104729,Corr_raw,3,0.6,0.1,,,Corr_raw|3|0.6|0.1|None|None,test,ok,,0.8823529411764706,0.8823529411764706,0,134,34,256,,,,35.44776119402985,35.44117647058823
hyser,14,104729,Corr_white,1,0.6,0.1,0.1,,Corr_white|1|0.6|0.1|0.1|None,test,ok,,0.9117647058823528,0.9117647058823528,1,134,34,256,,,,32.97014925373134,32.94117647058823
hyser,15,104729,Corr_raw,3,0.6,0.1,,,Corr_raw|3|0.6|0.1|None|None,test,ok,,0.9117647058823528,0.9117647058823528,0,136,34,256,,,,35.75735294117647,35.588235294117645
hyser,15,104729,Corr_white,1,0.6,0.1,0.1,,Corr_white|1|0.6|0.1|0.1|None,test,ok,,1.0,1.0,1,136,34,256,,,,33.536764705882355,33.8235294117647
hyser,16,104729,Corr_raw,3,0.6,0.1,,,Corr_raw|3|0.6|0.1|None|None,test,ok,,0.8823529411764706,0.8823529411764706,0,131,34,256,,,,35.68702290076336,35.61764705882353
hyser,16,104729,Corr_white,1,0.6,0.1,0.1,,Corr_white|1|0.6|0.1|0.1|None,test,ok,,0.9411764705882352,0.9411764705882352,1,131,34,256,,,,34.06870229007634,34.14705882352941
hyser,17,104729,Corr_raw,3,0.6,0.1,,,Corr_raw|3|0.6|0.1|None|None,test,ok,,0.9117647058823528,0.9117647058823528,0,133,34,256,,,,35.63157894736842,35.64705882352941
hyser,17,104729,Corr_white,1,0.6,0.1,0.1,,Corr_white|1|0.6|0.1|0.1|None,test,ok,,0.9705882352941176,0.9705882352941176,1,133,34,256,,,,33.5187969924812,33.6764705882353
hyser,18,104729,Corr_raw,3,0.6,0.1,,,Corr_raw|3|0.6|0.1|None|None,test,ok,,0.8529411764705882,0.8529411764705882,0,136,34,256,,,,35.69117647058823,35.55882352941177
hyser,18,104729,Corr_white,1,0.6,0.1,0.1,,Corr_white|1|0.6|0.1|0.1|None,test,ok,,0.9705882352941176,0.9705882352941176,1,136,34,256,,,,32.1764705882353,32.1764705882353
hyser,19,104729,Corr_raw,3,0.6,0.1,,,Corr_raw|3|0.6|0.1|None|None,test,ok,,0.9411764705882352,0.9411764705882352,0,136,34,256,,,,35.779411764705884,35.8235294117647
hyser,19,104729,Corr_white,1,0.6,0.1,0.1,,Corr_white|1|0.6|0.1|0.1|None,test,ok,,1.0,1.0,1,136,34,256,,,,33.24264705882353,33.1764705882353
hyser,20,104729,Corr_raw,3,0.6,0.1,,,Corr_raw|3|0.6|0.1|None|None,test,ok,,0.9117647058823528,0.9117647058823528,0,133,34,256,,,,35.57142857142857,35.44117647058823
hyser,20,104729,Corr_white,1,0.6,0.1,0.1,,Corr_white|1|0.6|0.1|0.1|None,test,ok,,0.9705882352941176,0.9705882352941176,1,133,34,256,,,,33.473684210526315,33.588235294117645
hyser,1,99991,Corr_raw,1,0.6,0.1,,,Corr_raw|1|0.6|0.1|None|None,test,ok,,0.8823529411764706,0.8823529411764706,0,134,34,256,,,,35.291044776119406,35.3235294117647
hyser,1,99991,Corr_white,1,0.5,0.1,0.4,,Corr_white|1|0.5|0.1|0.4|None,test,ok,,0.9117647058823528,0.9117647058823528,1,134,34,256,,,,21.09701492537313,21.23529411764705
hyser,2,99991,Corr_raw,1,0.6,0.1,,,Corr_raw|1|0.6|0.1|None|None,test,ok,,1.0,1.0,0,135,34,256,,,,35.19259259259259,35.205882352941174
hyser,2,99991,Corr_white,1,0.5,0.1,0.4,,Corr_white|1|0.5|0.1|0.4|None,test,ok,,0.9705882352941176,0.9705882352941176,1,135,34,256,,,,21.88888888888889,22.08823529411765
hyser,3,99991,Corr_raw,1,0.6,0.1,,,Corr_raw|1|0.6|0.1|None|None,test,ok,,0.9696969696969696,0.9696969696969696,0,130,33,256,,,,35.93076923076923,35.75757575757576
hyser,3,99991,Corr_white,1,0.5,0.1,0.4,,Corr_white|1|0.5|0.1|0.4|None,test,ok,,0.9393939393939394,0.9393939393939394,1,130,33,256,,,,22.338461538461537,22.363636363636363
hyser,4,99991,Corr_raw,1,0.6,0.1,,,Corr_raw|1|0.6|0.1|None|None,test,ok,,0.9411764705882352,0.9411764705882352,0,134,34,256,,,,35.52985074626866,35.47058823529412
hyser,4,99991,Corr_white,1,0.5,0.1,0.4,,Corr_white|1|0.5|0.1|0.4|None,test,ok,,0.9117647058823528,0.9117647058823528,1,134,34,256,,,,21.99253731343284,22.029411764705884
hyser,5,99991,Corr_raw,1,0.6,0.1,,,Corr_raw|1|0.6|0.1|None|None,test,ok,,0.9090909090909092,0.9090909090909092,0,129,33,256,,,,35.57364341085271,35.51515151515152
hyser,5,99991,Corr_white,1,0.5,0.1,0.4,,Corr_white|1|0.5|0.1|0.4|None,test,ok,,1.0,1.0,1,129,33,256,,,,20.666666666666668,20.63636363636364
hyser,6,99991,Corr_raw,1,0.6,0.1,,,Corr_raw|1|0.6|0.1|None|None,test,ok,,0.9705882352941176,0.9705882352941176,0,136,34,256,,,,35.5,35.5
hyser,6,99991,Corr_white,1,0.5,0.1,0.4,,Corr_white|1|0.5|0.1|0.4|None,test,ok,,0.9705882352941176,0.9705882352941176,1,136,34,256,,,,21.375,21.41176470588235
hyser,7,99991,Corr_raw,1,0.6,0.1,,,Corr_raw|1|0.6|0.1|None|None,test,ok,,0.8529411764705882,0.8529411764705882,0,136,34,256,,,,35.404411764705884,35.35294117647059
hyser,7,99991,Corr_white,1,0.5,0.1,0.4,,Corr_white|1|0.5|0.1|0.4|None,test,ok,,0.9117647058823528,0.9117647058823528,1,136,34,256,,,,20.823529411764707,20.91176470588235
hyser,8,99991,Corr_raw,1,0.6,0.1,,,Corr_raw|1|0.6|0.1|None|None,test,ok,,1.0,1.0,0,136,34,256,,,,35.75735294117647,35.55882352941177
hyser,8,99991,Corr_white,1,0.5,0.1,0.4,,Corr_white|1|0.5|0.1|0.4|None,test,ok,,1.0,1.0,1,136,34,256,,,,22.99264705882353,22.97058823529412
hyser,9,99991,Corr_raw,1,0.6,0.1,,,Corr_raw|1|0.6|0.1|None|None,test,ok,,1.0,1.0,0,136,34,256,,,,35.161764705882355,35.26470588235294
hyser,9,99991,Corr_white,1,0.5,0.1,0.4,,Corr_white|1|0.5|0.1|0.4|None,test,ok,,0.8235294117647058,0.8235294117647058,1,136,34,256,,,,20.264705882352946,20.323529411764707
hyser,10,99991,Corr_raw,1,0.6,0.1,,,Corr_raw|1|0.6|0.1|None|None,test,ok,,0.9411764705882352,0.9411764705882352,0,135,34,256,,,,35.65925925925926,35.705882352941174
hyser,10,99991,Corr_white,1,0.5,0.1,0.4,,Corr_white|1|0.5|0.1|0.4|None,test,ok,,0.9411764705882352,0.9411764705882352,1,135,34,256,,,,21.844444444444445,21.97058823529412
hyser,11,99991,Corr_raw,1,0.6,0.1,,,Corr_raw|1|0.6|0.1|None|None,test,ok,,0.8787878787878788,0.8787878787878788,0,129,33,256,,,,35.44961240310077,35.24242424242424
hyser,11,99991,Corr_white,1,0.5,0.1,0.4,,Corr_white|1|0.5|0.1|0.4|None,test,ok,,0.9393939393939394,0.9393939393939394,1,129,33,256,,,,19.666666666666668,19.818181818181817
hyser,12,99991,Corr_raw,1,0.6,0.1,,,Corr_raw|1|0.6|0.1|None|None,test,ok,,0.9117647058823528,0.9117647058823528,0,134,34,256,,,,35.507462686567166,35.588235294117645
hyser,12,99991,Corr_white,1,0.5,0.1,0.4,,Corr_white|1|0.5|0.1|0.4|None,test,ok,,0.9411764705882352,0.9411764705882352,1,134,34,256,,,,20.58955223880597,20.97058823529412
hyser,13,99991,Corr_raw,1,0.6,0.1,,,Corr_raw|1|0.6|0.1|None|None,test,ok,,0.9411764705882352,0.9411764705882352,0,133,34,256,,,,35.721804511278194,35.705882352941174
hyser,13,99991,Corr_white,1,0.5,0.1,0.4,,Corr_white|1|0.5|0.1|0.4|None,test,ok,,0.9411764705882352,0.9411764705882352,1,133,34,256,,,,21.526315789473685,21.647058823529413
hyser,14,99991,Corr_raw,1,0.6,0.1,,,Corr_raw|1|0.6|0.1|None|None,test,ok,,0.8823529411764706,0.8823529411764706,0,134,34,256,,,,35.3955223880597,35.705882352941174
hyser,14,99991,Corr_white,1,0.5,0.1,0.4,,Corr_white|1|0.5|0.1|0.4|None,test,ok,,0.9411764705882352,0.9411764705882352,1,134,34,256,,,,21.529850746268657,21.91176470588235
hyser,15,99991,Corr_raw,1,0.6,0.1,,,Corr_raw|1|0.6|0.1|None|None,test,ok,,1.0,1.0,0,136,34,256,,,,35.779411764705884,35.76470588235294
hyser,15,99991,Corr_white,1,0.5,0.1,0.4,,Corr_white|1|0.5|0.1|0.4|None,test,ok,,0.9705882352941176,0.9705882352941176,1,136,34,256,,,,22.44117647058824,22.558823529411764
hyser,16,99991,Corr_raw,1,0.6,0.1,,,Corr_raw|1|0.6|0.1|None|None,test,ok,,0.9705882352941176,0.9705882352941176,0,131,34,256,,,,35.62595419847328,35.705882352941174
hyser,16,99991,Corr_white,1,0.5,0.1,0.4,,Corr_white|1|0.5|0.1|0.4|None,test,ok,,0.8823529411764706,0.8823529411764706,1,131,34,256,,,,23.0,23.38235294117647
hyser,17,99991,Corr_raw,1,0.6,0.1,,,Corr_raw|1|0.6|0.1|None|None,test,ok,,0.8823529411764706,0.8823529411764706,0,133,34,256,,,,35.68421052631579,35.35294117647059
hyser,17,99991,Corr_white,1,0.5,0.1,0.4,,Corr_white|1|0.5|0.1|0.4|None,test,ok,,0.9705882352941176,0.9705882352941176,1,133,34,256,,,,22.72932330827068,22.558823529411764
hyser,18,99991,Corr_raw,1,0.6,0.1,,,Corr_raw|1|0.6|0.1|None|None,test,ok,,0.7647058823529411,0.7647058823529411,0,136,34,256,,,,35.72058823529412,35.5
hyser,18,99991,Corr_white,1,0.5,0.1,0.4,,Corr_white|1|0.5|0.1|0.4|None,test,ok,,0.8529411764705882,0.8529411764705882,1,136,34,256,,,,20.397058823529413,20.529411764705884
hyser,19,99991,Corr_raw,1,0.6,0.1,,,Corr_raw|1|0.6|0.1|None|None,test,ok,,0.9411764705882352,0.9411764705882352,0,136,34,256,,,,35.77205882352941,35.794117647058826
hyser,19,99991,Corr_white,1,0.5,0.1,0.4,,Corr_white|1|0.5|0.1|0.4|None,test,ok,,1.0,1.0,1,136,34,256,,,,21.801470588235293,21.91176470588235
hyser,20,99991,Corr_raw,1,0.6,0.1,,,Corr_raw|1|0.6|0.1|None|None,test,ok,,0.9411764705882352,0.9411764705882352,0,133,34,256,,,,35.526315789473685,35.64705882352941
hyser,20,99991,Corr_white,1,0.5,0.1,0.4,,Corr_white|1|0.5|0.1|0.4|None,test,ok,,0.9705882352941176,0.9705882352941176,1,133,34,256,,,,22.330827067669173,22.323529411764707
rice,0,42,Naive_raw,41,,,,0.2,Naive_raw|41|None|None|None|0.2,test,ok,,0.2421052631578947,0.2421052631578947,0,581,190,256,,,,251.8640275387264,252.6
rice,0,42,Naive_white,15,,,,0.3,Naive_white|15|None|None|None|0.3,test,ok,,0.431578947368421,0.431578947368421,1,581,190,256,,,,86.8209982788296,85.2578947368421
rice,0,123,Naive_raw,41,,,,0.2,Naive_raw|41|None|None|None|0.2,test,ok,,0.2263157894736842,0.2263157894736842,0,581,190,256,,,,252.53872633390705,252.05263157894737
rice,0,123,Naive_white,5,,,,0.2,Naive_white|5|None|None|None|0.2,test,ok,,0.4052631578947368,0.4052631578947368,1,581,190,256,,,,76.75043029259896,76.41578947368421
rice,0,456,Naive_raw,11,,,,0.2,Naive_raw|11|None|None|None|0.2,test,ok,,0.2263157894736842,0.2263157894736842,0,581,190,256,,,,252.0688468158348,252.06315789473683
rice,0,456,Naive_white,5,,,,0.4,Naive_white|5|None|None|None|0.4,test,ok,,0.4684210526315789,0.4684210526315789,1,581,190,256,,,,92.75559380378658,93.67368421052632
rice,0,789,Naive_raw,11,,,,0.1,Naive_raw|11|None|None|None|0.1,test,ok,,0.2578947368421053,0.2578947368421053,0,581,190,256,,,,250.7435456110155,250.69473684210527
rice,0,789,Naive_white,15,,,,0.3,Naive_white|15|None|None|None|0.3,test,ok,,0.3894736842105263,0.3894736842105263,1,581,190,256,,,,86.86746987951807,87.16315789473684
rice,0,2022,Naive_raw,7,,,,0.1,Naive_raw|7|None|None|None|0.1,test,ok,,0.2736842105263158,0.2736842105263158,0,581,190,256,,,,250.8296041308089,250.44736842105263
rice,0,2022,Naive_white,11,,,,0.4,Naive_white|11|None|None|None|0.4,test,ok,,0.4473684210526316,0.4473684210526316,1,581,190,256,,,,92.8829604130809,92.94736842105264
rice,0,31415,Naive_raw,7,,,,0.1,Naive_raw|7|None|None|None|0.1,test,ok,,0.2789473684210526,0.2789473684210526,0,581,190,256,,,,250.66265060240963,251.7263157894737
rice,0,31415,Naive_white,15,,,,0.4,Naive_white|15|None|None|None|0.4,test,ok,,0.4,0.4,1,581,190,256,,,,92.80550774526678,93.0578947368421
rice,0,27182,Naive_raw,21,,,,0.2,Naive_raw|21|None|None|None|0.2,test,ok,,0.2157894736842105,0.2157894736842105,0,581,190,256,,,,252.2839931153184,251.42631578947368
rice,0,27182,Naive_white,11,,,,0.4,Naive_white|11|None|None|None|0.4,test,ok,,0.4368421052631578,0.4368421052631579,1,581,190,256,,,,92.8382099827883,93.04736842105264
rice,0,8675309,Naive_raw,9,,,,0.1,Naive_raw|9|None|None|None|0.1,test,ok,,0.2526315789473684,0.2526315789473684,0,581,190,256,,,,250.9414802065405,250.0842105263158
rice,0,8675309,Naive_white,7,,,,0.1,Naive_white|7|None|None|None|0.1,test,ok,,0.3526315789473684,0.3526315789473684,1,581,190,256,,,,60.61273666092943,59.97894736842105
rice,0,104729,Naive_raw,31,,,,0.2,Naive_raw|31|None|None|None|0.2,test,ok,,0.2526315789473684,0.2526315789473684,0,581,190,256,,,,252.39931153184165,251.1052631578948
rice,0,104729,Naive_white,7,,,,0.4,Naive_white|7|None|None|None|0.4,test,ok,,0.4526315789473683,0.4526315789473684,1,581,190,256,,,,92.87607573149742,91.7157894736842
rice,0,99991,Naive_raw,41,,,,0.2,Naive_raw|41|None|None|None|0.2,test,ok,,0.2736842105263157,0.2736842105263158,0,581,190,256,,,,252.0585197934596,252.5421052631579
rice,0,99991,Naive_white,7,,,,0.1,Naive_white|7|None|None|None|0.1,test,ok,,0.431578947368421,0.431578947368421,1,581,190,256,,,,60.667814113597245,61.3
corn,0,42,Naive_raw,5,,,,0.1,Naive_raw|5|None|None|None|0.1,test,ok,,0.5603070175438597,0.5606694560669456,0,1436,478,300,,,,1.486072423398329,1.5188284518828452
corn,0,42,Naive_white,9,,,,0.1,Naive_white|9|None|None|None|0.1,test,ok,,0.481030701754386,0.4811715481171548,1,1436,478,300,,,,61.886490250696376,62.19037656903766
corn,0,123,Naive_raw,5,,,,0.1,Naive_raw|5|None|None|None|0.1,test,ok,,0.5769736842105263,0.5774058577405857,0,1436,478,300,,,,1.492339832869081,1.5334728033472804
corn,0,123,Naive_white,1,,,,0.1,Naive_white|1|None|None|None|0.1,test,ok,,0.4664473684210526,0.4665271966527197,1,1436,478,300,,,,61.99303621169916,60.39539748953975
corn,0,456,Naive_raw,9,,,,0.1,Naive_raw|9|None|None|None|0.1,test,ok,,0.581030701754386,0.5815899581589958,0,1436,478,300,,,,1.486072423398329,1.49581589958159
corn,0,456,Naive_white,9,,,,0.1,Naive_white|9|None|None|None|0.1,test,ok,,0.531798245614035,0.5313807531380753,1,1436,478,300,,,,61.84401114206128,60.90167364016737
corn,0,789,Naive_raw,11,,,,0.1,Naive_raw|11|None|None|None|0.1,test,ok,,0.5895833333333332,0.5899581589958159,0,1436,478,300,,,,1.506267409470752,1.4895397489539748
corn,0,789,Naive_white,1,,,,0.2,Naive_white|1|None|None|None|0.2,test,ok,,0.5097587719298246,0.5104602510460251,1,1436,478,300,,,,69.76392757660167,69.07531380753139
corn,0,2022,Naive_raw,5,,,,0.1,Naive_raw|5|None|None|None|0.1,test,ok,,0.6002192982456139,0.600418410041841,0,1436,478,300,,,,1.4818941504178271,1.5523012552301256
corn,0,2022,Naive_white,15,,,,0.1,Naive_white|15|None|None|None|0.1,test,ok,,0.5099780701754385,0.5104602510460251,1,1436,478,300,,,,61.80919220055711,61.91422594142259
corn,0,31415,Naive_raw,7,,,,0.1,Naive_raw|7|None|None|None|0.1,test,ok,,0.6043859649122807,0.604602510460251,0,1436,478,300,,,,1.4951253481894151,1.5146443514644352
corn,0,31415,Naive_white,1,,,,0.4,Naive_white|1|None|None|None|0.4,test,ok,,0.487609649122807,0.4874476987447699,1,1436,478,300,,,,78.23955431754875,79.91213389121339
corn,0,27182,Naive_raw,5,,,,0.1,Naive_raw|5|None|None|None|0.1,test,ok,,0.575109649122807,0.5753138075313807,0,1436,478,300,,,,1.4965181058495822,1.497907949790795
corn,0,27182,Naive_white,7,,,,0.1,Naive_white|7|None|None|None|0.1,test,ok,,0.494078947368421,0.4937238493723849,1,1436,478,300,,,,61.87604456824513,61.21129707112971
corn,0,8675309,Naive_raw,1,,,,0.1,Naive_raw|1|None|None|None|0.1,test,ok,,0.5797149122807018,0.5794979079497908,0,1436,478,300,,,,1.498607242339833,1.5125523012552302
corn,0,8675309,Naive_white,7,,,,0.2,Naive_white|7|None|None|None|0.2,test,ok,,0.5293859649122806,0.5292887029288703,1,1436,478,300,,,,69.9108635097493,69.67364016736401
corn,0,104729,Naive_raw,11,,,,0.1,Naive_raw|11|None|None|None|0.1,test,ok,,0.5912280701754385,0.5920502092050209,0,1436,478,300,,,,1.4944289693593316,1.5104602510460252
corn,0,104729,Naive_white,7,,,,0.1,Naive_white|7|None|None|None|0.1,test,ok,,0.499780701754386,0.5,1,1436,478,300,,,,61.84610027855153,61.24058577405858
corn,0,99991,Naive_raw,3,,,,0.1,Naive_raw|3|None|None|None|0.1,test,ok,,0.587390350877193,0.5878661087866108,0,1436,478,300,,,,1.4944289693593316,1.502092050209205
corn,0,99991,Naive_white,9,,,,0.1,Naive_white|9|None|None|None|0.1,test,ok,,0.5414473684210526,0.5418410041841004,1,1436,478,300,,,,61.80222841225627,62.75941422594142
wheat,0,42,Naive_raw,5,,,,0.1,Naive_raw|5|None|None|None|0.1,test,ok,,0.5662807587149692,0.5669934640522876,0,1832,612,300,,,,1.0,1.0
wheat,0,42,Naive_white,1,,,,0.1,Naive_white|1|None|None|None|0.1,test,ok,,0.7024948735475051,0.7026143790849673,1,1832,612,300,,,,60.89956331877729,61.26470588235294
wheat,0,123,Naive_raw,5,,,,0.1,Naive_raw|5|None|None|None|0.1,test,ok,,0.5684167805878333,0.5686274509803921,0,1832,612,300,,,,1.0,1.0
wheat,0,123,Naive_white,3,,,,0.1,Naive_white|3|None|None|None|0.1,test,ok,,0.686666951469583,0.6862745098039216,1,1832,612,300,,,,60.86189956331878,60.87091503267974
wheat,0,456,Naive_raw,1,,,,0.1,Naive_raw|1|None|None|None|0.1,test,ok,,0.6061602870813396,0.6062091503267973,0,1832,612,300,,,,1.0,1.0
wheat,0,456,Naive_white,1,,,,0.1,Naive_white|1|None|None|None|0.1,test,ok,,0.6900632262474368,0.6895424836601307,1,1832,612,300,,,,60.86244541484716,60.91339869281046
wheat,0,789,Naive_raw,3,,,,0.1,Naive_raw|3|None|None|None|0.1,test,ok,,0.5905886876281614,0.5915032679738562,0,1832,612,300,,,,1.0,1.0
wheat,0,789,Naive_white,5,,,,0.1,Naive_white|5|None|None|None|0.1,test,ok,,0.6712235133287765,0.6715686274509803,1,1832,612,300,,,,60.95851528384279,60.82516339869281
wheat,0,2022,Naive_raw,1,,,,0.1,Naive_raw|1|None|None|None|0.1,test,ok,,0.5742267600820232,0.5735294117647058,0,1832,612,300,,,,1.0,1.0
wheat,0,2022,Naive_white,1,,,,0.1,Naive_white|1|None|None|None|0.1,test,ok,,0.7241754955570745,0.7238562091503268,1,1832,612,300,,,,61.00927947598253,60.62908496732026
wheat,0,31415,Naive_raw,7,,,,0.1,Naive_raw|7|None|None|None|0.1,test,ok,,0.5731373889268626,0.5735294117647058,0,1832,612,300,,,,1.0,1.0
wheat,0,31415,Naive_white,5,,,,0.1,Naive_white|5|None|None|None|0.1,test,ok,,0.7128545796308954,0.7124183006535948,1,1832,612,300,,,,60.903930131004365,60.77450980392157
wheat,0,27182,Naive_raw,7,,,,0.1,Naive_raw|7|None|None|None|0.1,test,ok,,0.5858253588516746,0.5849673202614379,0,1832,612,300,,,,1.0,1.0
wheat,0,27182,Naive_white,5,,,,0.1,Naive_white|5|None|None|None|0.1,test,ok,,0.7029861585782639,0.7026143790849673,1,1832,612,300,,,,60.88864628820961,61.18627450980392
wheat,0,8675309,Naive_raw,1,,,,0.1,Naive_raw|1|None|None|None|0.1,test,ok,,0.5676691729323309,0.5686274509803921,0,1832,612,300,,,,1.0,1.0
wheat,0,8675309,Naive_white,3,,,,0.1,Naive_white|3|None|None|None|0.1,test,ok,,0.7300068352699931,0.7303921568627451,1,1832,612,300,,,,60.87718340611354,60.98039215686274
wheat,0,104729,Naive_raw,1,,,,0.1,Naive_raw|1|None|None|None|0.1,test,ok,,0.5980434039644567,0.5980392156862745,0,1832,612,300,,,,1.0,1.0
wheat,0,104729,Naive_white,1,,,,0.1,Naive_white|1|None|None|None|0.1,test,ok,,0.7268455228981545,0.7271241830065359,1,1832,612,300,,,,60.959606986899566,60.91503267973856
wheat,0,99991,Naive_raw,5,,,,0.1,Naive_raw|5|None|None|None|0.1,test,ok,,0.601995044429255,0.6013071895424836,0,1832,612,300,,,,1.0,1.0
wheat,0,99991,Naive_white,11,,,,0.3,Naive_white|11|None|None|None|0.3,test,ok,,0.6669301093643198,0.6666666666666666,1,1832,612,300,,,,70.132096069869,70.0375816993464
capgmyo,1,42,Naive_raw,1,,,,0.1,Naive_raw|1|None|None|None|0.1,test,ok,,0.125,0.125,0,48,16,128,,,,0.0,0.0
capgmyo,1,42,Naive_white,1,,,,0.1,Naive_white|1|None|None|None|0.1,test,ok,,0.9375,0.9375,1,48,16,128,,,,21.27083333333333,21.1875
capgmyo,2,42,Naive_raw,1,,,,0.1,Naive_raw|1|None|None|None|0.1,test,ok,,0.125,0.125,0,48,16,128,,,,0.0,0.0
capgmyo,2,42,Naive_white,1,,,,0.1,Naive_white|1|None|None|None|0.1,test,ok,,0.625,0.625,1,48,16,128,,,,25.479166666666668,25.125
capgmyo,3,42,Naive_raw,1,,,,0.1,Naive_raw|1|None|None|None|0.1,test,ok,,0.125,0.125,0,48,16,128,,,,0.0,0.0
capgmyo,3,42,Naive_white,1,,,,0.1,Naive_white|1|None|None|None|0.1,test,ok,,0.9375,0.9375,1,48,16,128,,,,22.08333333333333,23.8125
capgmyo,4,42,Naive_raw,1,,,,0.1,Naive_raw|1|None|None|None|0.1,test,ok,,0.125,0.125,0,48,16,128,,,,0.0,0.0
capgmyo,4,42,Naive_white,1,,,,0.1,Naive_white|1|None|None|None|0.1,test,ok,,0.75,0.75,1,48,16,128,,,,22.916666666666668,22.0625
capgmyo,5,42,Naive_raw,1,,,,0.1,Naive_raw|1|None|None|None|0.1,test,ok,,0.125,0.125,0,48,16,128,,,,0.0,0.0
capgmyo,5,42,Naive_white,1,,,,0.1,Naive_white|1|None|None|None|0.1,test,ok,,0.6875,0.6875,1,48,16,128,,,,23.916666666666668,24.3125
capgmyo,6,42,Naive_raw,1,,,,0.1,Naive_raw|1|None|None|None|0.1,test,ok,,0.125,0.125,0,48,16,128,,,,0.0,0.0
capgmyo,6,42,Naive_white,1,,,,0.1,Naive_white|1|None|None|None|0.1,test,ok,,1.0,1.0,1,48,16,128,,,,23.666666666666668,23.375
capgmyo,7,42,Naive_raw,1,,,,0.1,Naive_raw|1|None|None|None|0.1,test,ok,,0.125,0.125,0,48,16,128,,,,0.0,0.0
capgmyo,7,42,Naive_white,1,,,,0.1,Naive_white|1|None|None|None|0.1,test,ok,,0.75,0.75,1,48,16,128,,,,23.27083333333333,23.5
capgmyo,8,42,Naive_raw,1,,,,0.1,Naive_raw|1|None|None|None|0.1,test,ok,,0.125,0.125,0,48,16,128,,,,0.0,0.0
capgmyo,8,42,Naive_white,1,,,,0.1,Naive_white|1|None|None|None|0.1,test,ok,,0.8125,0.8125,1,48,16,128,,,,24.58333333333333,25.0
capgmyo,9,42,Naive_raw,1,,,,0.1,Naive_raw|1|None|None|None|0.1,test,ok,,0.125,0.125,0,48,16,128,,,,0.0,0.0
capgmyo,9,42,Naive_white,1,,,,0.1,Naive_white|1|None|None|None|0.1,test,ok,,0.8125,0.8125,1,48,16,128,,,,24.1875,23.8125
capgmyo,10,42,Naive_raw,1,,,,0.1,Naive_raw|1|None|None|None|0.1,test,ok,,0.125,0.125,0,48,16,128,,,,0.0,0.0
capgmyo,10,42,Naive_white,1,,,,0.1,Naive_white|1|None|None|None|0.1,test,ok,,0.875,0.875,1,48,16,128,,,,24.95833333333333,24.9375
capgmyo,11,42,Naive_raw,1,,,,0.1,Naive_raw|1|None|None|None|0.1,test,ok,,0.125,0.125,0,48,16,128,,,,0.0,0.0
capgmyo,11,42,Naive_white,1,,,,0.1,Naive_white|1|None|None|None|0.1,test,ok,,0.75,0.75,1,48,16,128,,,,24.27083333333333,23.8125
capgmyo,12,42,Naive_raw,1,,,,0.1,Naive_raw|1|None|None|None|0.1,test,ok,,0.125,0.125,0,48,16,128,,,,0.0,0.0
capgmyo,12,42,Naive_white,1,,,,0.1,Naive_white|1|None|None|None|0.1,test,ok,,0.9375,0.9375,1,48,16,128,,,,25.64583333333333,25.1875
capgmyo,13,42,Naive_raw,1,,,,0.1,Naive_raw|1|None|None|None|0.1,test,ok,,0.125,0.125,0,48,16,128,,,,0.0,0.0
capgmyo,13,42,Naive_white,1,,,,0.1,Naive_white|1|None|None|None|0.1,test,ok,,0.75,0.75,1,48,16,128,,,,25.666666666666668,27.5
capgmyo,14,42,Naive_raw,1,,,,0.1,Naive_raw|1|None|None|None|0.1,test,ok,,0.125,0.125,0,48,16,128,,,,0.0,0.0
capgmyo,14,42,Naive_white,1,,,,0.1,Naive_white|1|None|None|None|0.1,test,ok,,0.875,0.875,1,48,16,128,,,,26.291666666666668,27.625
capgmyo,15,42,Naive_raw,1,,,,0.1,Naive_raw|1|None|None|None|0.1,test,ok,,0.125,0.125,0,48,16,128,,,,0.0,0.0
capgmyo,15,42,Naive_white,1,,,,0.1,Naive_white|1|None|None|None|0.1,test,ok,,0.8125,0.8125,1,48,16,128,,,,24.666666666666668,24.875
capgmyo,16,42,Naive_raw,1,,,,0.1,Naive_raw|1|None|None|None|0.1,test,ok,,0.125,0.125,0,48,16,128,,,,0.0,0.0
capgmyo,16,42,Naive_white,1,,,,0.1,Naive_white|1|None|None|None|0.1,test,ok,,0.6875,0.6875,1,48,16,128,,,,24.854166666666668,24.375
capgmyo,17,42,Naive_raw,1,,,,0.1,Naive_raw|1|None|None|None|0.1,test,ok,,0.125,0.125,0,48,16,127,,,,0.0,0.0
capgmyo,17,42,Naive_white,1,,,,0.1,Naive_white|1|None|None|None|0.1,test,ok,,0.875,0.875,1,48,16,127,,,,22.416666666666668,23.0
capgmyo,18,42,Naive_raw,1,,,,0.1,Naive_raw|1|None|None|None|0.1,test,ok,,0.125,0.125,0,48,16,128,,,,0.0,0.0
capgmyo,18,42,Naive_white,1,,,,0.1,Naive_white|1|None|None|None|0.1,test,ok,,0.875,0.875,1,48,16,128,,,,22.95833333333333,22.25
capgmyo,1,123,Naive_raw,1,,,,0.1,Naive_raw|1|None|None|None|0.1,test,ok,,0.125,0.125,0,48,16,128,,,,0.0,0.0
capgmyo,1,123,Naive_white,3,,,,0.4,Naive_white|3|None|None|None|0.4,test,ok,,0.75,0.75,1,48,16,128,,,,26.041666666666668,25.4375
capgmyo,2,123,Naive_raw,1,,,,0.1,Naive_raw|1|None|None|None|0.1,test,ok,,0.125,0.125,0,48,16,128,,,,0.0,0.0
capgmyo,2,123,Naive_white,3,,,,0.4,Naive_white|3|None|None|None|0.4,test,ok,,0.75,0.75,1,48,16,128,,,,31.1875,31.9375
capgmyo,3,123,Naive_raw,1,,,,0.1,Naive_raw|1|None|None|None|0.1,test,ok,,0.125,0.125,0,48,16,128,,,,0.0,0.0
capgmyo,3,123,Naive_white,3,,,,0.4,Naive_white|3|None|None|None|0.4,test,ok,,0.875,0.875,1,48,16,128,,,,27.854166666666668,26.5625
capgmyo,4,123,Naive_raw,1,,,,0.1,Naive_raw|1|None|None|None|0.1,test,ok,,0.125,0.125,0,48,16,128,,,,0.0,0.0
capgmyo,4,123,Naive_white,3,,,,0.4,Naive_white|3|None|None|None|0.4,test,ok,,0.8125,0.8125,1,48,16,128,,,,27.95833333333333,29.5
capgmyo,5,123,Naive_raw,1,,,,0.1,Naive_raw|1|None|None|None|0.1,test,ok,,0.125,0.125,0,48,16,128,,,,0.0,0.0
capgmyo,5,123,Naive_white,3,,,,0.4,Naive_white|3|None|None|None|0.4,test,ok,,0.625,0.625,1,48,16,128,,,,30.27083333333333,30.625
capgmyo,6,123,Naive_raw,1,,,,0.1,Naive_raw|1|None|None|None|0.1,test,ok,,0.125,0.125,0,48,16,128,,,,0.0,0.0
capgmyo,6,123,Naive_white,3,,,,0.4,Naive_white|3|None|None|None|0.4,test,ok,,1.0,1.0,1,48,16,128,,,,28.916666666666668,29.0
capgmyo,7,123,Naive_raw,1,,,,0.1,Naive_raw|1|None|None|None|0.1,test,ok,,0.125,0.125,0,48,16,128,,,,0.0,0.0
capgmyo,7,123,Naive_white,3,,,,0.4,Naive_white|3|None|None|None|0.4,test,ok,,0.75,0.75,1,48,16,128,,,,28.77083333333333,28.75
capgmyo,8,123,Naive_raw,1,,,,0.1,Naive_raw|1|None|None|None|0.1,test,ok,,0.125,0.125,0,48,16,128,,,,0.0,0.0
capgmyo,8,123,Naive_white,3,,,,0.4,Naive_white|3|None|None|None|0.4,test,ok,,1.0,1.0,1,48,16,128,,,,30.27083333333333,31.375
capgmyo,9,123,Naive_raw,1,,,,0.1,Naive_raw|1|None|None|None|0.1,test,ok,,0.125,0.125,0,48,16,128,,,,0.0,0.0
capgmyo,9,123,Naive_white,3,,,,0.4,Naive_white|3|None|None|None|0.4,test,ok,,0.75,0.75,1,48,16,128,,,,30.229166666666668,28.9375
capgmyo,10,123,Naive_raw,1,,,,0.1,Naive_raw|1|None|None|None|0.1,test,ok,,0.125,0.125,0,48,16,128,,,,0.0,0.0
capgmyo,10,123,Naive_white,3,,,,0.4,Naive_white|3|None|None|None|0.4,test,ok,,0.8125,0.8125,1,48,16,128,,,,30.5625,30.5
capgmyo,11,123,Naive_raw,1,,,,0.1,Naive_raw|1|None|None|None|0.1,test,ok,,0.125,0.125,0,48,16,128,,,,0.0,0.0
capgmyo,11,123,Naive_white,3,,,,0.4,Naive_white|3|None|None|None|0.4,test,ok,,0.8125,0.8125,1,48,16,128,,,,29.979166666666668,29.125
capgmyo,12,123,Naive_raw,1,,,,0.1,Naive_raw|1|None|None|None|0.1,test,ok,,0.125,0.125,0,48,16,128,,,,0.0,0.0
capgmyo,12,123,Naive_white,3,,,,0.4,Naive_white|3|None|None|None|0.4,test,ok,,0.9375,0.9375,1,48,16,128,,,,32.291666666666664,32.375
capgmyo,13,123,Naive_raw,1,,,,0.1,Naive_raw|1|None|None|None|0.1,test,ok,,0.125,0.125,0,48,16,128,,,,0.0,0.0
capgmyo,13,123,Naive_white,3,,,,0.4,Naive_white|3|None|None|None|0.4,test,ok,,0.75,0.75,1,48,16,128,,,,31.604166666666668,31.875
capgmyo,14,123,Naive_raw,1,,,,0.1,Naive_raw|1|None|None|None|0.1,test,ok,,0.125,0.125,0,48,16,128,,,,0.0,0.0
capgmyo,14,123,Naive_white,3,,,,0.4,Naive_white|3|None|None|None|0.4,test,ok,,0.875,0.875,1,48,16,128,,,,31.83333333333333,32.3125
capgmyo,15,123,Naive_raw,1,,,,0.1,Naive_raw|1|None|None|None|0.1,test,ok,,0.125,0.125,0,48,16,128,,,,0.0,0.0
capgmyo,15,123,Naive_white,3,,,,0.4,Naive_white|3|None|None|None|0.4,test,ok,,0.75,0.75,1,48,16,128,,,,30.8125,29.4375
capgmyo,16,123,Naive_raw,1,,,,0.1,Naive_raw|1|None|None|None|0.1,test,ok,,0.125,0.125,0,48,16,128,,,,0.0,0.0
capgmyo,16,123,Naive_white,3,,,,0.4,Naive_white|3|None|None|None|0.4,test,ok,,0.9375,0.9375,1,48,16,128,,,,30.77083333333333,31.5625
capgmyo,17,123,Naive_raw,1,,,,0.1,Naive_raw|1|None|None|None|0.1,test,ok,,0.125,0.125,0,48,16,127,,,,0.0,0.0
capgmyo,17,123,Naive_white,3,,,,0.4,Naive_white|3|None|None|None|0.4,test,ok,,0.9375,0.9375,1,48,16,127,,,,28.39583333333333,27.0
capgmyo,18,123,Naive_raw,1,,,,0.1,Naive_raw|1|None|None|None|0.1,test,ok,,0.125,0.125,0,48,16,128,,,,0.0,0.0
capgmyo,18,123,Naive_white,3,,,,0.4,Naive_white|3|None|None|None|0.4,test,ok,,0.9375,0.9375,1,48,16,128,,,,29.4375,28.625
capgmyo,1,456,Naive_raw,1,,,,0.1,Naive_raw|1|None|None|None|0.1,test,ok,,0.125,0.125,0,48,16,128,,,,0.0,0.0
capgmyo,1,456,Naive_white,1,,,,0.3,Naive_white|1|None|None|None|0.3,test,ok,,0.9375,0.9375,1,48,16,128,,,,25.416666666666668,24.875
capgmyo,2,456,Naive_raw,1,,,,0.1,Naive_raw|1|None|None|None|0.1,test,ok,,0.125,0.125,0,48,16,128,,,,0.0,0.0
capgmyo,2,456,Naive_white,1,,,,0.3,Naive_white|1|None|None|None|0.3,test,ok,,0.75,0.75,1,48,16,128,,,,30.375,29.9375
capgmyo,3,456,Naive_raw,1,,,,0.1,Naive_raw|1|None|None|None|0.1,test,ok,,0.125,0.125,0,48,16,128,,,,0.0,0.0
capgmyo,3,456,Naive_white,1,,,,0.3,Naive_white|1|None|None|None|0.3,test,ok,,0.875,0.875,1,48,16,128,,,,26.20833333333333,26.9375
capgmyo,4,456,Naive_raw,1,,,,0.1,Naive_raw|1|None|None|None|0.1,test,ok,,0.125,0.125,0,48,16,128,,,,0.0,0.0
capgmyo,4,456,Naive_white,1,,,,0.3,Naive_white|1|None|None|None|0.3,test,ok,,0.9375,0.9375,1,48,16,128,,,,27.20833333333333,24.3125
capgmyo,5,456,Naive_raw,1,,,,0.1,Naive_raw|1|None|None|None|0.1,test,ok,,0.125,0.125,0,48,16,128,,,,0.0,0.0
capgmyo,5,456,Naive_white,1,,,,0.3,Naive_white|1|None|None|None|0.3,test,ok,,0.8125,0.8125,1,48,16,128,,,,28.0625,30.0625
capgmyo,6,456,Naive_raw,1,,,,0.1,Naive_raw|1|None|None|None|0.1,test,ok,,0.125,0.125,0,48,16,128,,,,0.0,0.0
capgmyo,6,456,Naive_white,1,,,,0.3,Naive_white|1|None|None|None|0.3,test,ok,,0.9375,0.9375,1,48,16,128,,,,28.0,25.6875
capgmyo,7,456,Naive_raw,1,,,,0.1,Naive_raw|1|None|None|None|0.1,test,ok,,0.125,0.125,0,48,16,128,,,,0.0,0.0
capgmyo,7,456,Naive_white,1,,,,0.3,Naive_white|1|None|None|None|0.3,test,ok,,0.75,0.75,1,48,16,128,,,,27.9375,25.0
capgmyo,8,456,Naive_raw,1,,,,0.1,Naive_raw|1|None|None|None|0.1,test,ok,,0.125,0.125,0,48,16,128,,,,0.0,0.0
capgmyo,8,456,Naive_white,1,,,,0.3,Naive_white|1|None|None|None|0.3,test,ok,,0.75,0.75,1,48,16,128,,,,29.104166666666668,27.375
capgmyo,9,456,Naive_raw,1,,,,0.1,Naive_raw|1|None|None|None|0.1,test,ok,,0.125,0.125,0,48,16,128,,,,0.0,0.0
capgmyo,9,456,Naive_white,1,,,,0.3,Naive_white|1|None|None|None|0.3,test,ok,,0.75,0.75,1,48,16,128,,,,28.416666666666668,27.0
capgmyo,10,456,Naive_raw,1,,,,0.1,Naive_raw|1|None|None|None|0.1,test,ok,,0.125,0.125,0,48,16,128,,,,0.0,0.0
capgmyo,10,456,Naive_white,1,,,,0.3,Naive_white|1|None|None|None|0.3,test,ok,,0.9375,0.9375,1,48,16,128,,,,29.39583333333333,30.4375
capgmyo,11,456,Naive_raw,1,,,,0.1,Naive_raw|1|None|None|None|0.1,test,ok,,0.125,0.125,0,48,16,128,,,,0.0,0.0
capgmyo,11,456,Naive_white,1,,,,0.3,Naive_white|1|None|None|None|0.3,test,ok,,0.75,0.75,1,48,16,128,,,,28.70833333333333,28.3125
capgmyo,12,456,Naive_raw,1,,,,0.1,Naive_raw|1|None|None|None|0.1,test,ok,,0.125,0.125,0,48,16,128,,,,0.0,0.0
capgmyo,12,456,Naive_white,1,,,,0.3,Naive_white|1|None|None|None|0.3,test,ok,,0.9375,0.9375,1,48,16,128,,,,30.52083333333333,30.0
capgmyo,13,456,Naive_raw,1,,,,0.1,Naive_raw|1|None|None|None|0.1,test,ok,,0.125,0.125,0,48,16,128,,,,0.0,0.0
capgmyo,13,456,Naive_white,1,,,,0.3,Naive_white|1|None|None|None|0.3,test,ok,,0.875,0.875,1,48,16,128,,,,30.45833333333333,29.6875
capgmyo,14,456,Naive_raw,1,,,,0.1,Naive_raw|1|None|None|None|0.1,test,ok,,0.125,0.125,0,48,16,128,,,,0.0,0.0
capgmyo,14,456,Naive_white,1,,,,0.3,Naive_white|1|None|None|None|0.3,test,ok,,0.9375,0.9375,1,48,16,128,,,,30.8125,30.8125
capgmyo,15,456,Naive_raw,1,,,,0.1,Naive_raw|1|None|None|None|0.1,test,ok,,0.125,0.125,0,48,16,128,,,,0.0,0.0
capgmyo,15,456,Naive_white,1,,,,0.3,Naive_white|1|None|None|None|0.3,test,ok,,0.875,0.875,1,48,16,128,,,,29.104166666666668,28.1875
capgmyo,16,456,Naive_raw,1,,,,0.1,Naive_raw|1|None|None|None|0.1,test,ok,,0.125,0.125,0,48,16,128,,,,0.0,0.0
capgmyo,16,456,Naive_white,1,,,,0.3,Naive_white|1|None|None|None|0.3,test,ok,,0.8125,0.8125,1,48,16,128,,,,29.58333333333333,28.375
capgmyo,17,456,Naive_raw,1,,,,0.1,Naive_raw|1|None|None|None|0.1,test,ok,,0.125,0.125,0,48,16,127,,,,0.0,0.0
capgmyo,17,456,Naive_white,1,,,,0.3,Naive_white|1|None|None|None|0.3,test,ok,,1.0,1.0,1,48,16,127,,,,27.125,27.25
capgmyo,18,456,Naive_raw,1,,,,0.1,Naive_raw|1|None|None|None|0.1,test,ok,,0.125,0.125,0,48,16,128,,,,0.0,0.0
capgmyo,18,456,Naive_white,1,,,,0.3,Naive_white|1|None|None|None|0.3,test,ok,,0.8125,0.8125,1,48,16,128,,,,28.041666666666668,28.0
capgmyo,1,789,Naive_raw,1,,,,0.1,Naive_raw|1|None|None|None|0.1,test,ok,,0.125,0.125,0,48,16,128,,,,0.0,0.0
capgmyo,1,789,Naive_white,1,,,,0.1,Naive_white|1|None|None|None|0.1,test,ok,,0.9375,0.9375,1,48,16,128,,,,21.75,22.3125
capgmyo,2,789,Naive_raw,1,,,,0.1,Naive_raw|1|None|None|None|0.1,test,ok,,0.125,0.125,0,48,16,128,,,,0.0,0.0
capgmyo,2,789,Naive_white,1,,,,0.1,Naive_white|1|None|None|None|0.1,test,ok,,0.9375,0.9375,1,48,16,128,,,,25.375,23.5625
capgmyo,3,789,Naive_raw,1,,,,0.1,Naive_raw|1|None|None|None|0.1,test,ok,,0.125,0.125,0,48,16,128,,,,0.0,0.0
capgmyo,3,789,Naive_white,1,,,,0.1,Naive_white|1|None|None|None|0.1,test,ok,,0.8125,0.8125,1,48,16,128,,,,21.916666666666668,20.75
capgmyo,4,789,Naive_raw,1,,,,0.1,Naive_raw|1|None|None|None|0.1,test,ok,,0.125,0.125,0,48,16,128,,,,0.0,0.0
capgmyo,4,789,Naive_white,1,,,,0.1,Naive_white|1|None|None|None|0.1,test,ok,,0.875,0.875,1,48,16,128,,,,22.89583333333333,21.1875
capgmyo,5,789,Naive_raw,1,,,,0.1,Naive_raw|1|None|None|None|0.1,test,ok,,0.125,0.125,0,48,16,128,,,,0.0,0.0
capgmyo,5,789,Naive_white,1,,,,0.1,Naive_white|1|None|None|None|0.1,test,ok,,0.75,0.75,1,48,16,128,,,,24.6875,28.8125
capgmyo,6,789,Naive_raw,1,,,,0.1,Naive_raw|1|None|None|None|0.1,test,ok,,0.125,0.125,0,48,16,128,,,,0.0,0.0
capgmyo,6,789,Naive_white,1,,,,0.1,Naive_white|1|None|None|None|0.1,test,ok,,1.0,1.0,1,48,16,128,,,,23.77083333333333,23.25
capgmyo,7,789,Naive_raw,1,,,,0.1,Naive_raw|1|None|None|None|0.1,test,ok,,0.125,0.125,0,48,16,128,,,,0.0,0.0
capgmyo,7,789,Naive_white,1,,,,0.1,Naive_white|1|None|None|None|0.1,test,ok,,0.875,0.875,1,48,16,128,,,,23.354166666666668,23.375
capgmyo,8,789,Naive_raw,1,,,,0.1,Naive_raw|1|None|None|None|0.1,test,ok,,0.125,0.125,0,48,16,128,,,,0.0,0.0
capgmyo,8,789,Naive_white,1,,,,0.1,Naive_white|1|None|None|None|0.1,test,ok,,0.8125,0.8125,1,48,16,128,,,,24.52083333333333,24.1875
capgmyo,9,789,Naive_raw,1,,,,0.1,Naive_raw|1|None|None|None|0.1,test,ok,,0.125,0.125,0,48,16,128,,,,0.0,0.0
capgmyo,9,789,Naive_white,1,,,,0.1,Naive_white|1|None|None|None|0.1,test,ok,,0.9375,0.9375,1,48,16,128,,,,24.14583333333333,24.25
capgmyo,10,789,Naive_raw,1,,,,0.1,Naive_raw|1|None|None|None|0.1,test,ok,,0.125,0.125,0,48,16,128,,,,0.0,0.0
capgmyo,10,789,Naive_white,1,,,,0.1,Naive_white|1|None|None|None|0.1,test,ok,,0.8125,0.8125,1,48,16,128,,,,24.64583333333333,25.9375
capgmyo,11,789,Naive_raw,1,,,,0.1,Naive_raw|1|None|None|None|0.1,test,ok,,0.125,0.125,0,48,16,128,,,,0.0,0.0
capgmyo,11,789,Naive_white,1,,,,0.1,Naive_white|1|None|None|None|0.1,test,ok,,0.6875,0.6875,1,48,16,128,,,,24.0,24.0
capgmyo,12,789,Naive_raw,1,,,,0.1,Naive_raw|1|None|None|None|0.1,test,ok,,0.125,0.125,0,48,16,128,,,,0.0,0.0
capgmyo,12,789,Naive_white,1,,,,0.1,Naive_white|1|None|None|None|0.1,test,ok,,0.9375,0.9375,1,48,16,128,,,,25.8125,26.125
capgmyo,13,789,Naive_raw,1,,,,0.1,Naive_raw|1|None|None|None|0.1,test,ok,,0.125,0.125,0,48,16,128,,,,0.0,0.0
capgmyo,13,789,Naive_white,1,,,,0.1,Naive_white|1|None|None|None|0.1,test,ok,,0.75,0.75,1,48,16,128,,,,25.291666666666668,27.25
capgmyo,14,789,Naive_raw,1,,,,0.1,Naive_raw|1|None|None|None|0.1,test,ok,,0.125,0.125,0,48,16,128,,,,0.0,0.0
capgmyo,14,789,Naive_white,1,,,,0.1,Naive_white|1|None|None|None|0.1,test,ok,,0.625,0.625,1,48,16,128,,,,26.1875,23.875
capgmyo,15,789,Naive_raw,1,,,,0.1,Naive_raw|1|None|None|None|0.1,test,ok,,0.125,0.125,0,48,16,128,,,,0.0,0.0
capgmyo,15,789,Naive_white,1,,,,0.1,Naive_white|1|None|None|None|0.1,test,ok,,0.8125,0.8125,1,48,16,128,,,,24.70833333333333,25.6875
capgmyo,16,789,Naive_raw,1,,,,0.1,Naive_raw|1|None|None|None|0.1,test,ok,,0.125,0.125,0,48,16,128,,,,0.0,0.0
capgmyo,16,789,Naive_white,1,,,,0.1,Naive_white|1|None|None|None|0.1,test,ok,,0.8125,0.8125,1,48,16,128,,,,24.75,25.0625
capgmyo,17,789,Naive_raw,1,,,,0.1,Naive_raw|1|None|None|None|0.1,test,ok,,0.125,0.125,0,48,16,127,,,,0.0,0.0
capgmyo,17,789,Naive_white,1,,,,0.1,Naive_white|1|None|None|None|0.1,test,ok,,0.875,0.875,1,48,16,127,,,,22.83333333333333,23.9375
capgmyo,18,789,Naive_raw,1,,,,0.1,Naive_raw|1|None|None|None|0.1,test,ok,,0.125,0.125,0,48,16,128,,,,0.0,0.0
capgmyo,18,789,Naive_white,1,,,,0.1,Naive_white|1|None|None|None|0.1,test,ok,,0.75,0.75,1,48,16,128,,,,23.1875,22.5625
capgmyo,1,2022,Naive_raw,1,,,,0.1,Naive_raw|1|None|None|None|0.1,test,ok,,0.125,0.125,0,48,16,128,,,,0.0,0.0
capgmyo,1,2022,Naive_white,1,,,,0.2,Naive_white|1|None|None|None|0.2,test,ok,,0.875,0.875,1,48,16,128,,,,23.83333333333333,22.3125
capgmyo,2,2022,Naive_raw,1,,,,0.1,Naive_raw|1|None|None|None|0.1,test,ok,,0.125,0.125,0,48,16,128,,,,0.0,0.0
capgmyo,2,2022,Naive_white,1,,,,0.2,Naive_white|1|None|None|None|0.2,test,ok,,0.75,0.75,1,48,16,128,,,,27.916666666666668,27.1875
capgmyo,3,2022,Naive_raw,1,,,,0.1,Naive_raw|1|None|None|None|0.1,test,ok,,0.125,0.125,0,48,16,128,,,,0.0,0.0
capgmyo,3,2022,Naive_white,1,,,,0.2,Naive_white|1|None|None|None|0.2,test,ok,,0.9375,0.9375,1,48,16,128,,,,23.9375,26.0
capgmyo,4,2022,Naive_raw,1,,,,0.1,Naive_raw|1|None|None|None|0.1,test,ok,,0.125,0.125,0,48,16,128,,,,0.0,0.0
capgmyo,4,2022,Naive_white,1,,,,0.2,Naive_white|1|None|None|None|0.2,test,ok,,0.8125,0.8125,1,48,16,128,,,,25.3125,24.375
capgmyo,5,2022,Naive_raw,1,,,,0.1,Naive_raw|1|None|None|None|0.1,test,ok,,0.125,0.125,0,48,16,128,,,,0.0,0.0
capgmyo,5,2022,Naive_white,1,,,,0.2,Naive_white|1|None|None|None|0.2,test,ok,,0.8125,0.8125,1,48,16,128,,,,26.1875,27.9375
capgmyo,6,2022,Naive_raw,1,,,,0.1,Naive_raw|1|None|None|None|0.1,test,ok,,0.125,0.125,0,48,16,128,,,,0.0,0.0
capgmyo,6,2022,Naive_white,1,,,,0.2,Naive_white|1|None|None|None|0.2,test,ok,,0.9375,0.9375,1,48,16,128,,,,26.08333333333333,28.25
capgmyo,7,2022,Naive_raw,1,,,,0.1,Naive_raw|1|None|None|None|0.1,test,ok,,0.125,0.125,0,48,16,128,,,,0.0,0.0
capgmyo,7,2022,Naive_white,1,,,,0.2,Naive_white|1|None|None|None|0.2,test,ok,,0.75,0.75,1,48,16,128,,,,25.20833333333333,25.9375
capgmyo,8,2022,Naive_raw,1,,,,0.1,Naive_raw|1|None|None|None|0.1,test,ok,,0.125,0.125,0,48,16,128,,,,0.0,0.0
capgmyo,8,2022,Naive_white,1,,,,0.2,Naive_white|1|None|None|None|0.2,test,ok,,0.75,0.75,1,48,16,128,,,,27.916666666666668,26.75
capgmyo,9,2022,Naive_raw,1,,,,0.1,Naive_raw|1|None|None|None|0.1,test,ok,,0.125,0.125,0,48,16,128,,,,0.0,0.0
capgmyo,9,2022,Naive_white,1,,,,0.2,Naive_white|1|None|None|None|0.2,test,ok,,0.9375,0.9375,1,48,16,128,,,,26.83333333333333,27.0625
capgmyo,10,2022,Naive_raw,1,,,,0.1,Naive_raw|1|None|None|None|0.1,test,ok,,0.125,0.125,0,48,16,128,,,,0.0,0.0
capgmyo,10,2022,Naive_white,1,,,,0.2,Naive_white|1|None|None|None|0.2,test,ok,,0.875,0.875,1,48,16,128,,,,27.25,27.5
capgmyo,11,2022,Naive_raw,1,,,,0.1,Naive_raw|1|None|None|None|0.1,test,ok,,0.125,0.125,0,48,16,128,,,,0.0,0.0
capgmyo,11,2022,Naive_white,1,,,,0.2,Naive_white|1|None|None|None|0.2,test,ok,,0.75,0.75,1,48,16,128,,,,26.625,24.6875
capgmyo,12,2022,Naive_raw,1,,,,0.1,Naive_raw|1|None|None|None|0.1,test,ok,,0.125,0.125,0,48,16,128,,,,0.0,0.0
capgmyo,12,2022,Naive_white,1,,,,0.2,Naive_white|1|None|None|None|0.2,test,ok,,0.875,0.875,1,48,16,128,,,,28.479166666666668,28.0625
capgmyo,13,2022,Naive_raw,1,,,,0.1,Naive_raw|1|None|None|None|0.1,test,ok,,0.125,0.125,0,48,16,128,,,,0.0,0.0
capgmyo,13,2022,Naive_white,1,,,,0.2,Naive_white|1|None|None|None|0.2,test,ok,,0.8125,0.8125,1,48,16,128,,,,27.89583333333333,29.125
capgmyo,14,2022,Naive_raw,1,,,,0.1,Naive_raw|1|None|None|None|0.1,test,ok,,0.125,0.125,0,48,16,128,,,,0.0,0.0
capgmyo,14,2022,Naive_white,1,,,,0.2,Naive_white|1|None|None|None|0.2,test,ok,,0.9375,0.9375,1,48,16,128,,,,28.979166666666668,29.375
capgmyo,15,2022,Naive_raw,1,,,,0.1,Naive_raw|1|None|None|None|0.1,test,ok,,0.125,0.125,0,48,16,128,,,,0.0,0.0
capgmyo,15,2022,Naive_white,1,,,,0.2,Naive_white|1|None|None|None|0.2,test,ok,,0.75,0.75,1,48,16,128,,,,27.8125,29.625
capgmyo,16,2022,Naive_raw,1,,,,0.1,Naive_raw|1|None|None|None|0.1,test,ok,,0.125,0.125,0,48,16,128,,,,0.0,0.0
capgmyo,16,2022,Naive_white,1,,,,0.2,Naive_white|1|None|None|None|0.2,test,ok,,0.625,0.625,1,48,16,128,,,,27.25,26.1875
capgmyo,17,2022,Naive_raw,1,,,,0.1,Naive_raw|1|None|None|None|0.1,test,ok,,0.125,0.125,0,48,16,127,,,,0.0,0.0
capgmyo,17,2022,Naive_white,1,,,,0.2,Naive_white|1|None|None|None|0.2,test,ok,,1.0,1.0,1,48,16,127,,,,25.604166666666668,28.25
capgmyo,18,2022,Naive_raw,1,,,,0.1,Naive_raw|1|None|None|None|0.1,test,ok,,0.125,0.125,0,48,16,128,,,,0.0,0.0
capgmyo,18,2022,Naive_white,1,,,,0.2,Naive_white|1|None|None|None|0.2,test,ok,,0.875,0.875,1,48,16,128,,,,26.125,24.1875
capgmyo,1,31415,Naive_raw,1,,,,0.1,Naive_raw|1|None|None|None|0.1,test,ok,,0.125,0.125,0,48,16,128,,,,0.0,0.0
capgmyo,1,31415,Naive_white,1,,,,0.3,Naive_white|1|None|None|None|0.3,test,ok,,0.9375,0.9375,1,48,16,128,,,,25.666666666666668,25.5
capgmyo,2,31415,Naive_raw,1,,,,0.1,Naive_raw|1|None|None|None|0.1,test,ok,,0.125,0.125,0,48,16,128,,,,0.0,0.0
capgmyo,2,31415,Naive_white,1,,,,0.3,Naive_white|1|None|None|None|0.3,test,ok,,0.6875,0.6875,1,48,16,128,,,,29.854166666666668,29.375
capgmyo,3,31415,Naive_raw,1,,,,0.1,Naive_raw|1|None|None|None|0.1,test,ok,,0.125,0.125,0,48,16,128,,,,0.0,0.0
capgmyo,3,31415,Naive_white,1,,,,0.3,Naive_white|1|None|None|None|0.3,test,ok,,0.9375,0.9375,1,48,16,128,,,,26.77083333333333,27.4375
capgmyo,4,31415,Naive_raw,1,,,,0.1,Naive_raw|1|None|None|None|0.1,test,ok,,0.125,0.125,0,48,16,128,,,,0.0,0.0
capgmyo,4,31415,Naive_white,1,,,,0.3,Naive_white|1|None|None|None|0.3,test,ok,,0.6875,0.6875,1,48,16,128,,,,26.625,24.6875
capgmyo,5,31415,Naive_raw,1,,,,0.1,Naive_raw|1|None|None|None|0.1,test,ok,,0.125,0.125,0,48,16,128,,,,0.0,0.0
capgmyo,5,31415,Naive_white,1,,,,0.3,Naive_white|1|None|None|None|0.3,test,ok,,0.6875,0.6875,1,48,16,128,,,,28.625,31.875
capgmyo,6,31415,Naive_raw,1,,,,0.1,Naive_raw|1|None|None|None|0.1,test,ok,,0.125,0.125,0,48,16,128,,,,0.0,0.0
capgmyo,6,31415,Naive_white,1,,,,0.3,Naive_white|1|None|None|None|0.3,test,ok,,0.9375,0.9375,1,48,16,128,,,,28.354166666666668,28.6875
capgmyo,7,31415,Naive_raw,1,,,,0.1,Naive_raw|1|None|None|None|0.1,test,ok,,0.125,0.125,0,48,16,128,,,,0.0,0.0
capgmyo,7,31415,Naive_white,1,,,,0.3,Naive_white|1|None|None|None|0.3,test,ok,,0.8125,0.8125,1,48,16,128,,,,27.291666666666668,25.4375
capgmyo,8,31415,Naive_raw,1,,,,0.1,Naive_raw|1|None|None|None|0.1,test,ok,,0.125,0.125,0,48,16,128,,,,0.0,0.0
capgmyo,8,31415,Naive_white,1,,,,0.3,Naive_white|1|None|None|None|0.3,test,ok,,0.8125,0.8125,1,48,16,128,,,,29.20833333333333,27.625
capgmyo,9,31415,Naive_raw,1,,,,0.1,Naive_raw|1|None|None|None|0.1,test,ok,,0.125,0.125,0,48,16,128,,,,0.0,0.0
capgmyo,9,31415,Naive_white,1,,,,0.3,Naive_white|1|None|None|None|0.3,test,ok,,0.9375,0.9375,1,48,16,128,,,,28.45833333333333,29.1875
capgmyo,10,31415,Naive_raw,1,,,,0.1,Naive_raw|1|None|None|None|0.1,test,ok,,0.125,0.125,0,48,16,128,,,,0.0,0.0
capgmyo,10,31415,Naive_white,1,,,,0.3,Naive_white|1|None|None|None|0.3,test,ok,,0.8125,0.8125,1,48,16,128,,,,29.854166666666668,29.875
capgmyo,11,31415,Naive_raw,1,,,,0.1,Naive_raw|1|None|None|None|0.1,test,ok,,0.125,0.125,0,48,16,128,,,,0.0,0.0
capgmyo,11,31415,Naive_white,1,,,,0.3,Naive_white|1|None|None|None|0.3,test,ok,,0.8125,0.8125,1,48,16,128,,,,28.4375,27.3125
capgmyo,12,31415,Naive_raw,1,,,,0.1,Naive_raw|1|None|None|None|0.1,test,ok,,0.125,0.125,0,48,16,128,,,,0.0,0.0
capgmyo,12,31415,Naive_white,1,,,,0.3,Naive_white|1|None|None|None|0.3,test,ok,,0.75,0.75,1,48,16,128,,,,30.58333333333333,31.125
capgmyo,13,31415,Naive_raw,1,,,,0.1,Naive_raw|1|None|None|None|0.1,test,ok,,0.125,0.125,0,48,16,128,,,,0.0,0.0
capgmyo,13,31415,Naive_white,1,,,,0.3,Naive_white|1|None|None|None|0.3,test,ok,,0.75,0.75,1,48,16,128,,,,30.0,29.0
capgmyo,14,31415,Naive_raw,1,,,,0.1,Naive_raw|1|None|None|None|0.1,test,ok,,0.125,0.125,0,48,16,128,,,,0.0,0.0
capgmyo,14,31415,Naive_white,1,,,,0.3,Naive_white|1|None|None|None|0.3,test,ok,,0.875,0.875,1,48,16,128,,,,30.8125,30.4375
capgmyo,15,31415,Naive_raw,1,,,,0.1,Naive_raw|1|None|None|None|0.1,test,ok,,0.125,0.125,0,48,16,128,,,,0.0,0.0
capgmyo,15,31415,Naive_white,1,,,,0.3,Naive_white|1|None|None|None|0.3,test,ok,,0.8125,0.8125,1,48,16,128,,,,29.354166666666668,28.6875
capgmyo,16,31415,Naive_raw,1,,,,0.1,Naive_raw|1|None|None|None|0.1,test,ok,,0.125,0.125,0,48,16,128,,,,0.0,0.0
capgmyo,16,31415,Naive_white,1,,,,0.3,Naive_white|1|None|None|None|0.3,test,ok,,0.75,0.75,1,48,16,128,,,,29.625,30.0625
capgmyo,17,31415,Naive_raw,1,,,,0.1,Naive_raw|1|None|None|None|0.1,test,ok,,0.125,0.125,0,48,16,127,,,,0.0,0.0
capgmyo,17,31415,Naive_white,1,,,,0.3,Naive_white|1|None|None|None|0.3,test,ok,,0.8125,0.8125,1,48,16,127,,,,26.979166666666668,27.5625
capgmyo,18,31415,Naive_raw,1,,,,0.1,Naive_raw|1|None|None|None|0.1,test,ok,,0.125,0.125,0,48,16,128,,,,0.0,0.0
capgmyo,18,31415,Naive_white,1,,,,0.3,Naive_white|1|None|None|None|0.3,test,ok,,0.9375,0.9375,1,48,16,128,,,,28.291666666666668,30.6875
capgmyo,1,27182,Naive_raw,1,,,,0.1,Naive_raw|1|None|None|None|0.1,test,ok,,0.125,0.125,0,48,16,128,,,,0.0,0.0
capgmyo,1,27182,Naive_white,1,,,,0.2,Naive_white|1|None|None|None|0.2,test,ok,,1.0,1.0,1,48,16,128,,,,23.854166666666668,26.8125
capgmyo,2,27182,Naive_raw,1,,,,0.1,Naive_raw|1|None|None|None|0.1,test,ok,,0.125,0.125,0,48,16,128,,,,0.0,0.0
capgmyo,2,27182,Naive_white,1,,,,0.2,Naive_white|1|None|None|None|0.2,test,ok,,0.5625,0.5625,1,48,16,128,,,,28.27083333333333,25.5
capgmyo,3,27182,Naive_raw,1,,,,0.1,Naive_raw|1|None|None|None|0.1,test,ok,,0.125,0.125,0,48,16,128,,,,0.0,0.0
capgmyo,3,27182,Naive_white,1,,,,0.2,Naive_white|1|None|None|None|0.2,test,ok,,1.0,1.0,1,48,16,128,,,,24.75,23.9375
capgmyo,4,27182,Naive_raw,1,,,,0.1,Naive_raw|1|None|None|None|0.1,test,ok,,0.125,0.125,0,48,16,128,,,,0.0,0.0
capgmyo,4,27182,Naive_white,1,,,,0.2,Naive_white|1|None|None|None|0.2,test,ok,,0.6875,0.6875,1,48,16,128,,,,25.5,27.625
capgmyo,5,27182,Naive_raw,1,,,,0.1,Naive_raw|1|None|None|None|0.1,test,ok,,0.125,0.125,0,48,16,128,,,,0.0,0.0
capgmyo,5,27182,Naive_white,1,,,,0.2,Naive_white|1|None|None|None|0.2,test,ok,,0.625,0.625,1,48,16,128,,,,26.95833333333333,26.5625
capgmyo,6,27182,Naive_raw,1,,,,0.1,Naive_raw|1|None|None|None|0.1,test,ok,,0.125,0.125,0,48,16,128,,,,0.0,0.0
capgmyo,6,27182,Naive_white,1,,,,0.2,Naive_white|1|None|None|None|0.2,test,ok,,0.875,0.875,1,48,16,128,,,,26.604166666666668,26.625
capgmyo,7,27182,Naive_raw,1,,,,0.1,Naive_raw|1|None|None|None|0.1,test,ok,,0.125,0.125,0,48,16,128,,,,0.0,0.0
capgmyo,7,27182,Naive_white,1,,,,0.2,Naive_white|1|None|None|None|0.2,test,ok,,0.875,0.875,1,48,16,128,,,,25.6875,26.1875
capgmyo,8,27182,Naive_raw,1,,,,0.1,Naive_raw|1|None|None|None|0.1,test,ok,,0.125,0.125,0,48,16,128,,,,0.0,0.0
capgmyo,8,27182,Naive_white,1,,,,0.2,Naive_white|1|None|None|None|0.2,test,ok,,0.8125,0.8125,1,48,16,128,,,,26.89583333333333,26.625
capgmyo,9,27182,Naive_raw,1,,,,0.1,Naive_raw|1|None|None|None|0.1,test,ok,,0.125,0.125,0,48,16,128,,,,0.0,0.0
capgmyo,9,27182,Naive_white,1,,,,0.2,Naive_white|1|None|None|None|0.2,test,ok,,0.8125,0.8125,1,48,16,128,,,,26.6875,26.8125
capgmyo,10,27182,Naive_raw,1,,,,0.1,Naive_raw|1|None|None|None|0.1,test,ok,,0.125,0.125,0,48,16,128,,,,0.0,0.0
capgmyo,10,27182,Naive_white,1,,,,0.2,Naive_white|1|None|None|None|0.2,test,ok,,0.75,0.75,1,48,16,128,,,,27.375,27.75
capgmyo,11,27182,Naive_raw,1,,,,0.1,Naive_raw|1|None|None|None|0.1,test,ok,,0.125,0.125,0,48,16,128,,,,0.0,0.0
capgmyo,11,27182,Naive_white,1,,,,0.2,Naive_white|1|None|None|None|0.2,test,ok,,0.75,0.75,1,48,16,128,,,,26.5625,26.1875
capgmyo,12,27182,Naive_raw,1,,,,0.1,Naive_raw|1|None|None|None|0.1,test,ok,,0.125,0.125,0,48,16,128,,,,0.0,0.0
capgmyo,12,27182,Naive_white,1,,,,0.2,Naive_white|1|None|None|None|0.2,test,ok,,0.875,0.875,1,48,16,128,,,,28.3125,28.625
capgmyo,13,27182,Naive_raw,1,,,,0.1,Naive_raw|1|None|None|None|0.1,test,ok,,0.125,0.125,0,48,16,128,,,,0.0,0.0
capgmyo,13,27182,Naive_white,1,,,,0.2,Naive_white|1|None|None|None|0.2,test,ok,,0.9375,0.9375,1,48,16,128,,,,28.041666666666668,26.9375
capgmyo,14,27182,Naive_raw,1,,,,0.1,Naive_raw|1|None|None|None|0.1,test,ok,,0.125,0.125,0,48,16,128,,,,0.0,0.0
capgmyo,14,27182,Naive_white,1,,,,0.2,Naive_white|1|None|None|None|0.2,test,ok,,0.9375,0.9375,1,48,16,128,,,,28.83333333333333,29.25
capgmyo,15,27182,Naive_raw,1,,,,0.1,Naive_raw|1|None|None|None|0.1,test,ok,,0.125,0.125,0,48,16,128,,,,0.0,0.0
capgmyo,15,27182,Naive_white,1,,,,0.2,Naive_white|1|None|None|None|0.2,test,ok,,0.875,0.875,1,48,16,128,,,,27.45833333333333,28.625
capgmyo,16,27182,Naive_raw,1,,,,0.1,Naive_raw|1|None|None|None|0.1,test,ok,,0.125,0.125,0,48,16,128,,,,0.0,0.0
capgmyo,16,27182,Naive_white,1,,,,0.2,Naive_white|1|None|None|None|0.2,test,ok,,0.625,0.625,1,48,16,128,,,,27.4375,27.1875
capgmyo,17,27182,Naive_raw,1,,,,0.1,Naive_raw|1|None|None|None|0.1,test,ok,,0.125,0.125,0,48,16,127,,,,0.0,0.0
capgmyo,17,27182,Naive_white,1,,,,0.2,Naive_white|1|None|None|None|0.2,test,ok,,0.875,0.875,1,48,16,127,,,,25.104166666666668,26.0625
capgmyo,18,27182,Naive_raw,1,,,,0.1,Naive_raw|1|None|None|None|0.1,test,ok,,0.125,0.125,0,48,16,128,,,,0.0,0.0
capgmyo,18,27182,Naive_white,1,,,,0.2,Naive_white|1|None|None|None|0.2,test,ok,,0.9375,0.9375,1,48,16,128,,,,25.70833333333333,25.875
capgmyo,1,8675309,Naive_raw,1,,,,0.1,Naive_raw|1|None|None|None|0.1,test,ok,,0.125,0.125,0,48,16,128,,,,0.0,0.0
capgmyo,1,8675309,Naive_white,1,,,,0.3,Naive_white|1|None|None|None|0.3,test,ok,,0.9375,0.9375,1,48,16,128,,,,25.52083333333333,25.4375
capgmyo,2,8675309,Naive_raw,1,,,,0.1,Naive_raw|1|None|None|None|0.1,test,ok,,0.125,0.125,0,48,16,128,,,,0.0,0.0
capgmyo,2,8675309,Naive_white,1,,,,0.3,Naive_white|1|None|None|None|0.3,test,ok,,0.875,0.875,1,48,16,128,,,,29.875,29.75
capgmyo,3,8675309,Naive_raw,1,,,,0.1,Naive_raw|1|None|None|None|0.1,test,ok,,0.125,0.125,0,48,16,128,,,,0.0,0.0
capgmyo,3,8675309,Naive_white,1,,,,0.3,Naive_white|1|None|None|None|0.3,test,ok,,1.0,1.0,1,48,16,128,,,,26.33333333333333,26.3125
capgmyo,4,8675309,Naive_raw,1,,,,0.1,Naive_raw|1|None|None|None|0.1,test,ok,,0.125,0.125,0,48,16,128,,,,0.0,0.0
capgmyo,4,8675309,Naive_white,1,,,,0.3,Naive_white|1|None|None|None|0.3,test,ok,,0.6875,0.6875,1,48,16,128,,,,27.20833333333333,28.8125
capgmyo,5,8675309,Naive_raw,1,,,,0.1,Naive_raw|1|None|None|None|0.1,test,ok,,0.125,0.125,0,48,16,128,,,,0.0,0.0
capgmyo,5,8675309,Naive_white,1,,,,0.3,Naive_white|1|None|None|None|0.3,test,ok,,0.875,0.875,1,48,16,128,,,,28.14583333333333,28.6875
capgmyo,6,8675309,Naive_raw,1,,,,0.1,Naive_raw|1|None|None|None|0.1,test,ok,,0.125,0.125,0,48,16,128,,,,0.0,0.0
capgmyo,6,8675309,Naive_white,1,,,,0.3,Naive_white|1|None|None|None|0.3,test,ok,,0.9375,0.9375,1,48,16,128,,,,28.02083333333333,27.1875
capgmyo,7,8675309,Naive_raw,1,,,,0.1,Naive_raw|1|None|None|None|0.1,test,ok,,0.125,0.125,0,48,16,128,,,,0.0,0.0
capgmyo,7,8675309,Naive_white,1,,,,0.3,Naive_white|1|None|None|None|0.3,test,ok,,0.875,0.875,1,48,16,128,,,,27.104166666666668,29.5625
capgmyo,8,8675309,Naive_raw,1,,,,0.1,Naive_raw|1|None|None|None|0.1,test,ok,,0.125,0.125,0,48,16,128,,,,0.0,0.0
capgmyo,8,8675309,Naive_white,1,,,,0.3,Naive_white|1|None|None|None|0.3,test,ok,,0.6875,0.6875,1,48,16,128,,,,29.541666666666668,32.1875
capgmyo,9,8675309,Naive_raw,1,,,,0.1,Naive_raw|1|None|None|None|0.1,test,ok,,0.125,0.125,0,48,16,128,,,,0.0,0.0
capgmyo,9,8675309,Naive_white,1,,,,0.3,Naive_white|1|None|None|None|0.3,test,ok,,0.875,0.875,1,48,16,128,,,,28.75,27.875
capgmyo,10,8675309,Naive_raw,1,,,,0.1,Naive_raw|1|None|None|None|0.1,test,ok,,0.125,0.125,0,48,16,128,,,,0.0,0.0
capgmyo,10,8675309,Naive_white,1,,,,0.3,Naive_white|1|None|None|None|0.3,test,ok,,0.8125,0.8125,1,48,16,128,,,,29.666666666666668,29.75
capgmyo,11,8675309,Naive_raw,1,,,,0.1,Naive_raw|1|None|None|None|0.1,test,ok,,0.125,0.125,0,48,16,128,,,,0.0,0.0
capgmyo,11,8675309,Naive_white,1,,,,0.3,Naive_white|1|None|None|None|0.3,test,ok,,0.6875,0.6875,1,48,16,128,,,,28.791666666666668,28.125
capgmyo,12,8675309,Naive_raw,1,,,,0.1,Naive_raw|1|None|None|None|0.1,test,ok,,0.125,0.125,0,48,16,128,,,,0.0,0.0
capgmyo,12,8675309,Naive_white,1,,,,0.3,Naive_white|1|None|None|None|0.3,test,ok,,0.875,0.875,1,48,16,128,,,,30.6875,29.25
capgmyo,13,8675309,Naive_raw,1,,,,0.1,Naive_raw|1|None|None|None|0.1,test,ok,,0.125,0.125,0,48,16,128,,,,0.0,0.0
capgmyo,13,8675309,Naive_white,1,,,,0.3,Naive_white|1|None|None|None|0.3,test,ok,,0.75,0.75,1,48,16,128,,,,30.52083333333333,33.1875
capgmyo,14,8675309,Naive_raw,1,,,,0.1,Naive_raw|1|None|None|None|0.1,test,ok,,0.125,0.125,0,48,16,128,,,,0.0,0.0
capgmyo,14,8675309,Naive_white,1,,,,0.3,Naive_white|1|None|None|None|0.3,test,ok,,0.875,0.875,1,48,16,128,,,,30.52083333333333,30.625
capgmyo,15,8675309,Naive_raw,1,,,,0.1,Naive_raw|1|None|None|None|0.1,test,ok,,0.125,0.125,0,48,16,128,,,,0.0,0.0
capgmyo,15,8675309,Naive_white,1,,,,0.3,Naive_white|1|None|None|None|0.3,test,ok,,0.875,0.875,1,48,16,128,,,,29.916666666666668,31.3125
capgmyo,16,8675309,Naive_raw,1,,,,0.1,Naive_raw|1|None|None|None|0.1,test,ok,,0.125,0.125,0,48,16,128,,,,0.0,0.0
capgmyo,16,8675309,Naive_white,1,,,,0.3,Naive_white|1|None|None|None|0.3,test,ok,,0.9375,0.9375,1,48,16,128,,,,29.416666666666668,27.875
capgmyo,17,8675309,Naive_raw,1,,,,0.1,Naive_raw|1|None|None|None|0.1,test,ok,,0.125,0.125,0,48,16,127,,,,0.0,0.0
capgmyo,17,8675309,Naive_white,1,,,,0.3,Naive_white|1|None|None|None|0.3,test,ok,,1.0,1.0,1,48,16,127,,,,26.916666666666668,27.6875
capgmyo,18,8675309,Naive_raw,1,,,,0.1,Naive_raw|1|None|None|None|0.1,test,ok,,0.125,0.125,0,48,16,128,,,,0.0,0.0
capgmyo,18,8675309,Naive_white,1,,,,0.3,Naive_white|1|None|None|None|0.3,test,ok,,0.8125,0.8125,1,48,16,128,,,,28.041666666666668,28.4375
capgmyo,1,104729,Naive_raw,1,,,,0.1,Naive_raw|1|None|None|None|0.1,test,ok,,0.125,0.125,0,48,16,128,,,,0.0,0.0
capgmyo,1,104729,Naive_white,3,,,,0.4,Naive_white|3|None|None|None|0.4,test,ok,,0.8125,0.8125,1,48,16,128,,,,26.70833333333333,26.6875
capgmyo,2,104729,Naive_raw,1,,,,0.1,Naive_raw|1|None|None|None|0.1,test,ok,,0.125,0.125,0,48,16,128,,,,0.0,0.0
capgmyo,2,104729,Naive_white,3,,,,0.4,Naive_white|3|None|None|None|0.4,test,ok,,0.625,0.625,1,48,16,128,,,,31.02083333333333,28.9375
capgmyo,3,104729,Naive_raw,1,,,,0.1,Naive_raw|1|None|None|None|0.1,test,ok,,0.125,0.125,0,48,16,128,,,,0.0,0.0
capgmyo,3,104729,Naive_white,3,,,,0.4,Naive_white|3|None|None|None|0.4,test,ok,,1.0,1.0,1,48,16,128,,,,28.125,28.8125
capgmyo,4,104729,Naive_raw,1,,,,0.1,Naive_raw|1|None|None|None|0.1,test,ok,,0.125,0.125,0,48,16,128,,,,0.0,0.0
capgmyo,4,104729,Naive_white,3,,,,0.4,Naive_white|3|None|None|None|0.4,test,ok,,0.75,0.75,1,48,16,128,,,,28.6875,25.625
capgmyo,5,104729,Naive_raw,1,,,,0.1,Naive_raw|1|None|None|None|0.1,test,ok,,0.125,0.125,0,48,16,128,,,,0.0,0.0
capgmyo,5,104729,Naive_white,3,,,,0.4,Naive_white|3|None|None|None|0.4,test,ok,,0.5625,0.5625,1,48,16,128,,,,29.6875,29.625
capgmyo,6,104729,Naive_raw,1,,,,0.1,Naive_raw|1|None|None|None|0.1,test,ok,,0.125,0.125,0,48,16,128,,,,0.0,0.0
capgmyo,6,104729,Naive_white,3,,,,0.4,Naive_white|3|None|None|None|0.4,test,ok,,0.9375,0.9375,1,48,16,128,,,,29.0625,27.0625
capgmyo,7,104729,Naive_raw,1,,,,0.1,Naive_raw|1|None|None|None|0.1,test,ok,,0.125,0.125,0,48,16,128,,,,0.0,0.0
capgmyo,7,104729,Naive_white,3,,,,0.4,Naive_white|3|None|None|None|0.4,test,ok,,0.625,0.625,1,48,16,128,,,,29.02083333333333,29.25
capgmyo,8,104729,Naive_raw,1,,,,0.1,Naive_raw|1|None|None|None|0.1,test,ok,,0.125,0.125,0,48,16,128,,,,0.0,0.0
capgmyo,8,104729,Naive_white,3,,,,0.4,Naive_white|3|None|None|None|0.4,test,ok,,0.9375,0.9375,1,48,16,128,,,,30.45833333333333,30.25
capgmyo,9,104729,Naive_raw,1,,,,0.1,Naive_raw|1|None|None|None|0.1,test,ok,,0.125,0.125,0,48,16,128,,,,0.0,0.0
capgmyo,9,104729,Naive_white,3,,,,0.4,Naive_white|3|None|None|None|0.4,test,ok,,0.75,0.75,1,48,16,128,,,,30.104166666666668,31.4375
capgmyo,10,104729,Naive_raw,1,,,,0.1,Naive_raw|1|None|None|None|0.1,test,ok,,0.125,0.125,0,48,16,128,,,,0.0,0.0
capgmyo,10,104729,Naive_white,3,,,,0.4,Naive_white|3|None|None|None|0.4,test,ok,,1.0,1.0,1,48,16,128,,,,31.1875,31.875
capgmyo,11,104729,Naive_raw,1,,,,0.1,Naive_raw|1|None|None|None|0.1,test,ok,,0.125,0.125,0,48,16,128,,,,0.0,0.0
capgmyo,11,104729,Naive_white,3,,,,0.4,Naive_white|3|None|None|None|0.4,test,ok,,0.8125,0.8125,1,48,16,128,,,,30.041666666666668,29.0625
capgmyo,12,104729,Naive_raw,1,,,,0.1,Naive_raw|1|None|None|None|0.1,test,ok,,0.125,0.125,0,48,16,128,,,,0.0,0.0
capgmyo,12,104729,Naive_white,3,,,,0.4,Naive_white|3|None|None|None|0.4,test,ok,,0.75,0.75,1,48,16,128,,,,32.104166666666664,32.25
capgmyo,13,104729,Naive_raw,1,,,,0.1,Naive_raw|1|None|None|None|0.1,test,ok,,0.125,0.125,0,48,16,128,,,,0.0,0.0
capgmyo,13,104729,Naive_white,3,,,,0.4,Naive_white|3|None|None|None|0.4,test,ok,,0.75,0.75,1,48,16,128,,,,31.39583333333333,30.375
capgmyo,14,104729,Naive_raw,1,,,,0.1,Naive_raw|1|None|None|None|0.1,test,ok,,0.125,0.125,0,48,16,128,,,,0.0,0.0
capgmyo,14,104729,Naive_white,3,,,,0.4,Naive_white|3|None|None|None|0.4,test,ok,,0.6875,0.6875,1,48,16,128,,,,31.875,32.75
capgmyo,15,104729,Naive_raw,1,,,,0.1,Naive_raw|1|None|None|None|0.1,test,ok,,0.125,0.125,0,48,16,128,,,,0.0,0.0
capgmyo,15,104729,Naive_white,3,,,,0.4,Naive_white|3|None|None|None|0.4,test,ok,,0.8125,0.8125,1,48,16,128,,,,30.8125,30.375
capgmyo,16,104729,Naive_raw,1,,,,0.1,Naive_raw|1|None|None|None|0.1,test,ok,,0.125,0.125,0,48,16,128,,,,0.0,0.0
capgmyo,16,104729,Naive_white,3,,,,0.4,Naive_white|3|None|None|None|0.4,test,ok,,0.8125,0.8125,1,48,16,128,,,,30.875,30.9375
capgmyo,17,104729,Naive_raw,1,,,,0.1,Naive_raw|1|None|None|None|0.1,test,ok,,0.125,0.125,0,48,16,127,,,,0.0,0.0
capgmyo,17,104729,Naive_white,3,,,,0.4,Naive_white|3|None|None|None|0.4,test,ok,,0.8125,0.8125,1,48,16,127,,,,28.77083333333333,30.0
capgmyo,18,104729,Naive_raw,1,,,,0.1,Naive_raw|1|None|None|None|0.1,test,ok,,0.125,0.125,0,48,16,128,,,,0.0,0.0
capgmyo,18,104729,Naive_white,3,,,,0.4,Naive_white|3|None|None|None|0.4,test,ok,,0.875,0.875,1,48,16,128,,,,28.875,29.4375
capgmyo,1,99991,Naive_raw,1,,,,0.1,Naive_raw|1|None|None|None|0.1,test,ok,,0.125,0.125,0,48,16,128,,,,0.0,0.0
capgmyo,1,99991,Naive_white,1,,,,0.1,Naive_white|1|None|None|None|0.1,test,ok,,0.75,0.75,1,48,16,128,,,,21.416666666666668,21.3125
capgmyo,2,99991,Naive_raw,1,,,,0.1,Naive_raw|1|None|None|None|0.1,test,ok,,0.125,0.125,0,48,16,128,,,,0.0,0.0
capgmyo,2,99991,Naive_white,1,,,,0.1,Naive_white|1|None|None|None|0.1,test,ok,,0.6875,0.6875,1,48,16,128,,,,25.4375,26.5625
capgmyo,3,99991,Naive_raw,1,,,,0.1,Naive_raw|1|None|None|None|0.1,test,ok,,0.125,0.125,0,48,16,128,,,,0.0,0.0
capgmyo,3,99991,Naive_white,1,,,,0.1,Naive_white|1|None|None|None|0.1,test,ok,,0.9375,0.9375,1,48,16,128,,,,21.979166666666668,22.0
capgmyo,4,99991,Naive_raw,1,,,,0.1,Naive_raw|1|None|None|None|0.1,test,ok,,0.125,0.125,0,48,16,128,,,,0.0,0.0
capgmyo,4,99991,Naive_white,1,,,,0.1,Naive_white|1|None|None|None|0.1,test,ok,,0.875,0.875,1,48,16,128,,,,22.916666666666668,22.3125
capgmyo,5,99991,Naive_raw,1,,,,0.1,Naive_raw|1|None|None|None|0.1,test,ok,,0.125,0.125,0,48,16,128,,,,0.0,0.0
capgmyo,5,99991,Naive_white,1,,,,0.1,Naive_white|1|None|None|None|0.1,test,ok,,0.5,0.5,1,48,16,128,,,,24.166666666666668,21.8125
capgmyo,6,99991,Naive_raw,1,,,,0.1,Naive_raw|1|None|None|None|0.1,test,ok,,0.125,0.125,0,48,16,128,,,,0.0,0.0
capgmyo,6,99991,Naive_white,1,,,,0.1,Naive_white|1|None|None|None|0.1,test,ok,,1.0,1.0,1,48,16,128,,,,23.729166666666668,22.5625
capgmyo,7,99991,Naive_raw,1,,,,0.1,Naive_raw|1|None|None|None|0.1,test,ok,,0.125,0.125,0,48,16,128,,,,0.0,0.0
capgmyo,7,99991,Naive_white,1,,,,0.1,Naive_white|1|None|None|None|0.1,test,ok,,0.75,0.75,1,48,16,128,,,,23.1875,24.375
capgmyo,8,99991,Naive_raw,1,,,,0.1,Naive_raw|1|None|None|None|0.1,test,ok,,0.125,0.125,0,48,16,128,,,,0.0,0.0
capgmyo,8,99991,Naive_white,1,,,,0.1,Naive_white|1|None|None|None|0.1,test,ok,,0.75,0.75,1,48,16,128,,,,24.854166666666668,27.125
capgmyo,9,99991,Naive_raw,1,,,,0.1,Naive_raw|1|None|None|None|0.1,test,ok,,0.125,0.125,0,48,16,128,,,,0.0,0.0
capgmyo,9,99991,Naive_white,1,,,,0.1,Naive_white|1|None|None|None|0.1,test,ok,,0.625,0.625,1,48,16,128,,,,23.729166666666668,24.9375
capgmyo,10,99991,Naive_raw,1,,,,0.1,Naive_raw|1|None|None|None|0.1,test,ok,,0.125,0.125,0,48,16,128,,,,0.0,0.0
capgmyo,10,99991,Naive_white,1,,,,0.1,Naive_white|1|None|None|None|0.1,test,ok,,0.5625,0.5625,1,48,16,128,,,,24.541666666666668,23.4375
capgmyo,11,99991,Naive_raw,1,,,,0.1,Naive_raw|1|None|None|None|0.1,test,ok,,0.125,0.125,0,48,16,128,,,,0.0,0.0
capgmyo,11,99991,Naive_white,1,,,,0.1,Naive_white|1|None|None|None|0.1,test,ok,,0.75,0.75,1,48,16,128,,,,23.854166666666668,25.5625
capgmyo,12,99991,Naive_raw,1,,,,0.1,Naive_raw|1|None|None|None|0.1,test,ok,,0.125,0.125,0,48,16,128,,,,0.0,0.0
capgmyo,12,99991,Naive_white,1,,,,0.1,Naive_white|1|None|None|None|0.1,test,ok,,0.875,0.875,1,48,16,128,,,,25.75,26.625
capgmyo,13,99991,Naive_raw,1,,,,0.1,Naive_raw|1|None|None|None|0.1,test,ok,,0.125,0.125,0,48,16,128,,,,0.0,0.0
capgmyo,13,99991,Naive_white,1,,,,0.1,Naive_white|1|None|None|None|0.1,test,ok,,0.75,0.75,1,48,16,128,,,,25.45833333333333,26.25
capgmyo,14,99991,Naive_raw,1,,,,0.1,Naive_raw|1|None|None|None|0.1,test,ok,,0.125,0.125,0,48,16,128,,,,0.0,0.0
capgmyo,14,99991,Naive_white,1,,,,0.1,Naive_white|1|None|None|None|0.1,test,ok,,0.875,0.875,1,48,16,128,,,,26.354166666666668,28.0
capgmyo,15,99991,Naive_raw,1,,,,0.1,Naive_raw|1|None|None|None|0.1,test,ok,,0.125,0.125,0,48,16,128,,,,0.0,0.0
capgmyo,15,99991,Naive_white,1,,,,0.1,Naive_white|1|None|None|None|0.1,test,ok,,0.875,0.875,1,48,16,128,,,,24.791666666666668,24.125
capgmyo,16,99991,Naive_raw,1,,,,0.1,Naive_raw|1|None|None|None|0.1,test,ok,,0.125,0.125,0,48,16,128,,,,0.0,0.0
capgmyo,16,99991,Naive_white,1,,,,0.1,Naive_white|1|None|None|None|0.1,test,ok,,0.875,0.875,1,48,16,128,,,,24.729166666666668,25.9375
capgmyo,17,99991,Naive_raw,1,,,,0.1,Naive_raw|1|None|None|None|0.1,test,ok,,0.125,0.125,0,48,16,127,,,,0.0,0.0
capgmyo,17,99991,Naive_white,1,,,,0.1,Naive_white|1|None|None|None|0.1,test,ok,,0.9375,0.9375,1,48,16,127,,,,22.4375,21.375
capgmyo,18,99991,Naive_raw,1,,,,0.1,Naive_raw|1|None|None|None|0.1,test,ok,,0.125,0.125,0,48,16,128,,,,0.0,0.0
capgmyo,18,99991,Naive_white,1,,,,0.1,Naive_white|1|None|None|None|0.1,test,ok,,0.9375,0.9375,1,48,16,128,,,,23.64583333333333,24.25
flex,1,42,Naive_raw,7,,,,0.1,Naive_raw|7|None|None|None|0.1,test,ok,,0.5,0.5,0,56,20,64,,,,49.85714285714285,49.95
flex,1,42,Naive_white,1,,,,0.4,Naive_white|1|None|None|None|0.4,test,ok,,1.0,1.0,1,56,20,64,,,,14.75,14.75
flex,2,42,Naive_raw,7,,,,0.1,Naive_raw|7|None|None|None|0.1,test,ok,,0.55,0.55,0,60,20,64,,,,50.28333333333333,49.55
flex,2,42,Naive_white,1,,,,0.4,Naive_white|1|None|None|None|0.4,test,ok,,0.8,0.8,1,60,20,64,,,,12.666666666666666,11.35
flex,3,42,Naive_raw,7,,,,0.1,Naive_raw|7|None|None|None|0.1,test,ok,,0.65,0.65,0,60,20,64,,,,52.31666666666667,52.2
flex,3,42,Naive_white,1,,,,0.4,Naive_white|1|None|None|None|0.4,test,ok,,0.65,0.65,1,60,20,64,,,,12.05,11.2
flex,4,42,Naive_raw,7,,,,0.1,Naive_raw|7|None|None|None|0.1,test,ok,,0.4,0.4,0,60,20,64,,,,50.11666666666667,50.2
flex,4,42,Naive_white,1,,,,0.4,Naive_white|1|None|None|None|0.4,test,ok,,0.65,0.65,1,60,20,64,,,,15.9,16.3
flex,5,42,Naive_raw,7,,,,0.1,Naive_raw|7|None|None|None|0.1,test,ok,,0.45,0.45,0,59,20,64,,,,53.71186440677966,53.8
flex,5,42,Naive_white,1,,,,0.4,Naive_white|1|None|None|None|0.4,test,ok,,0.85,0.85,1,59,20,64,,,,14.66101694915254,14.75
flex,6,42,Naive_raw,7,,,,0.1,Naive_raw|7|None|None|None|0.1,test,ok,,0.5,0.5,0,60,20,64,,,,48.86666666666667,48.85
flex,6,42,Naive_white,1,,,,0.4,Naive_white|1|None|None|None|0.4,test,ok,,0.9,0.9,1,60,20,64,,,,12.9,12.6
flex,7,42,Naive_raw,7,,,,0.1,Naive_raw|7|None|None|None|0.1,test,ok,,0.75,0.75,0,60,20,64,,,,54.8,54.75
flex,7,42,Naive_white,1,,,,0.4,Naive_white|1|None|None|None|0.4,test,ok,,0.8,0.8,1,60,20,64,,,,14.4,14.95
flex,8,42,Naive_raw,7,,,,0.1,Naive_raw|7|None|None|None|0.1,test,ok,,0.5,0.5,0,60,20,64,,,,52.41666666666666,52.35
flex,8,42,Naive_white,1,,,,0.4,Naive_white|1|None|None|None|0.4,test,ok,,0.95,0.95,1,60,20,64,,,,12.65,11.85
flex,9,42,Naive_raw,7,,,,0.1,Naive_raw|7|None|None|None|0.1,test,ok,,0.55,0.55,0,56,20,64,,,,50.19642857142857,50.4
flex,9,42,Naive_white,1,,,,0.4,Naive_white|1|None|None|None|0.4,test,ok,,0.95,0.95,1,56,20,64,,,,14.125,13.25
flex,10,42,Naive_raw,7,,,,0.1,Naive_raw|7|None|None|None|0.1,test,ok,,0.3,0.3,0,60,20,64,,,,52.95,53.0
flex,10,42,Naive_white,1,,,,0.4,Naive_white|1|None|None|None|0.4,test,ok,,0.95,0.95,1,60,20,64,,,,14.266666666666667,15.15
flex,11,42,Naive_raw,7,,,,0.1,Naive_raw|7|None|None|None|0.1,test,ok,,0.55,0.55,0,57,20,64,,,,49.19298245614035,49.4
flex,11,42,Naive_white,1,,,,0.4,Naive_white|1|None|None|None|0.4,test,ok,,0.9,0.9,1,57,20,64,,,,13.859649122807015,14.4
flex,12,42,Naive_raw,7,,,,0.1,Naive_raw|7|None|None|None|0.1,test,ok,,0.55,0.55,0,56,20,64,,,,49.875,50.05
flex,12,42,Naive_white,1,,,,0.4,Naive_white|1|None|None|None|0.4,test,ok,,0.65,0.65,1,56,20,64,,,,11.196428571428571,11.7
flex,13,42,Naive_raw,7,,,,0.1,Naive_raw|7|None|None|None|0.1,test,ok,,0.55,0.55,0,57,20,64,,,,48.98245614035088,49.1
flex,13,42,Naive_white,1,,,,0.4,Naive_white|1|None|None|None|0.4,test,ok,,0.85,0.85,1,57,20,64,,,,13.982456140350877,13.05
flex,1,123,Naive_raw,1,,,,0.2,Naive_raw|1|None|None|None|0.2,test,ok,,0.6,0.6,0,56,20,64,,,,50.785714285714285,50.75
flex,1,123,Naive_white,1,,,,0.3,Naive_white|1|None|None|None|0.3,test,ok,,0.85,0.85,1,56,20,64,,,,13.839285714285714,14.05
flex,2,123,Naive_raw,1,,,,0.2,Naive_raw|1|None|None|None|0.2,test,ok,,0.65,0.65,0,60,20,64,,,,51.016666666666666,51.45
flex,2,123,Naive_white,1,,,,0.3,Naive_white|1|None|None|None|0.3,test,ok,,0.9,0.9,1,60,20,64,,,,12.066666666666666,12.1
flex,3,123,Naive_raw,1,,,,0.2,Naive_raw|1|None|None|None|0.2,test,ok,,0.5,0.5,0,60,20,64,,,,53.016666666666666,52.95
flex,3,123,Naive_white,1,,,,0.3,Naive_white|1|None|None|None|0.3,test,ok,,0.7,0.7,1,60,20,64,,,,11.433333333333334,12.25
flex,4,123,Naive_raw,1,,,,0.2,Naive_raw|1|None|None|None|0.2,test,ok,,0.45,0.45,0,60,20,64,,,,50.85,51.35
flex,4,123,Naive_white,1,,,,0.3,Naive_white|1|None|None|None|0.3,test,ok,,0.8,0.8,1,60,20,64,,,,15.016666666666667,16.45
flex,5,123,Naive_raw,1,,,,0.2,Naive_raw|1|None|None|None|0.2,test,ok,,0.5,0.5,0,59,20,64,,,,54.40677966101695,54.65
flex,5,123,Naive_white,1,,,,0.3,Naive_white|1|None|None|None|0.3,test,ok,,0.7,0.7,1,59,20,64,,,,13.423728813559322,13.5
flex,6,123,Naive_raw,1,,,,0.2,Naive_raw|1|None|None|None|0.2,test,ok,,0.55,0.55,0,60,20,64,,,,49.93333333333333,49.85
flex,6,123,Naive_white,1,,,,0.3,Naive_white|1|None|None|None|0.3,test,ok,,0.85,0.85,1,60,20,64,,,,12.066666666666666,12.35
flex,7,123,Naive_raw,1,,,,0.2,Naive_raw|1|None|None|None|0.2,test,ok,,0.5,0.5,0,60,20,64,,,,54.93333333333333,55.45
flex,7,123,Naive_white,1,,,,0.3,Naive_white|1|None|None|None|0.3,test,ok,,0.85,0.85,1,60,20,64,,,,13.516666666666667,13.8
flex,8,123,Naive_raw,1,,,,0.2,Naive_raw|1|None|None|None|0.2,test,ok,,0.65,0.65,0,60,20,64,,,,53.06666666666667,53.6
flex,8,123,Naive_white,1,,,,0.3,Naive_white|1|None|None|None|0.3,test,ok,,0.85,0.85,1,60,20,64,,,,11.716666666666669,11.55
flex,9,123,Naive_raw,1,,,,0.2,Naive_raw|1|None|None|None|0.2,test,ok,,0.55,0.55,0,56,20,64,,,,51.035714285714285,51.35
flex,9,123,Naive_white,1,,,,0.3,Naive_white|1|None|None|None|0.3,test,ok,,0.8,0.8,1,56,20,64,,,,13.232142857142858,14.5
flex,10,123,Naive_raw,1,,,,0.2,Naive_raw|1|None|None|None|0.2,test,ok,,0.35,0.35,0,60,20,64,,,,53.56666666666667,53.95
flex,10,123,Naive_white,1,,,,0.3,Naive_white|1|None|None|None|0.3,test,ok,,0.95,0.95,1,60,20,64,,,,13.266666666666667,13.0
flex,11,123,Naive_raw,1,,,,0.2,Naive_raw|1|None|None|None|0.2,test,ok,,0.35,0.35,0,57,20,64,,,,50.36842105263158,49.95
flex,11,123,Naive_white,1,,,,0.3,Naive_white|1|None|None|None|0.3,test,ok,,0.75,0.75,1,57,20,64,,,,12.894736842105264,12.25
flex,12,123,Naive_raw,1,,,,0.2,Naive_raw|1|None|None|None|0.2,test,ok,,0.5,0.5,0,56,20,64,,,,50.875,50.9
flex,12,123,Naive_white,1,,,,0.3,Naive_white|1|None|None|None|0.3,test,ok,,0.6,0.6,1,56,20,64,,,,10.767857142857142,11.2
flex,13,123,Naive_raw,1,,,,0.2,Naive_raw|1|None|None|None|0.2,test,ok,,0.45,0.45,0,57,20,64,,,,49.82456140350877,50.15
flex,13,123,Naive_white,1,,,,0.3,Naive_white|1|None|None|None|0.3,test,ok,,0.8,0.8,1,57,20,64,,,,12.68421052631579,13.8
flex,1,456,Naive_raw,3,,,,0.2,Naive_raw|3|None|None|None|0.2,test,ok,,0.6,0.6,0,56,20,64,,,,50.92857142857143,50.25
flex,1,456,Naive_white,3,,,,0.4,Naive_white|3|None|None|None|0.4,test,ok,,0.8,0.8,1,56,20,64,,,,14.535714285714286,13.3
flex,2,456,Naive_raw,3,,,,0.2,Naive_raw|3|None|None|None|0.2,test,ok,,0.8,0.8,0,60,20,64,,,,51.06666666666667,50.85
flex,2,456,Naive_white,3,,,,0.4,Naive_white|3|None|None|None|0.4,test,ok,,0.9,0.9,1,60,20,64,,,,12.566666666666666,11.85
flex,3,456,Naive_raw,3,,,,0.2,Naive_raw|3|None|None|None|0.2,test,ok,,0.5,0.5,0,60,20,64,,,,53.16666666666666,52.85
flex,3,456,Naive_white,3,,,,0.4,Naive_white|3|None|None|None|0.4,test,ok,,0.65,0.65,1,60,20,64,,,,12.133333333333333,11.1
flex,4,456,Naive_raw,3,,,,0.2,Naive_raw|3|None|None|None|0.2,test,ok,,0.55,0.55,0,60,20,64,,,,51.016666666666666,51.05
flex,4,456,Naive_white,3,,,,0.4,Naive_white|3|None|None|None|0.4,test,ok,,0.9,0.9,1,60,20,64,,,,16.016666666666666,15.95
flex,5,456,Naive_raw,3,,,,0.2,Naive_raw|3|None|None|None|0.2,test,ok,,0.55,0.55,0,59,20,64,,,,54.45762711864407,54.35
flex,5,456,Naive_white,3,,,,0.4,Naive_white|3|None|None|None|0.4,test,ok,,0.6,0.6,1,59,20,64,,,,14.423728813559322,13.55
flex,6,456,Naive_raw,3,,,,0.2,Naive_raw|3|None|None|None|0.2,test,ok,,0.75,0.75,0,60,20,64,,,,49.96666666666667,49.85
flex,6,456,Naive_white,3,,,,0.4,Naive_white|3|None|None|None|0.4,test,ok,,0.85,0.85,1,60,20,64,,,,12.7,12.45
flex,7,456,Naive_raw,3,,,,0.2,Naive_raw|3|None|None|None|0.2,test,ok,,0.8,0.8,0,60,20,64,,,,55.13333333333333,55.45
flex,7,456,Naive_white,3,,,,0.4,Naive_white|3|None|None|None|0.4,test,ok,,0.8,0.8,1,60,20,64,,,,14.15,13.7
flex,8,456,Naive_raw,3,,,,0.2,Naive_raw|3|None|None|None|0.2,test,ok,,0.55,0.55,0,60,20,64,,,,53.15,53.2
flex,8,456,Naive_white,3,,,,0.4,Naive_white|3|None|None|None|0.4,test,ok,,0.9,0.9,1,60,20,64,,,,13.366666666666667,14.15
flex,9,456,Naive_raw,3,,,,0.2,Naive_raw|3|None|None|None|0.2,test,ok,,0.45,0.45,0,56,20,64,,,,50.94642857142857,51.35
flex,9,456,Naive_white,3,,,,0.4,Naive_white|3|None|None|None|0.4,test,ok,,0.85,0.85,1,56,20,64,,,,14.142857142857142,15.55
flex,10,456,Naive_raw,3,,,,0.2,Naive_raw|3|None|None|None|0.2,test,ok,,0.4,0.4,0,60,20,64,,,,53.71666666666667,53.7
flex,10,456,Naive_white,3,,,,0.4,Naive_white|3|None|None|None|0.4,test,ok,,0.9,0.9,1,60,20,64,,,,14.4,14.55
flex,11,456,Naive_raw,3,,,,0.2,Naive_raw|3|None|None|None|0.2,test,ok,,0.55,0.55,0,57,20,64,,,,50.08771929824562,50.35
flex,11,456,Naive_white,3,,,,0.4,Naive_white|3|None|None|None|0.4,test,ok,,0.8,0.8,1,57,20,64,,,,14.298245614035087,14.4
flex,12,456,Naive_raw,3,,,,0.2,Naive_raw|3|None|None|None|0.2,test,ok,,0.55,0.55,0,56,20,64,,,,50.875,51.0
flex,12,456,Naive_white,3,,,,0.4,Naive_white|3|None|None|None|0.4,test,ok,,0.55,0.55,1,56,20,64,,,,11.232142857142858,10.8
flex,13,456,Naive_raw,3,,,,0.2,Naive_raw|3|None|None|None|0.2,test,ok,,0.5,0.5,0,57,20,64,,,,49.91228070175438,49.65
flex,13,456,Naive_white,3,,,,0.4,Naive_white|3|None|None|None|0.4,test,ok,,0.75,0.75,1,57,20,64,,,,13.578947368421051,12.65
flex,1,789,Naive_raw,7,,,,0.1,Naive_raw|7|None|None|None|0.1,test,ok,,0.65,0.65,0,56,20,64,,,,49.94642857142857,49.7
flex,1,789,Naive_white,1,,,,0.4,Naive_white|1|None|None|None|0.4,test,ok,,0.75,0.75,1,56,20,64,,,,14.678571428571429,13.65
flex,2,789,Naive_raw,7,,,,0.1,Naive_raw|7|None|None|None|0.1,test,ok,,0.5,0.5,0,60,20,64,,,,50.0,50.6
flex,2,789,Naive_white,1,,,,0.4,Naive_white|1|None|None|None|0.4,test,ok,,0.95,0.95,1,60,20,64,,,,12.616666666666667,13.05
flex,3,789,Naive_raw,7,,,,0.1,Naive_raw|7|None|None|None|0.1,test,ok,,0.55,0.55,0,60,20,64,,,,52.18333333333333,52.65
flex,3,789,Naive_white,1,,,,0.4,Naive_white|1|None|None|None|0.4,test,ok,,0.6,0.6,1,60,20,64,,,,11.75,13.2
flex,4,789,Naive_raw,7,,,,0.1,Naive_raw|7|None|None|None|0.1,test,ok,,0.6,0.6,0,60,20,64,,,,50.333333333333336,50.1
flex,4,789,Naive_white,1,,,,0.4,Naive_white|1|None|None|None|0.4,test,ok,,0.85,0.85,1,60,20,64,,,,15.766666666666667,14.7
flex,5,789,Naive_raw,7,,,,0.1,Naive_raw|7|None|None|None|0.1,test,ok,,0.55,0.55,0,59,20,64,,,,53.83050847457627,53.75
flex,5,789,Naive_white,1,,,,0.4,Naive_white|1|None|None|None|0.4,test,ok,,0.9,0.9,1,59,20,64,,,,14.610169491525424,14.7
flex,6,789,Naive_raw,7,,,,0.1,Naive_raw|7|None|None|None|0.1,test,ok,,0.8,0.8,0,60,20,64,,,,49.016666666666666,49.0
flex,6,789,Naive_white,1,,,,0.4,Naive_white|1|None|None|None|0.4,test,ok,,0.95,0.95,1,60,20,64,,,,12.766666666666667,13.65
flex,7,789,Naive_raw,7,,,,0.1,Naive_raw|7|None|None|None|0.1,test,ok,,0.8,0.8,0,60,20,64,,,,54.68333333333333,54.4
flex,7,789,Naive_white,1,,,,0.4,Naive_white|1|None|None|None|0.4,test,ok,,0.95,0.95,1,60,20,64,,,,14.016666666666667,13.55
flex,8,789,Naive_raw,7,,,,0.1,Naive_raw|7|None|None|None|0.1,test,ok,,0.6,0.6,0,60,20,64,,,,52.38333333333333,52.3
flex,8,789,Naive_white,1,,,,0.4,Naive_white|1|None|None|None|0.4,test,ok,,0.75,0.75,1,60,20,64,,,,13.3,12.75
flex,9,789,Naive_raw,7,,,,0.1,Naive_raw|7|None|None|None|0.1,test,ok,,0.7,0.7,0,56,20,64,,,,50.375,49.9
flex,9,789,Naive_white,1,,,,0.4,Naive_white|1|None|None|None|0.4,test,ok,,0.85,0.85,1,56,20,64,,,,13.910714285714286,12.05
flex,10,789,Naive_raw,7,,,,0.1,Naive_raw|7|None|None|None|0.1,test,ok,,0.7,0.7,0,60,20,64,,,,52.833333333333336,53.4
flex,10,789,Naive_white,1,,,,0.4,Naive_white|1|None|None|None|0.4,test,ok,,0.95,0.95,1,60,20,64,,,,14.2,15.25
flex,11,789,Naive_raw,7,,,,0.1,Naive_raw|7|None|None|None|0.1,test,ok,,0.65,0.65,0,57,20,64,,,,49.47368421052632,48.8
flex,11,789,Naive_white,1,,,,0.4,Naive_white|1|None|None|None|0.4,test,ok,,0.65,0.65,1,57,20,64,,,,13.491228070175438,11.5
flex,12,789,Naive_raw,7,,,,0.1,Naive_raw|7|None|None|None|0.1,test,ok,,0.5,0.5,0,56,20,64,,,,49.75,50.15
flex,12,789,Naive_white,1,,,,0.4,Naive_white|1|None|None|None|0.4,test,ok,,0.6,0.6,1,56,20,64,,,,11.660714285714286,10.85
flex,13,789,Naive_raw,7,,,,0.1,Naive_raw|7|None|None|None|0.1,test,ok,,0.65,0.65,0,57,20,64,,,,49.08771929824562,48.7
flex,13,789,Naive_white,1,,,,0.4,Naive_white|1|None|None|None|0.4,test,ok,,0.9,0.9,1,57,20,64,,,,13.824561403508772,13.3
flex,1,2022,Naive_raw,3,,,,0.1,Naive_raw|3|None|None|None|0.1,test,ok,,0.65,0.65,0,56,20,64,,,,49.85714285714285,49.95
flex,1,2022,Naive_white,1,,,,0.2,Naive_white|1|None|None|None|0.2,test,ok,,0.8,0.8,1,56,20,64,,,,12.196428571428571,12.45
flex,2,2022,Naive_raw,3,,,,0.1,Naive_raw|3|None|None|None|0.1,test,ok,,0.75,0.75,0,60,20,64,,,,50.3,49.7
flex,2,2022,Naive_white,1,,,,0.2,Naive_white|1|None|None|None|0.2,test,ok,,0.6,0.6,1,60,20,64,,,,11.133333333333333,9.8
flex,3,2022,Naive_raw,3,,,,0.1,Naive_raw|3|None|None|None|0.1,test,ok,,0.45,0.45,0,60,20,64,,,,52.21666666666667,52.6
flex,3,2022,Naive_white,1,,,,0.2,Naive_white|1|None|None|None|0.2,test,ok,,0.75,0.75,1,60,20,64,,,,10.516666666666667,10.55
flex,4,2022,Naive_raw,3,,,,0.1,Naive_raw|3|None|None|None|0.1,test,ok,,0.1,0.1,0,60,20,64,,,,50.15,50.2
flex,4,2022,Naive_white,1,,,,0.2,Naive_white|1|None|None|None|0.2,test,ok,,0.65,0.65,1,60,20,64,,,,13.783333333333331,14.45
flex,5,2022,Naive_raw,3,,,,0.1,Naive_raw|3|None|None|None|0.1,test,ok,,0.5,0.5,0,59,20,64,,,,53.84745762711864,53.6
flex,5,2022,Naive_white,1,,,,0.2,Naive_white|1|None|None|None|0.2,test,ok,,0.85,0.85,1,59,20,64,,,,12.169491525423728,11.3
flex,6,2022,Naive_raw,3,,,,0.1,Naive_raw|3|None|None|None|0.1,test,ok,,0.65,0.65,0,60,20,64,,,,49.0,49.1
flex,6,2022,Naive_white,1,,,,0.2,Naive_white|1|None|None|None|0.2,test,ok,,0.8,0.8,1,60,20,64,,,,10.6,11.05
flex,7,2022,Naive_raw,3,,,,0.1,Naive_raw|3|None|None|None|0.1,test,ok,,0.7,0.7,0,60,20,64,,,,54.5,54.75
flex,7,2022,Naive_white,1,,,,0.2,Naive_white|1|None|None|None|0.2,test,ok,,0.9,0.9,1,60,20,64,,,,12.35,13.6
flex,8,2022,Naive_raw,3,,,,0.1,Naive_raw|3|None|None|None|0.1,test,ok,,0.6,0.6,0,60,20,64,,,,52.36666666666667,52.2
flex,8,2022,Naive_white,1,,,,0.2,Naive_white|1|None|None|None|0.2,test,ok,,0.8,0.8,1,60,20,64,,,,11.0,10.6
flex,9,2022,Naive_raw,3,,,,0.1,Naive_raw|3|None|None|None|0.1,test,ok,,0.55,0.55,0,56,20,64,,,,50.30357142857143,50.05
flex,9,2022,Naive_white,1,,,,0.2,Naive_white|1|None|None|None|0.2,test,ok,,0.9,0.9,1,56,20,64,,,,12.107142857142858,11.8
flex,10,2022,Naive_raw,3,,,,0.1,Naive_raw|3|None|None|None|0.1,test,ok,,0.5,0.5,0,60,20,64,,,,52.96666666666667,52.9
flex,10,2022,Naive_white,1,,,,0.2,Naive_white|1|None|None|None|0.2,test,ok,,0.85,0.85,1,60,20,64,,,,12.333333333333334,12.75
flex,11,2022,Naive_raw,3,,,,0.1,Naive_raw|3|None|None|None|0.1,test,ok,,0.55,0.55,0,57,20,64,,,,49.40350877192982,49.1
flex,11,2022,Naive_white,1,,,,0.2,Naive_white|1|None|None|None|0.2,test,ok,,0.6,0.6,1,57,20,64,,,,11.75438596491228,9.4
flex,12,2022,Naive_raw,3,,,,0.1,Naive_raw|3|None|None|None|0.1,test,ok,,0.35,0.35,0,56,20,64,,,,49.96428571428572,50.15
flex,12,2022,Naive_white,1,,,,0.2,Naive_white|1|None|None|None|0.2,test,ok,,0.55,0.55,1,56,20,64,,,,10.160714285714286,10.0
flex,13,2022,Naive_raw,3,,,,0.1,Naive_raw|3|None|None|None|0.1,test,ok,,0.45,0.45,0,57,20,64,,,,49.10526315789474,48.5
flex,13,2022,Naive_white,1,,,,0.2,Naive_white|1|None|None|None|0.2,test,ok,,0.8,0.8,1,57,20,64,,,,11.771929824561404,10.7
flex,1,31415,Naive_raw,3,,,,0.1,Naive_raw|3|None|None|None|0.1,test,ok,,0.5,0.5,0,56,20,64,,,,49.892857142857146,50.0
flex,1,31415,Naive_white,1,,,,0.4,Naive_white|1|None|None|None|0.4,test,ok,,0.95,0.95,1,56,20,64,,,,14.589285714285714,15.3
flex,2,31415,Naive_raw,3,,,,0.1,Naive_raw|3|None|None|None|0.1,test,ok,,0.45,0.45,0,60,20,64,,,,50.1,49.7
flex,2,31415,Naive_white,1,,,,0.4,Naive_white|1|None|None|None|0.4,test,ok,,0.9,0.9,1,60,20,64,,,,12.866666666666667,11.15
flex,3,31415,Naive_raw,3,,,,0.1,Naive_raw|3|None|None|None|0.1,test,ok,,0.45,0.45,0,60,20,64,,,,52.3,52.45
flex,3,31415,Naive_white,1,,,,0.4,Naive_white|1|None|None|None|0.4,test,ok,,0.85,0.85,1,60,20,64,,,,12.0,11.6
flex,4,31415,Naive_raw,3,,,,0.1,Naive_raw|3|None|None|None|0.1,test,ok,,0.3,0.3,0,60,20,64,,,,50.3,49.5
flex,4,31415,Naive_white,1,,,,0.4,Naive_white|1|None|None|None|0.4,test,ok,,0.7,0.7,1,60,20,64,,,,16.033333333333335,14.4
flex,5,31415,Naive_raw,3,,,,0.1,Naive_raw|3|None|None|None|0.1,test,ok,,0.5,0.5,0,59,20,64,,,,53.59322033898305,53.9
flex,5,31415,Naive_white,1,,,,0.4,Naive_white|1|None|None|None|0.4,test,ok,,0.85,0.85,1,59,20,64,,,,14.33898305084746,14.95
flex,6,31415,Naive_raw,3,,,,0.1,Naive_raw|3|None|None|None|0.1,test,ok,,0.6,0.6,0,60,20,64,,,,48.98333333333333,49.0
flex,6,31415,Naive_white,1,,,,0.4,Naive_white|1|None|None|None|0.4,test,ok,,0.9,0.9,1,60,20,64,,,,12.516666666666667,12.65
flex,7,31415,Naive_raw,3,,,,0.1,Naive_raw|3|None|None|None|0.1,test,ok,,0.65,0.65,0,60,20,64,,,,54.55,54.5
flex,7,31415,Naive_white,1,,,,0.4,Naive_white|1|None|None|None|0.4,test,ok,,0.95,0.95,1,60,20,64,,,,13.983333333333333,12.8
flex,8,31415,Naive_raw,3,,,,0.1,Naive_raw|3|None|None|None|0.1,test,ok,,0.4,0.4,0,60,20,64,,,,52.41666666666666,52.45
flex,8,31415,Naive_white,1,,,,0.4,Naive_white|1|None|None|None|0.4,test,ok,,0.75,0.75,1,60,20,64,,,,12.8,12.3
flex,9,31415,Naive_raw,3,,,,0.1,Naive_raw|3|None|None|None|0.1,test,ok,,0.55,0.55,0,56,20,64,,,,50.10714285714285,50.65
flex,9,31415,Naive_white,1,,,,0.4,Naive_white|1|None|None|None|0.4,test,ok,,1.0,1.0,1,56,20,64,,,,13.982142857142858,15.9
flex,10,31415,Naive_raw,3,,,,0.1,Naive_raw|3|None|None|None|0.1,test,ok,,0.35,0.35,0,60,20,64,,,,52.96666666666667,52.9
flex,10,31415,Naive_white,1,,,,0.4,Naive_white|1|None|None|None|0.4,test,ok,,0.75,0.75,1,60,20,64,,,,14.45,14.7
flex,11,31415,Naive_raw,3,,,,0.1,Naive_raw|3|None|None|None|0.1,test,ok,,0.55,0.55,0,57,20,64,,,,49.175438596491226,49.55
flex,11,31415,Naive_white,1,,,,0.4,Naive_white|1|None|None|None|0.4,test,ok,,0.8,0.8,1,57,20,64,,,,13.912280701754383,13.65
flex,12,31415,Naive_raw,3,,,,0.1,Naive_raw|3|None|None|None|0.1,test,ok,,0.65,0.65,0,56,20,64,,,,49.85714285714285,50.15
flex,12,31415,Naive_white,1,,,,0.4,Naive_white|1|None|None|None|0.4,test,ok,,0.7,0.7,1,56,20,64,,,,10.714285714285714,11.25
flex,13,31415,Naive_raw,3,,,,0.1,Naive_raw|3|None|None|None|0.1,test,ok,,0.5,0.5,0,57,20,64,,,,48.96491228070175,48.8
flex,13,31415,Naive_white,1,,,,0.4,Naive_white|1|None|None|None|0.4,test,ok,,0.8,0.8,1,57,20,64,,,,13.701754385964913,14.3
flex,1,27182,Naive_raw,1,,,,0.2,Naive_raw|1|None|None|None|0.2,test,ok,,0.45,0.45,0,56,20,64,,,,50.80357142857143,50.85
flex,1,27182,Naive_white,1,,,,0.4,Naive_white|1|None|None|None|0.4,test,ok,,0.85,0.85,1,56,20,64,,,,14.428571428571429,13.8
flex,2,27182,Naive_raw,1,,,,0.2,Naive_raw|1|None|None|None|0.2,test,ok,,0.6,0.6,0,60,20,64,,,,51.03333333333333,50.75
flex,2,27182,Naive_white,1,,,,0.4,Naive_white|1|None|None|None|0.4,test,ok,,0.85,0.85,1,60,20,64,,,,12.483333333333333,12.5
flex,3,27182,Naive_raw,1,,,,0.2,Naive_raw|1|None|None|None|0.2,test,ok,,0.55,0.55,0,60,20,64,,,,53.11666666666667,53.0
flex,3,27182,Naive_white,1,,,,0.4,Naive_white|1|None|None|None|0.4,test,ok,,0.7,0.7,1,60,20,64,,,,12.033333333333331,11.85
flex,4,27182,Naive_raw,1,,,,0.2,Naive_raw|1|None|None|None|0.2,test,ok,,0.3,0.3,0,60,20,64,,,,50.85,51.3
flex,4,27182,Naive_white,1,,,,0.4,Naive_white|1|None|None|None|0.4,test,ok,,0.8,0.8,1,60,20,64,,,,15.766666666666667,16.8
flex,5,27182,Naive_raw,1,,,,0.2,Naive_raw|1|None|None|None|0.2,test,ok,,0.7,0.7,0,59,20,64,,,,54.40677966101695,54.2
flex,5,27182,Naive_white,1,,,,0.4,Naive_white|1|None|None|None|0.4,test,ok,,0.7,0.7,1,59,20,64,,,,14.33898305084746,14.3
flex,6,27182,Naive_raw,1,,,,0.2,Naive_raw|1|None|None|None|0.2,test,ok,,0.6,0.6,0,60,20,64,,,,49.88333333333333,49.9
flex,6,27182,Naive_white,1,,,,0.4,Naive_white|1|None|None|None|0.4,test,ok,,0.95,0.95,1,60,20,64,,,,12.65,12.2
flex,7,27182,Naive_raw,1,,,,0.2,Naive_raw|1|None|None|None|0.2,test,ok,,0.7,0.7,0,60,20,64,,,,55.2,55.05
flex,7,27182,Naive_white,1,,,,0.4,Naive_white|1|None|None|None|0.4,test,ok,,0.9,0.9,1,60,20,64,,,,14.233333333333333,14.85
flex,8,27182,Naive_raw,1,,,,0.2,Naive_raw|1|None|None|None|0.2,test,ok,,0.5,0.5,0,60,20,64,,,,53.266666666666666,52.9
flex,8,27182,Naive_white,1,,,,0.4,Naive_white|1|None|None|None|0.4,test,ok,,0.75,0.75,1,60,20,64,,,,12.766666666666667,12.15
flex,9,27182,Naive_raw,1,,,,0.2,Naive_raw|1|None|None|None|0.2,test,ok,,0.55,0.55,0,56,20,64,,,,51.33928571428572,50.9
flex,9,27182,Naive_white,1,,,,0.4,Naive_white|1|None|None|None|0.4,test,ok,,0.7,0.7,1,56,20,64,,,,14.196428571428571,12.35
flex,10,27182,Naive_raw,1,,,,0.2,Naive_raw|1|None|None|None|0.2,test,ok,,0.45,0.45,0,60,20,64,,,,53.61666666666667,53.75
flex,10,27182,Naive_white,1,,,,0.4,Naive_white|1|None|None|None|0.4,test,ok,,0.85,0.85,1,60,20,64,,,,14.15,13.75
flex,11,27182,Naive_raw,1,,,,0.2,Naive_raw|1|None|None|None|0.2,test,ok,,0.45,0.45,0,57,20,64,,,,50.08771929824562,50.4
flex,11,27182,Naive_white,1,,,,0.4,Naive_white|1|None|None|None|0.4,test,ok,,1.0,1.0,1,57,20,64,,,,13.842105263157896,13.45
flex,12,27182,Naive_raw,1,,,,0.2,Naive_raw|1|None|None|None|0.2,test,ok,,0.65,0.65,0,56,20,64,,,,50.85714285714285,50.75
flex,12,27182,Naive_white,1,,,,0.4,Naive_white|1|None|None|None|0.4,test,ok,,0.75,0.75,1,56,20,64,,,,11.553571428571429,12.05
flex,13,27182,Naive_raw,1,,,,0.2,Naive_raw|1|None|None|None|0.2,test,ok,,0.45,0.45,0,57,20,64,,,,49.98245614035088,49.75
flex,13,27182,Naive_white,1,,,,0.4,Naive_white|1|None|None|None|0.4,test,ok,,0.85,0.85,1,57,20,64,,,,13.87719298245614,14.1
flex,1,8675309,Naive_raw,11,,,,0.1,Naive_raw|11|None|None|None|0.1,test,ok,,0.6,0.6,0,56,20,64,,,,49.92857142857143,49.8
flex,1,8675309,Naive_white,1,,,,0.1,Naive_white|1|None|None|None|0.1,test,ok,,0.9,0.9,1,56,20,64,,,,10.839285714285714,11.05
flex,2,8675309,Naive_raw,11,,,,0.1,Naive_raw|11|None|None|None|0.1,test,ok,,0.75,0.75,0,60,20,64,,,,50.083333333333336,49.8
flex,2,8675309,Naive_white,1,,,,0.1,Naive_white|1|None|None|None|0.1,test,ok,,0.85,0.85,1,60,20,64,,,,9.933333333333334,9.7
flex,3,8675309,Naive_raw,11,,,,0.1,Naive_raw|11|None|None|None|0.1,test,ok,,0.6,0.6,0,60,20,64,,,,52.4,52.3
flex,3,8675309,Naive_white,1,,,,0.1,Naive_white|1|None|None|None|0.1,test,ok,,0.45,0.45,1,60,20,64,,,,9.433333333333334,8.05
flex,4,8675309,Naive_raw,11,,,,0.1,Naive_raw|11|None|None|None|0.1,test,ok,,0.4,0.4,0,60,20,64,,,,50.16666666666666,50.4
flex,4,8675309,Naive_white,1,,,,0.1,Naive_white|1|None|None|None|0.1,test,ok,,0.8,0.8,1,60,20,64,,,,11.533333333333331,12.35
flex,5,8675309,Naive_raw,11,,,,0.1,Naive_raw|11|None|None|None|0.1,test,ok,,0.55,0.55,0,59,20,64,,,,53.72881355932204,53.7
flex,5,8675309,Naive_white,1,,,,0.1,Naive_white|1|None|None|None|0.1,test,ok,,0.6,0.6,1,59,20,64,,,,10.932203389830509,10.6
flex,6,8675309,Naive_raw,11,,,,0.1,Naive_raw|11|None|None|None|0.1,test,ok,,0.5,0.5,0,60,20,64,,,,48.88333333333333,48.95
flex,6,8675309,Naive_white,1,,,,0.1,Naive_white|1|None|None|None|0.1,test,ok,,0.9,0.9,1,60,20,64,,,,9.233333333333333,9.65
flex,7,8675309,Naive_raw,11,,,,0.1,Naive_raw|11|None|None|None|0.1,test,ok,,0.7,0.7,0,60,20,64,,,,54.7,54.5
flex,7,8675309,Naive_white,1,,,,0.1,Naive_white|1|None|None|None|0.1,test,ok,,0.75,0.75,1,60,20,64,,,,11.416666666666666,10.15
flex,8,8675309,Naive_raw,11,,,,0.1,Naive_raw|11|None|None|None|0.1,test,ok,,0.5,0.5,0,60,20,64,,,,52.21666666666667,52.7
flex,8,8675309,Naive_white,1,,,,0.1,Naive_white|1|None|None|None|0.1,test,ok,,0.85,0.85,1,60,20,64,,,,9.616666666666667,9.65
flex,9,8675309,Naive_raw,11,,,,0.1,Naive_raw|11|None|None|None|0.1,test,ok,,0.6,0.6,0,56,20,64,,,,50.17857142857143,50.35
flex,9,8675309,Naive_white,1,,,,0.1,Naive_white|1|None|None|None|0.1,test,ok,,0.8,0.8,1,56,20,64,,,,10.660714285714286,11.7
flex,10,8675309,Naive_raw,11,,,,0.1,Naive_raw|11|None|None|None|0.1,test,ok,,0.6,0.6,0,60,20,64,,,,52.96666666666667,53.05
flex,10,8675309,Naive_white,1,,,,0.1,Naive_white|1|None|None|None|0.1,test,ok,,0.95,0.95,1,60,20,64,,,,11.016666666666667,11.15
flex,11,8675309,Naive_raw,11,,,,0.1,Naive_raw|11|None|None|None|0.1,test,ok,,0.6,0.6,0,57,20,64,,,,49.26315789473684,49.15
flex,11,8675309,Naive_white,1,,,,0.1,Naive_white|1|None|None|None|0.1,test,ok,,0.75,0.75,1,57,20,64,,,,10.298245614035087,10.15
flex,12,8675309,Naive_raw,11,,,,0.1,Naive_raw|11|None|None|None|0.1,test,ok,,0.5,0.5,0,56,20,64,,,,50.07142857142857,49.75
flex,12,8675309,Naive_white,1,,,,0.1,Naive_white|1|None|None|None|0.1,test,ok,,0.7,0.7,1,56,20,64,,,,9.017857142857142,8.95
flex,13,8675309,Naive_raw,11,,,,0.1,Naive_raw|11|None|None|None|0.1,test,ok,,0.45,0.45,0,57,20,64,,,,49.0,49.0
flex,13,8675309,Naive_white,1,,,,0.1,Naive_white|1|None|None|None|0.1,test,ok,,0.75,0.75,1,57,20,64,,,,10.280701754385966,10.1
flex,1,104729,Naive_raw,11,,,,0.1,Naive_raw|11|None|None|None|0.1,test,ok,,0.5,0.5,0,56,20,64,,,,49.92857142857143,50.1
flex,1,104729,Naive_white,1,,,,0.3,Naive_white|1|None|None|None|0.3,test,ok,,0.95,0.95,1,56,20,64,,,,13.553571428571429,14.25
flex,2,104729,Naive_raw,11,,,,0.1,Naive_raw|11|None|None|None|0.1,test,ok,,0.75,0.75,0,60,20,64,,,,50.16666666666666,49.85
flex,2,104729,Naive_white,1,,,,0.3,Naive_white|1|None|None|None|0.3,test,ok,,1.0,1.0,1,60,20,64,,,,12.5,12.45
flex,3,104729,Naive_raw,11,,,,0.1,Naive_raw|11|None|None|None|0.1,test,ok,,0.7,0.7,0,60,20,64,,,,52.35,52.05
flex,3,104729,Naive_white,1,,,,0.3,Naive_white|1|None|None|None|0.3,test,ok,,0.6,0.6,1,60,20,64,,,,11.116666666666667,10.9
flex,4,104729,Naive_raw,11,,,,0.1,Naive_raw|11|None|None|None|0.1,test,ok,,0.65,0.65,0,60,20,64,,,,50.28333333333333,49.75
flex,4,104729,Naive_white,1,,,,0.3,Naive_white|1|None|None|None|0.3,test,ok,,0.75,0.75,1,60,20,64,,,,15.066666666666666,14.8
flex,5,104729,Naive_raw,11,,,,0.1,Naive_raw|11|None|None|None|0.1,test,ok,,0.3,0.3,0,59,20,64,,,,53.84745762711864,53.9
flex,5,104729,Naive_white,1,,,,0.3,Naive_white|1|None|None|None|0.3,test,ok,,0.65,0.65,1,59,20,64,,,,13.40677966101695,13.45
flex,6,104729,Naive_raw,11,,,,0.1,Naive_raw|11|None|None|None|0.1,test,ok,,0.8,0.8,0,60,20,64,,,,49.06666666666667,48.7
flex,6,104729,Naive_white,1,,,,0.3,Naive_white|1|None|None|None|0.3,test,ok,,0.95,0.95,1,60,20,64,,,,11.6,11.5
flex,7,104729,Naive_raw,11,,,,0.1,Naive_raw|11|None|None|None|0.1,test,ok,,0.5,0.5,0,60,20,64,,,,54.6,54.4
flex,7,104729,Naive_white,1,,,,0.3,Naive_white|1|None|None|None|0.3,test,ok,,0.7,0.7,1,60,20,64,,,,13.6,12.05
flex,8,104729,Naive_raw,11,,,,0.1,Naive_raw|11|None|None|None|0.1,test,ok,,0.5,0.5,0,60,20,64,,,,52.46666666666667,52.2
flex,8,104729,Naive_white,1,,,,0.3,Naive_white|1|None|None|None|0.3,test,ok,,0.85,0.85,1,60,20,64,,,,12.35,11.8
flex,9,104729,Naive_raw,11,,,,0.1,Naive_raw|11|None|None|None|0.1,test,ok,,0.4,0.4,0,56,20,64,,,,50.160714285714285,50.7
flex,9,104729,Naive_white,1,,,,0.3,Naive_white|1|None|None|None|0.3,test,ok,,0.8,0.8,1,56,20,64,,,,12.803571428571429,13.5
flex,10,104729,Naive_raw,11,,,,0.1,Naive_raw|11|None|None|None|0.1,test,ok,,0.6,0.6,0,60,20,64,,,,53.1,52.65
flex,10,104729,Naive_white,1,,,,0.3,Naive_white|1|None|None|None|0.3,test,ok,,0.95,0.95,1,60,20,64,,,,13.133333333333333,12.9
flex,11,104729,Naive_raw,11,,,,0.1,Naive_raw|11|None|None|None|0.1,test,ok,,0.6,0.6,0,57,20,64,,,,49.280701754385966,48.95
flex,11,104729,Naive_white,1,,,,0.3,Naive_white|1|None|None|None|0.3,test,ok,,0.8,0.8,1,57,20,64,,,,13.105263157894736,13.1
flex,12,104729,Naive_raw,11,,,,0.1,Naive_raw|11|None|None|None|0.1,test,ok,,0.5,0.5,0,56,20,64,,,,49.96428571428572,50.25
flex,12,104729,Naive_white,1,,,,0.3,Naive_white|1|None|None|None|0.3,test,ok,,0.8,0.8,1,56,20,64,,,,9.839285714285714,10.7
flex,13,104729,Naive_raw,11,,,,0.1,Naive_raw|11|None|None|None|0.1,test,ok,,0.75,0.75,0,57,20,64,,,,48.94736842105263,48.95
flex,13,104729,Naive_white,1,,,,0.3,Naive_white|1|None|None|None|0.3,test,ok,,0.85,0.85,1,57,20,64,,,,12.807017543859647,13.45
flex,1,99991,Naive_raw,3,,,,0.1,Naive_raw|3|None|None|None|0.1,test,ok,,0.65,0.65,0,56,20,64,,,,50.08928571428572,49.9
flex,1,99991,Naive_white,3,,,,0.4,Naive_white|3|None|None|None|0.4,test,ok,,0.9,0.9,1,56,20,64,,,,14.625,14.75
flex,2,99991,Naive_raw,3,,,,0.1,Naive_raw|3|None|None|None|0.1,test,ok,,0.4,0.4,0,60,20,64,,,,49.98333333333333,50.05
flex,2,99991,Naive_white,3,,,,0.4,Naive_white|3|None|None|None|0.4,test,ok,,0.85,0.85,1,60,20,64,,,,13.166666666666666,13.25
flex,3,99991,Naive_raw,3,,,,0.1,Naive_raw|3|None|None|None|0.1,test,ok,,0.5,0.5,0,60,20,64,,,,52.18333333333333,52.65
flex,3,99991,Naive_white,3,,,,0.4,Naive_white|3|None|None|None|0.4,test,ok,,0.85,0.85,1,60,20,64,,,,11.666666666666666,12.3
flex,4,99991,Naive_raw,3,,,,0.1,Naive_raw|3|None|None|None|0.1,test,ok,,0.25,0.25,0,60,20,64,,,,50.3,49.95
flex,4,99991,Naive_white,3,,,,0.4,Naive_white|3|None|None|None|0.4,test,ok,,0.8,0.8,1,60,20,64,,,,16.2,16.45
flex,5,99991,Naive_raw,3,,,,0.1,Naive_raw|3|None|None|None|0.1,test,ok,,0.5,0.5,0,59,20,64,,,,53.74576271186441,53.7
flex,5,99991,Naive_white,3,,,,0.4,Naive_white|3|None|None|None|0.4,test,ok,,0.75,0.75,1,59,20,64,,,,14.220338983050848,14.55
flex,6,99991,Naive_raw,3,,,,0.1,Naive_raw|3|None|None|None|0.1,test,ok,,0.3,0.3,0,60,20,64,,,,48.91666666666666,49.15
flex,6,99991,Naive_white,3,,,,0.4,Naive_white|3|None|None|None|0.4,test,ok,,0.9,0.9,1,60,20,64,,,,12.666666666666666,12.55
flex,7,99991,Naive_raw,3,,,,0.1,Naive_raw|3|None|None|None|0.1,test,ok,,0.7,0.7,0,60,20,64,,,,54.38333333333333,55.1
flex,7,99991,Naive_white,3,,,,0.4,Naive_white|3|None|None|None|0.4,test,ok,,0.9,0.9,1,60,20,64,,,,14.016666666666667,15.5
flex,8,99991,Naive_raw,3,,,,0.1,Naive_raw|3|None|None|None|0.1,test,ok,,0.55,0.55,0,60,20,64,,,,52.45,52.35
flex,8,99991,Naive_white,3,,,,0.4,Naive_white|3|None|None|None|0.4,test,ok,,0.8,0.8,1,60,20,64,,,,13.05,13.35
flex,9,99991,Naive_raw,3,,,,0.1,Naive_raw|3|None|None|None|0.1,test,ok,,0.55,0.55,0,56,20,64,,,,50.19642857142857,50.2
flex,9,99991,Naive_white,3,,,,0.4,Naive_white|3|None|None|None|0.4,test,ok,,0.75,0.75,1,56,20,64,,,,14.017857142857142,13.9
flex,10,99991,Naive_raw,3,,,,0.1,Naive_raw|3|None|None|None|0.1,test,ok,,0.45,0.45,0,60,20,64,,,,53.05,53.0
flex,10,99991,Naive_white,3,,,,0.4,Naive_white|3|None|None|None|0.4,test,ok,,0.9,0.9,1,60,20,64,,,,14.066666666666666,14.65
flex,11,99991,Naive_raw,3,,,,0.1,Naive_raw|3|None|None|None|0.1,test,ok,,0.6,0.6,0,57,20,64,,,,49.175438596491226,49.25
flex,11,99991,Naive_white,3,,,,0.4,Naive_white|3|None|None|None|0.4,test,ok,,0.9,0.9,1,57,20,64,,,,13.964912280701755,14.7
flex,12,99991,Naive_raw,3,,,,0.1,Naive_raw|3|None|None|None|0.1,test,ok,,0.7,0.7,0,56,20,64,,,,49.785714285714285,50.15
flex,12,99991,Naive_white,3,,,,0.4,Naive_white|3|None|None|None|0.4,test,ok,,0.65,0.65,1,56,20,64,,,,11.053571428571429,12.0
flex,13,99991,Naive_raw,3,,,,0.1,Naive_raw|3|None|None|None|0.1,test,ok,,0.35,0.35,0,57,20,64,,,,49.07017543859649,49.1
flex,13,99991,Naive_white,3,,,,0.4,Naive_white|3|None|None|None|0.4,test,ok,,0.75,0.75,1,57,20,64,,,,13.789473684210526,12.75
hyser,1,42,Naive_raw,1,,,,0.4,Naive_raw|1|None|None|None|0.4,test,ok,,0.0294117647058823,0.0294117647058823,0,134,34,256,,,,0.1940298507462686,0.088235294117647
hyser,1,42,Naive_white,1,,,,0.4,Naive_white|1|None|None|None|0.4,test,ok,,0.8823529411764706,0.8823529411764706,1,134,34,256,,,,40.28358208955224,39.20588235294117
hyser,2,42,Naive_raw,1,,,,0.4,Naive_raw|1|None|None|None|0.4,test,ok,,0.1470588235294117,0.1470588235294117,0,135,34,256,,,,0.2592592592592592,0.2647058823529412
hyser,2,42,Naive_white,1,,,,0.4,Naive_white|1|None|None|None|0.4,test,ok,,0.9117647058823528,0.9117647058823528,1,135,34,256,,,,42.11111111111112,42.35294117647059
hyser,3,42,Naive_raw,1,,,,0.4,Naive_raw|1|None|None|None|0.4,test,ok,,0.2424242424242424,0.2424242424242424,0,130,33,256,,,,0.5307692307692308,0.5454545454545454
hyser,3,42,Naive_white,1,,,,0.4,Naive_white|1|None|None|None|0.4,test,ok,,0.8484848484848485,0.8484848484848485,1,130,33,256,,,,39.34615384615385,39.45454545454545
hyser,4,42,Naive_raw,1,,,,0.4,Naive_raw|1|None|None|None|0.4,test,ok,,0.2058823529411764,0.2058823529411764,0,134,34,256,,,,0.5522388059701493,0.4117647058823529
hyser,4,42,Naive_white,1,,,,0.4,Naive_white|1|None|None|None|0.4,test,ok,,0.8529411764705882,0.8529411764705882,1,134,34,256,,,,37.44776119402985,35.88235294117647
hyser,5,42,Naive_raw,1,,,,0.4,Naive_raw|1|None|None|None|0.4,test,ok,,0.5151515151515151,0.5151515151515151,0,129,33,256,,,,0.6124031007751938,0.7272727272727273
hyser,5,42,Naive_white,1,,,,0.4,Naive_white|1|None|None|None|0.4,test,ok,,0.8484848484848485,0.8484848484848485,1,129,33,256,,,,45.46511627906977,45.48484848484848
hyser,6,42,Naive_raw,1,,,,0.4,Naive_raw|1|None|None|None|0.4,test,ok,,0.3823529411764705,0.3823529411764705,0,136,34,256,,,,0.625,0.6470588235294118
hyser,6,42,Naive_white,1,,,,0.4,Naive_white|1|None|None|None|0.4,test,ok,,0.8235294117647058,0.8235294117647058,1,136,34,256,,,,43.88235294117647,44.35294117647059
hyser,7,42,Naive_raw,1,,,,0.4,Naive_raw|1|None|None|None|0.4,test,ok,,0.4117647058823529,0.4117647058823529,0,136,34,256,,,,0.5808823529411765,0.5588235294117647
hyser,7,42,Naive_white,1,,,,0.4,Naive_white|1|None|None|None|0.4,test,ok,,0.9411764705882352,0.9411764705882352,1,136,34,256,,,,46.5,46.088235294117645
hyser,8,42,Naive_raw,1,,,,0.4,Naive_raw|1|None|None|None|0.4,test,ok,,0.2352941176470588,0.2352941176470588,0,136,34,256,,,,1.3455882352941178,1.6176470588235294
hyser,8,42,Naive_white,1,,,,0.4,Naive_white|1|None|None|None|0.4,test,ok,,0.8529411764705882,0.8529411764705882,1,136,34,256,,,,33.77205882352941,33.529411764705884
hyser,9,42,Naive_raw,1,,,,0.4,Naive_raw|1|None|None|None|0.4,test,ok,,0.1764705882352941,0.1764705882352941,0,136,34,256,,,,0.1470588235294117,0.1764705882352941
hyser,9,42,Naive_white,1,,,,0.4,Naive_white|1|None|None|None|0.4,test,ok,,0.9117647058823528,0.9117647058823528,1,136,34,256,,,,46.13970588235294,45.85294117647059
hyser,10,42,Naive_raw,1,,,,0.4,Naive_raw|1|None|None|None|0.4,test,ok,,0.2352941176470588,0.2352941176470588,0,135,34,256,,,,0.3037037037037037,0.2941176470588235
hyser,10,42,Naive_white,1,,,,0.4,Naive_white|1|None|None|None|0.4,test,ok,,0.9705882352941176,0.9705882352941176,1,135,34,256,,,,39.45925925925926,39.3235294117647
hyser,11,42,Naive_raw,1,,,,0.4,Naive_raw|1|None|None|None|0.4,test,ok,,0.0303030303030303,0.0303030303030303,0,129,33,256,,,,0.0620155038759689,0.1212121212121212
hyser,11,42,Naive_white,1,,,,0.4,Naive_white|1|None|None|None|0.4,test,ok,,0.8181818181818182,0.8181818181818182,1,129,33,256,,,,50.02325581395349,49.72727272727273
hyser,12,42,Naive_raw,1,,,,0.4,Naive_raw|1|None|None|None|0.4,test,ok,,0.2058823529411764,0.2058823529411764,0,134,34,256,,,,0.5671641791044776,0.4705882352941176
hyser,12,42,Naive_white,1,,,,0.4,Naive_white|1|None|None|None|0.4,test,ok,,0.9411764705882352,0.9411764705882352,1,134,34,256,,,,45.25373134328358,45.6764705882353
hyser,13,42,Naive_raw,1,,,,0.4,Naive_raw|1|None|None|None|0.4,test,ok,,0.3235294117647059,0.3235294117647059,0,133,34,256,,,,0.7593984962406015,0.6176470588235294
hyser,13,42,Naive_white,1,,,,0.4,Naive_white|1|None|None|None|0.4,test,ok,,0.7941176470588235,0.7941176470588235,1,133,34,256,,,,39.097744360902254,39.088235294117645
hyser,14,42,Naive_raw,1,,,,0.4,Naive_raw|1|None|None|None|0.4,test,ok,,0.2352941176470588,0.2352941176470588,0,134,34,256,,,,0.6716417910447762,0.7058823529411765
hyser,14,42,Naive_white,1,,,,0.4,Naive_white|1|None|None|None|0.4,test,ok,,0.8823529411764706,0.8823529411764706,1,134,34,256,,,,41.62686567164179,42.88235294117647
hyser,15,42,Naive_raw,1,,,,0.4,Naive_raw|1|None|None|None|0.4,test,ok,,0.088235294117647,0.088235294117647,0,136,34,256,,,,0.2647058823529412,0.3235294117647059
hyser,15,42,Naive_white,1,,,,0.4,Naive_white|1|None|None|None|0.4,test,ok,,0.9705882352941176,0.9705882352941176,1,136,34,256,,,,40.61029411764706,39.76470588235294
hyser,16,42,Naive_raw,1,,,,0.4,Naive_raw|1|None|None|None|0.4,test,ok,,0.4411764705882353,0.4411764705882353,0,131,34,256,,,,1.5801526717557253,1.411764705882353
hyser,16,42,Naive_white,1,,,,0.4,Naive_white|1|None|None|None|0.4,test,ok,,0.7352941176470589,0.7352941176470589,1,131,34,256,,,,32.70229007633588,30.058823529411764
hyser,17,42,Naive_raw,1,,,,0.4,Naive_raw|1|None|None|None|0.4,test,ok,,0.2647058823529412,0.2647058823529412,0,133,34,256,,,,0.3157894736842105,0.3529411764705882
hyser,17,42,Naive_white,1,,,,0.4,Naive_white|1|None|None|None|0.4,test,ok,,0.9117647058823528,0.9117647058823528,1,133,34,256,,,,38.89473684210526,39.47058823529412
hyser,18,42,Naive_raw,1,,,,0.4,Naive_raw|1|None|None|None|0.4,test,ok,,0.4411764705882353,0.4411764705882353,0,136,34,256,,,,1.213235294117647,1.1764705882352942
hyser,18,42,Naive_white,1,,,,0.4,Naive_white|1|None|None|None|0.4,test,ok,,0.9411764705882352,0.9411764705882352,1,136,34,256,,,,48.35294117647059,48.26470588235294
hyser,19,42,Naive_raw,1,,,,0.4,Naive_raw|1|None|None|None|0.4,test,ok,,0.6764705882352942,0.6764705882352942,0,136,34,256,,,,1.3455882352941178,1.1764705882352942
hyser,19,42,Naive_white,1,,,,0.4,Naive_white|1|None|None|None|0.4,test,ok,,0.9411764705882352,0.9411764705882352,1,136,34,256,,,,41.169117647058826,40.1764705882353
hyser,20,42,Naive_raw,1,,,,0.4,Naive_raw|1|None|None|None|0.4,test,ok,,0.4411764705882353,0.4411764705882353,0,133,34,256,,,,0.8345864661654135,0.8235294117647058
hyser,20,42,Naive_white,1,,,,0.4,Naive_white|1|None|None|None|0.4,test,ok,,0.9117647058823528,0.9117647058823528,1,133,34,256,,,,36.36842105263158,37.0
hyser,1,123,Naive_raw,1,,,,0.4,Naive_raw|1|None|None|None|0.4,test,ok,,0.0588235294117647,0.0588235294117647,0,134,34,256,,,,0.1791044776119403,0.088235294117647
hyser,1,123,Naive_white,1,,,,0.4,Naive_white|1|None|None|None|0.4,test,ok,,0.9411764705882352,0.9411764705882352,1,134,34,256,,,,40.62686567164179,40.52941176470589
hyser,2,123,Naive_raw,1,,,,0.4,Naive_raw|1|None|None|None|0.4,test,ok,,0.1764705882352941,0.1764705882352941,0,135,34,256,,,,0.2518518518518518,0.2941176470588235
hyser,2,123,Naive_white,1,,,,0.4,Naive_white|1|None|None|None|0.4,test,ok,,0.9705882352941176,0.9705882352941176,1,135,34,256,,,,41.75555555555555,42.05882352941177
hyser,3,123,Naive_raw,1,,,,0.4,Naive_raw|1|None|None|None|0.4,test,ok,,0.1818181818181818,0.1818181818181818,0,130,33,256,,,,0.5076923076923077,0.5454545454545454
hyser,3,123,Naive_white,1,,,,0.4,Naive_white|1|None|None|None|0.4,test,ok,,0.8787878787878788,0.8787878787878788,1,130,33,256,,,,39.39230769230769,40.42424242424242
hyser,4,123,Naive_raw,1,,,,0.4,Naive_raw|1|None|None|None|0.4,test,ok,,0.3823529411764705,0.3823529411764705,0,134,34,256,,,,0.5447761194029851,0.5882352941176471
hyser,4,123,Naive_white,1,,,,0.4,Naive_white|1|None|None|None|0.4,test,ok,,0.8823529411764706,0.8823529411764706,1,134,34,256,,,,36.54477611940298,38.14705882352941
hyser,5,123,Naive_raw,1,,,,0.4,Naive_raw|1|None|None|None|0.4,test,ok,,0.4242424242424242,0.4242424242424242,0,129,33,256,,,,0.6666666666666666,0.6666666666666666
hyser,5,123,Naive_white,1,,,,0.4,Naive_white|1|None|None|None|0.4,test,ok,,0.8181818181818182,0.8181818181818182,1,129,33,256,,,,44.7906976744186,45.54545454545455
hyser,6,123,Naive_raw,1,,,,0.4,Naive_raw|1|None|None|None|0.4,test,ok,,0.4117647058823529,0.4117647058823529,0,136,34,256,,,,0.625,0.5588235294117647
hyser,6,123,Naive_white,1,,,,0.4,Naive_white|1|None|None|None|0.4,test,ok,,0.8823529411764706,0.8823529411764706,1,136,34,256,,,,43.97794117647059,43.61764705882353
hyser,7,123,Naive_raw,1,,,,0.4,Naive_raw|1|None|None|None|0.4,test,ok,,0.4411764705882353,0.4411764705882353,0,136,34,256,,,,0.5735294117647058,0.5588235294117647
hyser,7,123,Naive_white,1,,,,0.4,Naive_white|1|None|None|None|0.4,test,ok,,0.9411764705882352,0.9411764705882352,1,136,34,256,,,,46.4264705882353,46.05882352941177
hyser,8,123,Naive_raw,1,,,,0.4,Naive_raw|1|None|None|None|0.4,test,ok,,0.3529411764705882,0.3529411764705882,0,136,34,256,,,,1.411764705882353,1.2352941176470589
hyser,8,123,Naive_white,1,,,,0.4,Naive_white|1|None|None|None|0.4,test,ok,,0.8823529411764706,0.8823529411764706,1,136,34,256,,,,34.05882352941177,33.705882352941174
hyser,9,123,Naive_raw,1,,,,0.4,Naive_raw|1|None|None|None|0.4,test,ok,,0.1764705882352941,0.1764705882352941,0,136,34,256,,,,0.1397058823529411,0.1764705882352941
hyser,9,123,Naive_white,1,,,,0.4,Naive_white|1|None|None|None|0.4,test,ok,,0.8823529411764706,0.8823529411764706,1,136,34,256,,,,46.48529411764706,47.3235294117647
hyser,10,123,Naive_raw,1,,,,0.4,Naive_raw|1|None|None|None|0.4,test,ok,,0.2647058823529412,0.2647058823529412,0,135,34,256,,,,0.2592592592592592,0.3823529411764705
hyser,10,123,Naive_white,1,,,,0.4,Naive_white|1|None|None|None|0.4,test,ok,,0.8823529411764706,0.8823529411764706,1,135,34,256,,,,39.82962962962963,40.05882352941177
hyser,11,123,Naive_raw,1,,,,0.4,Naive_raw|1|None|None|None|0.4,test,ok,,0.0,0.0,0,129,33,256,,,,0.1162790697674418,0.0909090909090909
hyser,11,123,Naive_white,1,,,,0.4,Naive_white|1|None|None|None|0.4,test,ok,,0.9090909090909092,0.9090909090909092,1,129,33,256,,,,49.674418604651166,49.72727272727273
hyser,12,123,Naive_raw,1,,,,0.4,Naive_raw|1|None|None|None|0.4,test,ok,,0.1764705882352941,0.1764705882352941,0,134,34,256,,,,0.5522388059701493,0.5882352941176471
hyser,12,123,Naive_white,1,,,,0.4,Naive_white|1|None|None|None|0.4,test,ok,,0.9411764705882352,0.9411764705882352,1,134,34,256,,,,45.30597014925373,44.64705882352941
hyser,13,123,Naive_raw,1,,,,0.4,Naive_raw|1|None|None|None|0.4,test,ok,,0.3529411764705882,0.3529411764705882,0,133,34,256,,,,0.7744360902255639,0.5588235294117647
hyser,13,123,Naive_white,1,,,,0.4,Naive_white|1|None|None|None|0.4,test,ok,,0.8823529411764706,0.8823529411764706,1,133,34,256,,,,39.097744360902254,38.05882352941177
hyser,14,123,Naive_raw,1,,,,0.4,Naive_raw|1|None|None|None|0.4,test,ok,,0.2941176470588235,0.2941176470588235,0,134,34,256,,,,0.6865671641791045,0.7647058823529411
hyser,14,123,Naive_white,1,,,,0.4,Naive_white|1|None|None|None|0.4,test,ok,,0.7647058823529411,0.7647058823529411,1,134,34,256,,,,41.23880597014925,43.70588235294117
hyser,15,123,Naive_raw,1,,,,0.4,Naive_raw|1|None|None|None|0.4,test,ok,,0.088235294117647,0.088235294117647,0,136,34,256,,,,0.3235294117647059,0.088235294117647
hyser,15,123,Naive_white,1,,,,0.4,Naive_white|1|None|None|None|0.4,test,ok,,0.9117647058823528,0.9117647058823528,1,136,34,256,,,,40.39705882352941,39.5
hyser,16,123,Naive_raw,1,,,,0.4,Naive_raw|1|None|None|None|0.4,test,ok,,0.3235294117647059,0.3235294117647059,0,131,34,256,,,,1.633587786259542,1.411764705882353
hyser,16,123,Naive_white,1,,,,0.4,Naive_white|1|None|None|None|0.4,test,ok,,0.7058823529411765,0.7058823529411765,1,131,34,256,,,,32.80152671755725,32.94117647058823
hyser,17,123,Naive_raw,1,,,,0.4,Naive_raw|1|None|None|None|0.4,test,ok,,0.3235294117647059,0.3235294117647059,0,133,34,256,,,,0.2631578947368421,0.4117647058823529
hyser,17,123,Naive_white,1,,,,0.4,Naive_white|1|None|None|None|0.4,test,ok,,0.8823529411764706,0.8823529411764706,1,133,34,256,,,,38.81954887218045,40.02941176470589
hyser,18,123,Naive_raw,1,,,,0.4,Naive_raw|1|None|None|None|0.4,test,ok,,0.4705882352941176,0.4705882352941176,0,136,34,256,,,,1.213235294117647,1.2058823529411764
hyser,18,123,Naive_white,1,,,,0.4,Naive_white|1|None|None|None|0.4,test,ok,,0.8823529411764706,0.8823529411764706,1,136,34,256,,,,48.56617647058823,48.088235294117645
hyser,19,123,Naive_raw,1,,,,0.4,Naive_raw|1|None|None|None|0.4,test,ok,,0.6470588235294118,0.6470588235294118,0,136,34,256,,,,1.3014705882352942,1.2058823529411764
hyser,19,123,Naive_white,1,,,,0.4,Naive_white|1|None|None|None|0.4,test,ok,,0.8823529411764706,0.8823529411764706,1,136,34,256,,,,41.20588235294117,40.588235294117645
hyser,20,123,Naive_raw,1,,,,0.4,Naive_raw|1|None|None|None|0.4,test,ok,,0.4705882352941176,0.4705882352941176,0,133,34,256,,,,0.8345864661654135,0.9117647058823528
hyser,20,123,Naive_white,1,,,,0.4,Naive_white|1|None|None|None|0.4,test,ok,,0.8823529411764706,0.8823529411764706,1,133,34,256,,,,36.766917293233085,37.588235294117645
hyser,1,456,Naive_raw,1,,,,0.4,Naive_raw|1|None|None|None|0.4,test,ok,,0.088235294117647,0.088235294117647,0,134,34,256,,,,0.1492537313432835,0.1470588235294117
hyser,1,456,Naive_white,1,,,,0.4,Naive_white|1|None|None|None|0.4,test,ok,,0.9411764705882352,0.9411764705882352,1,134,34,256,,,,41.24626865671642,41.14705882352941
hyser,2,456,Naive_raw,1,,,,0.4,Naive_raw|1|None|None|None|0.4,test,ok,,0.1176470588235294,0.1176470588235294,0,135,34,256,,,,0.2814814814814815,0.1764705882352941
hyser,2,456,Naive_white,1,,,,0.4,Naive_white|1|None|None|None|0.4,test,ok,,0.8823529411764706,0.8823529411764706,1,135,34,256,,,,41.73333333333333,41.23529411764706
hyser,3,456,Naive_raw,1,,,,0.4,Naive_raw|1|None|None|None|0.4,test,ok,,0.2727272727272727,0.2727272727272727,0,130,33,256,,,,0.5923076923076923,0.4848484848484848
hyser,3,456,Naive_white,1,,,,0.4,Naive_white|1|None|None|None|0.4,test,ok,,0.8484848484848485,0.8484848484848485,1,130,33,256,,,,39.53846153846154,39.15151515151515
hyser,4,456,Naive_raw,1,,,,0.4,Naive_raw|1|None|None|None|0.4,test,ok,,0.2941176470588235,0.2941176470588235,0,134,34,256,,,,0.5298507462686567,0.5882352941176471
hyser,4,456,Naive_white,1,,,,0.4,Naive_white|1|None|None|None|0.4,test,ok,,0.9117647058823528,0.9117647058823528,1,134,34,256,,,,36.73880597014925,37.64705882352941
hyser,5,456,Naive_raw,1,,,,0.4,Naive_raw|1|None|None|None|0.4,test,ok,,0.4242424242424242,0.4242424242424242,0,129,33,256,,,,0.5891472868217055,0.6666666666666666
hyser,5,456,Naive_white,1,,,,0.4,Naive_white|1|None|None|None|0.4,test,ok,,0.8484848484848485,0.8484848484848485,1,129,33,256,,,,45.04651162790697,45.72727272727273
hyser,6,456,Naive_raw,1,,,,0.4,Naive_raw|1|None|None|None|0.4,test,ok,,0.2941176470588235,0.2941176470588235,0,136,34,256,,,,0.6176470588235294,0.5882352941176471
hyser,6,456,Naive_white,1,,,,0.4,Naive_white|1|None|None|None|0.4,test,ok,,0.8529411764705882,0.8529411764705882,1,136,34,256,,,,43.97794117647059,43.02941176470589
hyser,7,456,Naive_raw,1,,,,0.4,Naive_raw|1|None|None|None|0.4,test,ok,,0.4117647058823529,0.4117647058823529,0,136,34,256,,,,0.5882352941176471,0.5882352941176471
hyser,7,456,Naive_white,1,,,,0.4,Naive_white|1|None|None|None|0.4,test,ok,,0.8529411764705882,0.8529411764705882,1,136,34,256,,,,46.45588235294117,46.26470588235294
hyser,8,456,Naive_raw,1,,,,0.4,Naive_raw|1|None|None|None|0.4,test,ok,,0.2941176470588235,0.2941176470588235,0,136,34,256,,,,1.3602941176470589,1.5588235294117647
hyser,8,456,Naive_white,1,,,,0.4,Naive_white|1|None|None|None|0.4,test,ok,,0.7647058823529411,0.7647058823529411,1,136,34,256,,,,34.0,35.6764705882353
hyser,9,456,Naive_raw,1,,,,0.4,Naive_raw|1|None|None|None|0.4,test,ok,,0.1470588235294117,0.1470588235294117,0,136,34,256,,,,0.1397058823529411,0.1470588235294117
hyser,9,456,Naive_white,1,,,,0.4,Naive_white|1|None|None|None|0.4,test,ok,,0.8529411764705882,0.8529411764705882,1,136,34,256,,,,45.875,46.14705882352941
hyser,10,456,Naive_raw,1,,,,0.4,Naive_raw|1|None|None|None|0.4,test,ok,,0.2647058823529412,0.2647058823529412,0,135,34,256,,,,0.3185185185185185,0.2941176470588235
hyser,10,456,Naive_white,1,,,,0.4,Naive_white|1|None|None|None|0.4,test,ok,,1.0,1.0,1,135,34,256,,,,39.51851851851852,40.26470588235294
hyser,11,456,Naive_raw,1,,,,0.4,Naive_raw|1|None|None|None|0.4,test,ok,,0.0303030303030303,0.0303030303030303,0,129,33,256,,,,0.0852713178294573,0.0909090909090909
hyser,11,456,Naive_white,1,,,,0.4,Naive_white|1|None|None|None|0.4,test,ok,,0.8787878787878788,0.8787878787878788,1,129,33,256,,,,50.13178294573643,50.21212121212121
hyser,12,456,Naive_raw,1,,,,0.4,Naive_raw|1|None|None|None|0.4,test,ok,,0.2058823529411764,0.2058823529411764,0,134,34,256,,,,0.582089552238806,0.4705882352941176
hyser,12,456,Naive_white,1,,,,0.4,Naive_white|1|None|None|None|0.4,test,ok,,1.0,1.0,1,134,34,256,,,,45.19402985074627,45.44117647058823
hyser,13,456,Naive_raw,1,,,,0.4,Naive_raw|1|None|None|None|0.4,test,ok,,0.3529411764705882,0.3529411764705882,0,133,34,256,,,,0.7593984962406015,0.6176470588235294
hyser,13,456,Naive_white,1,,,,0.4,Naive_white|1|None|None|None|0.4,test,ok,,0.8823529411764706,0.8823529411764706,1,133,34,256,,,,39.10526315789474,37.64705882352941
hyser,14,456,Naive_raw,1,,,,0.4,Naive_raw|1|None|None|None|0.4,test,ok,,0.2941176470588235,0.2941176470588235,0,134,34,256,,,,0.7089552238805971,0.6470588235294118
hyser,14,456,Naive_white,1,,,,0.4,Naive_white|1|None|None|None|0.4,test,ok,,0.8529411764705882,0.8529411764705882,1,134,34,256,,,,41.291044776119406,42.088235294117645
hyser,15,456,Naive_raw,1,,,,0.4,Naive_raw|1|None|None|None|0.4,test,ok,,0.088235294117647,0.088235294117647,0,136,34,256,,,,0.25,0.2352941176470588
hyser,15,456,Naive_white,1,,,,0.4,Naive_white|1|None|None|None|0.4,test,ok,,0.9117647058823528,0.9117647058823528,1,136,34,256,,,,40.9264705882353,41.11764705882353
hyser,16,456,Naive_raw,1,,,,0.4,Naive_raw|1|None|None|None|0.4,test,ok,,0.4705882352941176,0.4705882352941176,0,131,34,256,,,,1.4885496183206106,1.7941176470588236
hyser,16,456,Naive_white,1,,,,0.4,Naive_white|1|None|None|None|0.4,test,ok,,0.7352941176470589,0.7352941176470589,1,131,34,256,,,,32.9236641221374,33.64705882352941
hyser,17,456,Naive_raw,1,,,,0.4,Naive_raw|1|None|None|None|0.4,test,ok,,0.2941176470588235,0.2941176470588235,0,133,34,256,,,,0.3007518796992481,0.3235294117647059
hyser,17,456,Naive_white,1,,,,0.4,Naive_white|1|None|None|None|0.4,test,ok,,0.9411764705882352,0.9411764705882352,1,133,34,256,,,,39.11278195488722,39.20588235294117
hyser,18,456,Naive_raw,1,,,,0.4,Naive_raw|1|None|None|None|0.4,test,ok,,0.5882352941176471,0.5882352941176471,0,136,34,256,,,,1.1911764705882353,1.2647058823529411
hyser,18,456,Naive_white,1,,,,0.4,Naive_white|1|None|None|None|0.4,test,ok,,0.8529411764705882,0.8529411764705882,1,136,34,256,,,,48.55882352941177,47.97058823529412
hyser,19,456,Naive_raw,1,,,,0.4,Naive_raw|1|None|None|None|0.4,test,ok,,0.6176470588235294,0.6176470588235294,0,136,34,256,,,,1.2647058823529411,1.3823529411764706
hyser,19,456,Naive_white,1,,,,0.4,Naive_white|1|None|None|None|0.4,test,ok,,0.9705882352941176,0.9705882352941176,1,136,34,256,,,,40.9264705882353,41.294117647058826
hyser,20,456,Naive_raw,1,,,,0.4,Naive_raw|1|None|None|None|0.4,test,ok,,0.3529411764705882,0.3529411764705882,0,133,34,256,,,,0.8721804511278195,0.7058823529411765
hyser,20,456,Naive_white,1,,,,0.4,Naive_white|1|None|None|None|0.4,test,ok,,0.8823529411764706,0.8823529411764706,1,133,34,256,,,,36.578947368421055,36.088235294117645
hyser,1,789,Naive_raw,1,,,,0.4,Naive_raw|1|None|None|None|0.4,test,ok,,0.1764705882352941,0.1764705882352941,0,134,34,256,,,,0.1343283582089552,0.2647058823529412
hyser,1,789,Naive_white,1,,,,0.4,Naive_white|1|None|None|None|0.4,test,ok,,0.8235294117647058,0.8235294117647058,1,134,34,256,,,,42.82835820895522,42.97058823529412
hyser,2,789,Naive_raw,1,,,,0.4,Naive_raw|1|None|None|None|0.4,test,ok,,0.088235294117647,0.088235294117647,0,135,34,256,,,,0.2444444444444444,0.3235294117647059
hyser,2,789,Naive_white,1,,,,0.4,Naive_white|1|None|None|None|0.4,test,ok,,0.9411764705882352,0.9411764705882352,1,135,34,256,,,,42.34074074074074,42.14705882352941
hyser,3,789,Naive_raw,1,,,,0.4,Naive_raw|1|None|None|None|0.4,test,ok,,0.2727272727272727,0.2727272727272727,0,130,33,256,,,,0.5538461538461539,0.6666666666666666
hyser,3,789,Naive_white,1,,,,0.4,Naive_white|1|None|None|None|0.4,test,ok,,0.8484848484848485,0.8484848484848485,1,130,33,256,,,,39.738461538461536,38.54545454545455
hyser,4,789,Naive_raw,1,,,,0.4,Naive_raw|1|None|None|None|0.4,test,ok,,0.2647058823529412,0.2647058823529412,0,134,34,256,,,,0.5373134328358209,0.5294117647058824
hyser,4,789,Naive_white,1,,,,0.4,Naive_white|1|None|None|None|0.4,test,ok,,0.8823529411764706,0.8823529411764706,1,134,34,256,,,,36.55223880597015,37.64705882352941
hyser,5,789,Naive_raw,1,,,,0.4,Naive_raw|1|None|None|None|0.4,test,ok,,0.3939393939393939,0.3939393939393939,0,129,33,256,,,,0.627906976744186,0.6666666666666666
hyser,5,789,Naive_white,1,,,,0.4,Naive_white|1|None|None|None|0.4,test,ok,,0.9393939393939394,0.9393939393939394,1,129,33,256,,,,44.83720930232558,46.27272727272727
hyser,6,789,Naive_raw,1,,,,0.4,Naive_raw|1|None|None|None|0.4,test,ok,,0.4117647058823529,0.4117647058823529,0,136,34,256,,,,0.625,0.6176470588235294
hyser,6,789,Naive_white,1,,,,0.4,Naive_white|1|None|None|None|0.4,test,ok,,0.9411764705882352,0.9411764705882352,1,136,34,256,,,,43.97058823529412,44.23529411764706
hyser,7,789,Naive_raw,1,,,,0.4,Naive_raw|1|None|None|None|0.4,test,ok,,0.4411764705882353,0.4411764705882353,0,136,34,256,,,,0.5661764705882353,0.5588235294117647
hyser,7,789,Naive_white,1,,,,0.4,Naive_white|1|None|None|None|0.4,test,ok,,0.9411764705882352,0.9411764705882352,1,136,34,256,,,,46.47058823529412,46.11764705882353
hyser,8,789,Naive_raw,1,,,,0.4,Naive_raw|1|None|None|None|0.4,test,ok,,0.3529411764705882,0.3529411764705882,0,136,34,256,,,,1.411764705882353,1.3823529411764706
hyser,8,789,Naive_white,1,,,,0.4,Naive_white|1|None|None|None|0.4,test,ok,,0.8529411764705882,0.8529411764705882,1,136,34,256,,,,33.830882352941174,33.5
hyser,9,789,Naive_raw,1,,,,0.4,Naive_raw|1|None|None|None|0.4,test,ok,,0.1470588235294117,0.1470588235294117,0,136,34,256,,,,0.125,0.1470588235294117
hyser,9,789,Naive_white,1,,,,0.4,Naive_white|1|None|None|None|0.4,test,ok,,0.9411764705882352,0.9411764705882352,1,136,34,256,,,,46.61029411764706,47.61764705882353
hyser,10,789,Naive_raw,1,,,,0.4,Naive_raw|1|None|None|None|0.4,test,ok,,0.2647058823529412,0.2647058823529412,0,135,34,256,,,,0.3111111111111111,0.2647058823529412
hyser,10,789,Naive_white,1,,,,0.4,Naive_white|1|None|None|None|0.4,test,ok,,0.9411764705882352,0.9411764705882352,1,135,34,256,,,,39.77777777777778,38.8235294117647
hyser,11,789,Naive_raw,1,,,,0.4,Naive_raw|1|None|None|None|0.4,test,ok,,0.0303030303030303,0.0303030303030303,0,129,33,256,,,,0.0930232558139534,0.1515151515151515
hyser,11,789,Naive_white,1,,,,0.4,Naive_white|1|None|None|None|0.4,test,ok,,0.8181818181818182,0.8181818181818182,1,129,33,256,,,,49.93023255813954,50.06060606060606
hyser,12,789,Naive_raw,1,,,,0.4,Naive_raw|1|None|None|None|0.4,test,ok,,0.2941176470588235,0.2941176470588235,0,134,34,256,,,,0.5597014925373134,0.5588235294117647
hyser,12,789,Naive_white,1,,,,0.4,Naive_white|1|None|None|None|0.4,test,ok,,0.8529411764705882,0.8529411764705882,1,134,34,256,,,,45.365671641791046,43.88235294117647
hyser,13,789,Naive_raw,1,,,,0.4,Naive_raw|1|None|None|None|0.4,test,ok,,0.3823529411764705,0.3823529411764705,0,133,34,256,,,,0.7368421052631579,0.7058823529411765
hyser,13,789,Naive_white,1,,,,0.4,Naive_white|1|None|None|None|0.4,test,ok,,0.9411764705882352,0.9411764705882352,1,133,34,256,,,,39.78195488721804,40.3235294117647
hyser,14,789,Naive_raw,1,,,,0.4,Naive_raw|1|None|None|None|0.4,test,ok,,0.3529411764705882,0.3529411764705882,0,134,34,256,,,,0.7089552238805971,0.5294117647058824
hyser,14,789,Naive_white,1,,,,0.4,Naive_white|1|None|None|None|0.4,test,ok,,0.8235294117647058,0.8235294117647058,1,134,34,256,,,,41.52985074626866,39.8235294117647
hyser,15,789,Naive_raw,1,,,,0.4,Naive_raw|1|None|None|None|0.4,test,ok,,0.1176470588235294,0.1176470588235294,0,136,34,256,,,,0.2352941176470588,0.4411764705882353
hyser,15,789,Naive_white,1,,,,0.4,Naive_white|1|None|None|None|0.4,test,ok,,1.0,1.0,1,136,34,256,,,,40.77205882352941,40.85294117647059
hyser,16,789,Naive_raw,1,,,,0.4,Naive_raw|1|None|None|None|0.4,test,ok,,0.2941176470588235,0.2941176470588235,0,131,34,256,,,,1.5648854961832062,1.6176470588235294
hyser,16,789,Naive_white,1,,,,0.4,Naive_white|1|None|None|None|0.4,test,ok,,0.6764705882352942,0.6764705882352942,1,131,34,256,,,,32.7557251908397,33.029411764705884
hyser,17,789,Naive_raw,1,,,,0.4,Naive_raw|1|None|None|None|0.4,test,ok,,0.3529411764705882,0.3529411764705882,0,133,34,256,,,,0.3157894736842105,0.4117647058823529
hyser,17,789,Naive_white,1,,,,0.4,Naive_white|1|None|None|None|0.4,test,ok,,0.9117647058823528,0.9117647058823528,1,133,34,256,,,,39.05263157894737,39.64705882352941
hyser,18,789,Naive_raw,1,,,,0.4,Naive_raw|1|None|None|None|0.4,test,ok,,0.5882352941176471,0.5882352941176471,0,136,34,256,,,,1.2573529411764706,1.0588235294117647
hyser,18,789,Naive_white,1,,,,0.4,Naive_white|1|None|None|None|0.4,test,ok,,0.7941176470588235,0.7941176470588235,1,136,34,256,,,,48.33088235294117,47.94117647058823
hyser,19,789,Naive_raw,1,,,,0.4,Naive_raw|1|None|None|None|0.4,test,ok,,0.7352941176470589,0.7352941176470589,0,136,34,256,,,,1.3014705882352942,1.2352941176470589
hyser,19,789,Naive_white,1,,,,0.4,Naive_white|1|None|None|None|0.4,test,ok,,0.8823529411764706,0.8823529411764706,1,136,34,256,,,,41.088235294117645,40.47058823529412
hyser,20,789,Naive_raw,1,,,,0.4,Naive_raw|1|None|None|None|0.4,test,ok,,0.5,0.5,0,133,34,256,,,,0.8571428571428571,0.7941176470588235
hyser,20,789,Naive_white,1,,,,0.4,Naive_white|1|None|None|None|0.4,test,ok,,0.7647058823529411,0.7647058823529411,1,133,34,256,,,,36.91729323308271,36.20588235294117
hyser,1,2022,Naive_raw,1,,,,0.4,Naive_raw|1|None|None|None|0.4,test,ok,,0.0588235294117647,0.0588235294117647,0,134,34,256,,,,0.1940298507462686,0.088235294117647
hyser,1,2022,Naive_white,1,,,,0.4,Naive_white|1|None|None|None|0.4,test,ok,,0.8823529411764706,0.8823529411764706,1,134,34,256,,,,40.58955223880597,40.41176470588236
hyser,2,2022,Naive_raw,1,,,,0.4,Naive_raw|1|None|None|None|0.4,test,ok,,0.088235294117647,0.088235294117647,0,135,34,256,,,,0.2148148148148148,0.2647058823529412
hyser,2,2022,Naive_white,1,,,,0.4,Naive_white|1|None|None|None|0.4,test,ok,,0.8529411764705882,0.8529411764705882,1,135,34,256,,,,42.04444444444445,42.3235294117647
hyser,3,2022,Naive_raw,1,,,,0.4,Naive_raw|1|None|None|None|0.4,test,ok,,0.2727272727272727,0.2727272727272727,0,130,33,256,,,,0.5461538461538461,0.5454545454545454
hyser,3,2022,Naive_white,1,,,,0.4,Naive_white|1|None|None|None|0.4,test,ok,,1.0,1.0,1,130,33,256,,,,39.35384615384616,39.54545454545455
hyser,4,2022,Naive_raw,1,,,,0.4,Naive_raw|1|None|None|None|0.4,test,ok,,0.2941176470588235,0.2941176470588235,0,134,34,256,,,,0.5447761194029851,0.4705882352941176
hyser,4,2022,Naive_white,1,,,,0.4,Naive_white|1|None|None|None|0.4,test,ok,,0.8823529411764706,0.8823529411764706,1,134,34,256,,,,36.42537313432836,36.94117647058823
hyser,5,2022,Naive_raw,1,,,,0.4,Naive_raw|1|None|None|None|0.4,test,ok,,0.3333333333333333,0.3333333333333333,0,129,33,256,,,,0.6201550387596899,0.696969696969697
hyser,5,2022,Naive_white,1,,,,0.4,Naive_white|1|None|None|None|0.4,test,ok,,0.9090909090909092,0.9090909090909092,1,129,33,256,,,,44.89147286821706,45.54545454545455
hyser,6,2022,Naive_raw,1,,,,0.4,Naive_raw|1|None|None|None|0.4,test,ok,,0.3235294117647059,0.3235294117647059,0,136,34,256,,,,0.6397058823529411,0.5294117647058824
hyser,6,2022,Naive_white,1,,,,0.4,Naive_white|1|None|None|None|0.4,test,ok,,0.9411764705882352,0.9411764705882352,1,136,34,256,,,,43.794117647058826,43.52941176470589
hyser,7,2022,Naive_raw,1,,,,0.4,Naive_raw|1|None|None|None|0.4,test,ok,,0.3823529411764705,0.3823529411764705,0,136,34,256,,,,0.5955882352941176,0.5294117647058824
hyser,7,2022,Naive_white,1,,,,0.4,Naive_white|1|None|None|None|0.4,test,ok,,0.8823529411764706,0.8823529411764706,1,136,34,256,,,,46.39705882352941,46.26470588235294
hyser,8,2022,Naive_raw,1,,,,0.4,Naive_raw|1|None|None|None|0.4,test,ok,,0.4117647058823529,0.4117647058823529,0,136,34,256,,,,1.3823529411764706,1.588235294117647
hyser,8,2022,Naive_white,1,,,,0.4,Naive_white|1|None|None|None|0.4,test,ok,,0.8529411764705882,0.8529411764705882,1,136,34,256,,,,33.9485294117647,35.44117647058823
hyser,9,2022,Naive_raw,1,,,,0.4,Naive_raw|1|None|None|None|0.4,test,ok,,0.1470588235294117,0.1470588235294117,0,136,34,256,,,,0.1323529411764706,0.1764705882352941
hyser,9,2022,Naive_white,1,,,,0.4,Naive_white|1|None|None|None|0.4,test,ok,,0.9117647058823528,0.9117647058823528,1,136,34,256,,,,45.794117647058826,45.88235294117647
hyser,10,2022,Naive_raw,1,,,,0.4,Naive_raw|1|None|None|None|0.4,test,ok,,0.2647058823529412,0.2647058823529412,0,135,34,256,,,,0.2888888888888888,0.3823529411764705
hyser,10,2022,Naive_white,1,,,,0.4,Naive_white|1|None|None|None|0.4,test,ok,,0.9705882352941176,0.9705882352941176,1,135,34,256,,,,39.34074074074074,39.02941176470589
hyser,11,2022,Naive_raw,1,,,,0.4,Naive_raw|1|None|None|None|0.4,test,ok,,0.0606060606060606,0.0606060606060606,0,129,33,256,,,,0.0852713178294573,0.0303030303030303
hyser,11,2022,Naive_white,1,,,,0.4,Naive_white|1|None|None|None|0.4,test,ok,,0.9090909090909092,0.9090909090909092,1,129,33,256,,,,49.93798449612403,50.0
hyser,12,2022,Naive_raw,1,,,,0.4,Naive_raw|1|None|None|None|0.4,test,ok,,0.3823529411764705,0.3823529411764705,0,134,34,256,,,,0.5522388059701493,0.6470588235294118
hyser,12,2022,Naive_white,1,,,,0.4,Naive_white|1|None|None|None|0.4,test,ok,,1.0,1.0,1,134,34,256,,,,45.507462686567166,46.26470588235294
hyser,13,2022,Naive_raw,1,,,,0.4,Naive_raw|1|None|None|None|0.4,test,ok,,0.4117647058823529,0.4117647058823529,0,133,34,256,,,,0.7293233082706767,0.7352941176470589
hyser,13,2022,Naive_white,1,,,,0.4,Naive_white|1|None|None|None|0.4,test,ok,,0.8823529411764706,0.8823529411764706,1,133,34,256,,,,39.32330827067669,39.0
hyser,14,2022,Naive_raw,1,,,,0.4,Naive_raw|1|None|None|None|0.4,test,ok,,0.3529411764705882,0.3529411764705882,0,134,34,256,,,,0.6865671641791045,0.7352941176470589
hyser,14,2022,Naive_white,1,,,,0.4,Naive_white|1|None|None|None|0.4,test,ok,,0.8235294117647058,0.8235294117647058,1,134,34,256,,,,41.40298507462686,41.26470588235294
hyser,15,2022,Naive_raw,1,,,,0.4,Naive_raw|1|None|None|None|0.4,test,ok,,0.088235294117647,0.088235294117647,0,136,34,256,,,,0.3235294117647059,0.2941176470588235
hyser,15,2022,Naive_white,1,,,,0.4,Naive_white|1|None|None|None|0.4,test,ok,,0.9411764705882352,0.9411764705882352,1,136,34,256,,,,40.60294117647059,40.5
hyser,16,2022,Naive_raw,1,,,,0.4,Naive_raw|1|None|None|None|0.4,test,ok,,0.3529411764705882,0.3529411764705882,0,131,34,256,,,,1.633587786259542,1.4411764705882353
hyser,16,2022,Naive_white,1,,,,0.4,Naive_white|1|None|None|None|0.4,test,ok,,0.6764705882352942,0.6764705882352942,1,131,34,256,,,,33.282442748091604,29.852941176470587
hyser,17,2022,Naive_raw,1,,,,0.4,Naive_raw|1|None|None|None|0.4,test,ok,,0.2647058823529412,0.2647058823529412,0,133,34,256,,,,0.3007518796992481,0.3235294117647059
hyser,17,2022,Naive_white,1,,,,0.4,Naive_white|1|None|None|None|0.4,test,ok,,0.9117647058823528,0.9117647058823528,1,133,34,256,,,,39.00751879699248,39.26470588235294
hyser,18,2022,Naive_raw,1,,,,0.4,Naive_raw|1|None|None|None|0.4,test,ok,,0.6470588235294118,0.6470588235294118,0,136,34,256,,,,1.2058823529411764,1.3235294117647058
hyser,18,2022,Naive_white,1,,,,0.4,Naive_white|1|None|None|None|0.4,test,ok,,0.9117647058823528,0.9117647058823528,1,136,34,256,,,,48.22794117647059,48.94117647058823
hyser,19,2022,Naive_raw,1,,,,0.4,Naive_raw|1|None|None|None|0.4,test,ok,,0.6470588235294118,0.6470588235294118,0,136,34,256,,,,1.25,1.2941176470588236
hyser,19,2022,Naive_white,1,,,,0.4,Naive_white|1|None|None|None|0.4,test,ok,,0.9705882352941176,0.9705882352941176,1,136,34,256,,,,40.9485294117647,41.85294117647059
hyser,20,2022,Naive_raw,1,,,,0.4,Naive_raw|1|None|None|None|0.4,test,ok,,0.3529411764705882,0.3529411764705882,0,133,34,256,,,,0.8421052631578947,0.7352941176470589
hyser,20,2022,Naive_white,1,,,,0.4,Naive_white|1|None|None|None|0.4,test,ok,,0.9117647058823528,0.9117647058823528,1,133,34,256,,,,36.67669172932331,37.6764705882353
hyser,1,31415,Naive_raw,1,,,,0.4,Naive_raw|1|None|None|None|0.4,test,ok,,0.1176470588235294,0.1176470588235294,0,134,34,256,,,,0.126865671641791,0.2647058823529412
hyser,1,31415,Naive_white,1,,,,0.3,Naive_white|1|None|None|None|0.3,test,ok,,0.9411764705882352,0.9411764705882352,1,134,34,256,,,,40.61194029850746,42.1764705882353
hyser,2,31415,Naive_raw,1,,,,0.4,Naive_raw|1|None|None|None|0.4,test,ok,,0.1764705882352941,0.1764705882352941,0,135,34,256,,,,0.2444444444444444,0.3235294117647059
hyser,2,31415,Naive_white,1,,,,0.3,Naive_white|1|None|None|None|0.3,test,ok,,0.9411764705882352,0.9411764705882352,1,135,34,256,,,,40.62222222222222,40.97058823529412
hyser,3,31415,Naive_raw,1,,,,0.4,Naive_raw|1|None|None|None|0.4,test,ok,,0.2727272727272727,0.2727272727272727,0,130,33,256,,,,0.5230769230769231,0.5757575757575758
hyser,3,31415,Naive_white,1,,,,0.3,Naive_white|1|None|None|None|0.3,test,ok,,0.9090909090909092,0.9090909090909092,1,130,33,256,,,,38.06923076923077,37.84848484848485
hyser,4,31415,Naive_raw,1,,,,0.4,Naive_raw|1|None|None|None|0.4,test,ok,,0.2647058823529412,0.2647058823529412,0,134,34,256,,,,0.5149253731343284,0.5588235294117647
hyser,4,31415,Naive_white,1,,,,0.3,Naive_white|1|None|None|None|0.3,test,ok,,0.8529411764705882,0.8529411764705882,1,134,34,256,,,,35.1044776119403,35.294117647058826
hyser,5,31415,Naive_raw,1,,,,0.4,Naive_raw|1|None|None|None|0.4,test,ok,,0.3636363636363636,0.3636363636363636,0,129,33,256,,,,0.6976744186046512,0.5454545454545454
hyser,5,31415,Naive_white,1,,,,0.3,Naive_white|1|None|None|None|0.3,test,ok,,0.8181818181818182,0.8181818181818182,1,129,33,256,,,,43.4031007751938,43.09090909090909
hyser,6,31415,Naive_raw,1,,,,0.4,Naive_raw|1|None|None|None|0.4,test,ok,,0.3823529411764705,0.3823529411764705,0,136,34,256,,,,0.625,0.6176470588235294
hyser,6,31415,Naive_white,1,,,,0.3,Naive_white|1|None|None|None|0.3,test,ok,,0.8823529411764706,0.8823529411764706,1,136,34,256,,,,42.56617647058823,41.97058823529412
hyser,7,31415,Naive_raw,1,,,,0.4,Naive_raw|1|None|None|None|0.4,test,ok,,0.4411764705882353,0.4411764705882353,0,136,34,256,,,,0.5882352941176471,0.6470588235294118
hyser,7,31415,Naive_white,1,,,,0.3,Naive_white|1|None|None|None|0.3,test,ok,,0.8529411764705882,0.8529411764705882,1,136,34,256,,,,44.89705882352941,44.88235294117647
hyser,8,31415,Naive_raw,1,,,,0.4,Naive_raw|1|None|None|None|0.4,test,ok,,0.2352941176470588,0.2352941176470588,0,136,34,256,,,,1.3602941176470589,1.2352941176470589
hyser,8,31415,Naive_white,1,,,,0.3,Naive_white|1|None|None|None|0.3,test,ok,,0.9411764705882352,0.9411764705882352,1,136,34,256,,,,32.404411764705884,32.14705882352941
hyser,9,31415,Naive_raw,1,,,,0.4,Naive_raw|1|None|None|None|0.4,test,ok,,0.1470588235294117,0.1470588235294117,0,136,34,256,,,,0.1323529411764706,0.2058823529411764
hyser,9,31415,Naive_white,1,,,,0.3,Naive_white|1|None|None|None|0.3,test,ok,,0.9117647058823528,0.9117647058823528,1,136,34,256,,,,44.15441176470589,44.588235294117645
hyser,10,31415,Naive_raw,1,,,,0.4,Naive_raw|1|None|None|None|0.4,test,ok,,0.2058823529411764,0.2058823529411764,0,135,34,256,,,,0.2814814814814815,0.3235294117647059
hyser,10,31415,Naive_white,1,,,,0.3,Naive_white|1|None|None|None|0.3,test,ok,,0.8823529411764706,0.8823529411764706,1,135,34,256,,,,38.12592592592593,38.88235294117647
hyser,11,31415,Naive_raw,1,,,,0.4,Naive_raw|1|None|None|None|0.4,test,ok,,0.0303030303030303,0.0303030303030303,0,129,33,256,,,,0.0852713178294573,0.0909090909090909
hyser,11,31415,Naive_white,1,,,,0.3,Naive_white|1|None|None|None|0.3,test,ok,,0.8484848484848485,0.8484848484848485,1,129,33,256,,,,48.604651162790695,48.66666666666666
hyser,12,31415,Naive_raw,1,,,,0.4,Naive_raw|1|None|None|None|0.4,test,ok,,0.2058823529411764,0.2058823529411764,0,134,34,256,,,,0.5373134328358209,0.5882352941176471
hyser,12,31415,Naive_white,1,,,,0.3,Naive_white|1|None|None|None|0.3,test,ok,,0.9411764705882352,0.9411764705882352,1,134,34,256,,,,43.582089552238806,43.35294117647059
hyser,13,31415,Naive_raw,1,,,,0.4,Naive_raw|1|None|None|None|0.4,test,ok,,0.3823529411764705,0.3823529411764705,0,133,34,256,,,,0.706766917293233,0.6176470588235294
hyser,13,31415,Naive_white,1,,,,0.3,Naive_white|1|None|None|None|0.3,test,ok,,0.8235294117647058,0.8235294117647058,1,133,34,256,,,,37.70676691729323,38.794117647058826
hyser,14,31415,Naive_raw,1,,,,0.4,Naive_raw|1|None|None|None|0.4,test,ok,,0.3529411764705882,0.3529411764705882,0,134,34,256,,,,0.7238805970149254,0.5882352941176471
hyser,14,31415,Naive_white,1,,,,0.3,Naive_white|1|None|None|None|0.3,test,ok,,0.7941176470588235,0.7941176470588235,1,134,34,256,,,,40.44776119402985,39.14705882352941
hyser,15,31415,Naive_raw,1,,,,0.4,Naive_raw|1|None|None|None|0.4,test,ok,,0.2058823529411764,0.2058823529411764,0,136,34,256,,,,0.2720588235294117,0.2941176470588235
hyser,15,31415,Naive_white,1,,,,0.3,Naive_white|1|None|None|None|0.3,test,ok,,1.0,1.0,1,136,34,256,,,,39.50735294117647,40.23529411764706
hyser,16,31415,Naive_raw,1,,,,0.4,Naive_raw|1|None|None|None|0.4,test,ok,,0.2941176470588235,0.2941176470588235,0,131,34,256,,,,1.618320610687023,1.3235294117647058
hyser,16,31415,Naive_white,1,,,,0.3,Naive_white|1|None|None|None|0.3,test,ok,,0.5882352941176471,0.5882352941176471,1,131,34,256,,,,31.51145038167939,30.176470588235293
hyser,17,31415,Naive_raw,1,,,,0.4,Naive_raw|1|None|None|None|0.4,test,ok,,0.1764705882352941,0.1764705882352941,0,133,34,256,,,,0.3233082706766917,0.2352941176470588
hyser,17,31415,Naive_white,1,,,,0.3,Naive_white|1|None|None|None|0.3,test,ok,,0.9705882352941176,0.9705882352941176,1,133,34,256,,,,37.46616541353384,37.88235294117647
hyser,18,31415,Naive_raw,1,,,,0.4,Naive_raw|1|None|None|None|0.4,test,ok,,0.6176470588235294,0.6176470588235294,0,136,34,256,,,,1.2058823529411764,1.2058823529411764
hyser,18,31415,Naive_white,1,,,,0.3,Naive_white|1|None|None|None|0.3,test,ok,,0.8823529411764706,0.8823529411764706,1,136,34,256,,,,46.78676470588236,47.3235294117647
hyser,19,31415,Naive_raw,1,,,,0.4,Naive_raw|1|None|None|None|0.4,test,ok,,0.7058823529411765,0.7058823529411765,0,136,34,256,,,,1.2647058823529411,1.2647058823529411
hyser,19,31415,Naive_white,1,,,,0.3,Naive_white|1|None|None|None|0.3,test,ok,,1.0,1.0,1,136,34,256,,,,39.6764705882353,39.88235294117647
hyser,20,31415,Naive_raw,1,,,,0.4,Naive_raw|1|None|None|None|0.4,test,ok,,0.3235294117647059,0.3235294117647059,0,133,34,256,,,,0.8120300751879699,0.8529411764705882
hyser,20,31415,Naive_white,1,,,,0.3,Naive_white|1|None|None|None|0.3,test,ok,,0.9117647058823528,0.9117647058823528,1,133,34,256,,,,35.015037593984964,34.3235294117647
hyser,1,27182,Naive_raw,1,,,,0.4,Naive_raw|1|None|None|None|0.4,test,ok,,0.088235294117647,0.088235294117647,0,134,34,256,,,,0.1865671641791045,0.088235294117647
hyser,1,27182,Naive_white,1,,,,0.4,Naive_white|1|None|None|None|0.4,test,ok,,0.9117647058823528,0.9117647058823528,1,134,34,256,,,,40.69402985074627,41.38235294117647
hyser,2,27182,Naive_raw,1,,,,0.4,Naive_raw|1|None|None|None|0.4,test,ok,,0.1470588235294117,0.1470588235294117,0,135,34,256,,,,0.2296296296296296,0.2941176470588235
hyser,2,27182,Naive_white,1,,,,0.4,Naive_white|1|None|None|None|0.4,test,ok,,0.9117647058823528,0.9117647058823528,1,135,34,256,,,,42.14074074074074,42.44117647058823
hyser,3,27182,Naive_raw,1,,,,0.4,Naive_raw|1|None|None|None|0.4,test,ok,,0.303030303030303,0.303030303030303,0,130,33,256,,,,0.5923076923076923,0.5151515151515151
hyser,3,27182,Naive_white,1,,,,0.4,Naive_white|1|None|None|None|0.4,test,ok,,0.9090909090909092,0.9090909090909092,1,130,33,256,,,,39.284615384615385,39.63636363636363
hyser,4,27182,Naive_raw,1,,,,0.4,Naive_raw|1|None|None|None|0.4,test,ok,,0.2352941176470588,0.2352941176470588,0,134,34,256,,,,0.5671641791044776,0.4411764705882353
hyser,4,27182,Naive_white,1,,,,0.4,Naive_white|1|None|None|None|0.4,test,ok,,0.8529411764705882,0.8529411764705882,1,134,34,256,,,,36.43283582089552,35.44117647058823
hyser,5,27182,Naive_raw,1,,,,0.4,Naive_raw|1|None|None|None|0.4,test,ok,,0.303030303030303,0.303030303030303,0,129,33,256,,,,0.689922480620155,0.5151515151515151
hyser,5,27182,Naive_white,1,,,,0.4,Naive_white|1|None|None|None|0.4,test,ok,,0.7878787878787878,0.7878787878787878,1,129,33,256,,,,44.968992248062015,44.121212121212125
hyser,6,27182,Naive_raw,1,,,,0.4,Naive_raw|1|None|None|None|0.4,test,ok,,0.3235294117647059,0.3235294117647059,0,136,34,256,,,,0.6102941176470589,0.6176470588235294
hyser,6,27182,Naive_white,1,,,,0.4,Naive_white|1|None|None|None|0.4,test,ok,,0.8823529411764706,0.8823529411764706,1,136,34,256,,,,43.97058823529412,44.02941176470589
hyser,7,27182,Naive_raw,1,,,,0.4,Naive_raw|1|None|None|None|0.4,test,ok,,0.4705882352941176,0.4705882352941176,0,136,34,256,,,,0.5808823529411765,0.5588235294117647
hyser,7,27182,Naive_white,1,,,,0.4,Naive_white|1|None|None|None|0.4,test,ok,,0.9117647058823528,0.9117647058823528,1,136,34,256,,,,46.27941176470589,46.6764705882353
hyser,8,27182,Naive_raw,1,,,,0.4,Naive_raw|1|None|None|None|0.4,test,ok,,0.3235294117647059,0.3235294117647059,0,136,34,256,,,,1.4558823529411764,1.411764705882353
hyser,8,27182,Naive_white,1,,,,0.4,Naive_white|1|None|None|None|0.4,test,ok,,0.7647058823529411,0.7647058823529411,1,136,34,256,,,,33.713235294117645,32.705882352941174
hyser,9,27182,Naive_raw,1,,,,0.4,Naive_raw|1|None|None|None|0.4,test,ok,,0.1764705882352941,0.1764705882352941,0,136,34,256,,,,0.1323529411764706,0.1764705882352941
hyser,9,27182,Naive_white,1,,,,0.4,Naive_white|1|None|None|None|0.4,test,ok,,0.8235294117647058,0.8235294117647058,1,136,34,256,,,,46.338235294117645,46.73529411764706
hyser,10,27182,Naive_raw,1,,,,0.4,Naive_raw|1|None|None|None|0.4,test,ok,,0.2647058823529412,0.2647058823529412,0,135,34,256,,,,0.2962962962962963,0.2647058823529412
hyser,10,27182,Naive_white,1,,,,0.4,Naive_white|1|None|None|None|0.4,test,ok,,0.9411764705882352,0.9411764705882352,1,135,34,256,,,,39.63703703703704,39.91176470588236
hyser,11,27182,Naive_raw,1,,,,0.4,Naive_raw|1|None|None|None|0.4,test,ok,,0.0303030303030303,0.0303030303030303,0,129,33,256,,,,0.0852713178294573,0.1212121212121212
hyser,11,27182,Naive_white,1,,,,0.4,Naive_white|1|None|None|None|0.4,test,ok,,0.8484848484848485,0.8484848484848485,1,129,33,256,,,,49.85271317829457,49.84848484848485
hyser,12,27182,Naive_raw,1,,,,0.4,Naive_raw|1|None|None|None|0.4,test,ok,,0.2647058823529412,0.2647058823529412,0,134,34,256,,,,0.5671641791044776,0.5588235294117647
hyser,12,27182,Naive_white,1,,,,0.4,Naive_white|1|None|None|None|0.4,test,ok,,0.9705882352941176,0.9705882352941176,1,134,34,256,,,,45.276119402985074,46.0
hyser,13,27182,Naive_raw,1,,,,0.4,Naive_raw|1|None|None|None|0.4,test,ok,,0.3529411764705882,0.3529411764705882,0,133,34,256,,,,0.6766917293233082,0.8235294117647058
hyser,13,27182,Naive_white,1,,,,0.4,Naive_white|1|None|None|None|0.4,test,ok,,0.9117647058823528,0.9117647058823528,1,133,34,256,,,,39.285714285714285,39.02941176470589
hyser,14,27182,Naive_raw,1,,,,0.4,Naive_raw|1|None|None|None|0.4,test,ok,,0.3529411764705882,0.3529411764705882,0,134,34,256,,,,0.664179104477612,0.7352941176470589
hyser,14,27182,Naive_white,1,,,,0.4,Naive_white|1|None|None|None|0.4,test,ok,,0.8235294117647058,0.8235294117647058,1,134,34,256,,,,41.47014925373134,40.02941176470589
hyser,15,27182,Naive_raw,1,,,,0.4,Naive_raw|1|None|None|None|0.4,test,ok,,0.1470588235294117,0.1470588235294117,0,136,34,256,,,,0.2794117647058823,0.2352941176470588
hyser,15,27182,Naive_white,1,,,,0.4,Naive_white|1|None|None|None|0.4,test,ok,,0.8235294117647058,0.8235294117647058,1,136,34,256,,,,40.58088235294117,39.73529411764706
hyser,16,27182,Naive_raw,1,,,,0.4,Naive_raw|1|None|None|None|0.4,test,ok,,0.4705882352941176,0.4705882352941176,0,131,34,256,,,,1.6259541984732824,1.3823529411764706
hyser,16,27182,Naive_white,1,,,,0.4,Naive_white|1|None|None|None|0.4,test,ok,,0.7941176470588235,0.7941176470588235,1,131,34,256,,,,32.045801526717554,31.823529411764707
hyser,17,27182,Naive_raw,1,,,,0.4,Naive_raw|1|None|None|None|0.4,test,ok,,0.1470588235294117,0.1470588235294117,0,133,34,256,,,,0.3233082706766917,0.1764705882352941
hyser,17,27182,Naive_white,1,,,,0.4,Naive_white|1|None|None|None|0.4,test,ok,,0.8823529411764706,0.8823529411764706,1,133,34,256,,,,39.04511278195488,37.5
hyser,18,27182,Naive_raw,1,,,,0.4,Naive_raw|1|None|None|None|0.4,test,ok,,0.5294117647058824,0.5294117647058824,0,136,34,256,,,,1.2279411764705883,1.088235294117647
hyser,18,27182,Naive_white,1,,,,0.4,Naive_white|1|None|None|None|0.4,test,ok,,0.9411764705882352,0.9411764705882352,1,136,34,256,,,,48.47058823529412,48.02941176470589
hyser,19,27182,Naive_raw,1,,,,0.4,Naive_raw|1|None|None|None|0.4,test,ok,,0.7352941176470589,0.7352941176470589,0,136,34,256,,,,1.2720588235294117,1.3235294117647058
hyser,19,27182,Naive_white,1,,,,0.4,Naive_white|1|None|None|None|0.4,test,ok,,0.9705882352941176,0.9705882352941176,1,136,34,256,,,,41.16176470588236,41.38235294117647
hyser,20,27182,Naive_raw,1,,,,0.4,Naive_raw|1|None|None|None|0.4,test,ok,,0.5294117647058824,0.5294117647058824,0,133,34,256,,,,0.8195488721804511,0.8235294117647058
hyser,20,27182,Naive_white,1,,,,0.4,Naive_white|1|None|None|None|0.4,test,ok,,0.9117647058823528,0.9117647058823528,1,133,34,256,,,,36.18045112781955,36.588235294117645
hyser,1,8675309,Naive_raw,1,,,,0.4,Naive_raw|1|None|None|None|0.4,test,ok,,0.088235294117647,0.088235294117647,0,134,34,256,,,,0.1641791044776119,0.0588235294117647
hyser,1,8675309,Naive_white,1,,,,0.4,Naive_white|1|None|None|None|0.4,test,ok,,0.9411764705882352,0.9411764705882352,1,134,34,256,,,,41.40298507462686,42.088235294117645
hyser,2,8675309,Naive_raw,1,,,,0.4,Naive_raw|1|None|None|None|0.4,test,ok,,0.2058823529411764,0.2058823529411764,0,135,34,256,,,,0.2740740740740741,0.3529411764705882
hyser,2,8675309,Naive_white,1,,,,0.4,Naive_white|1|None|None|None|0.4,test,ok,,0.8823529411764706,0.8823529411764706,1,135,34,256,,,,42.03703703703704,42.41176470588236
hyser,3,8675309,Naive_raw,1,,,,0.4,Naive_raw|1|None|None|None|0.4,test,ok,,0.1515151515151515,0.1515151515151515,0,130,33,256,,,,0.6153846153846154,0.2727272727272727
hyser,3,8675309,Naive_white,1,,,,0.4,Naive_white|1|None|None|None|0.4,test,ok,,0.8787878787878788,0.8787878787878788,1,130,33,256,,,,39.23076923076923,37.696969696969695
hyser,4,8675309,Naive_raw,1,,,,0.4,Naive_raw|1|None|None|None|0.4,test,ok,,0.2647058823529412,0.2647058823529412,0,134,34,256,,,,0.5447761194029851,0.5294117647058824
hyser,4,8675309,Naive_white,1,,,,0.4,Naive_white|1|None|None|None|0.4,test,ok,,0.8823529411764706,0.8823529411764706,1,134,34,256,,,,36.365671641791046,37.6764705882353
hyser,5,8675309,Naive_raw,1,,,,0.4,Naive_raw|1|None|None|None|0.4,test,ok,,0.4545454545454545,0.4545454545454545,0,129,33,256,,,,0.6124031007751938,0.6666666666666666
hyser,5,8675309,Naive_white,1,,,,0.4,Naive_white|1|None|None|None|0.4,test,ok,,0.8484848484848485,0.8484848484848485,1,129,33,256,,,,45.06201550387597,45.48484848484848
hyser,6,8675309,Naive_raw,1,,,,0.4,Naive_raw|1|None|None|None|0.4,test,ok,,0.3823529411764705,0.3823529411764705,0,136,34,256,,,,0.625,0.5882352941176471
hyser,6,8675309,Naive_white,1,,,,0.4,Naive_white|1|None|None|None|0.4,test,ok,,0.8529411764705882,0.8529411764705882,1,136,34,256,,,,44.0,43.02941176470589
hyser,7,8675309,Naive_raw,1,,,,0.4,Naive_raw|1|None|None|None|0.4,test,ok,,0.3823529411764705,0.3823529411764705,0,136,34,256,,,,0.5661764705882353,0.5294117647058824
hyser,7,8675309,Naive_white,1,,,,0.4,Naive_white|1|None|None|None|0.4,test,ok,,0.9411764705882352,0.9411764705882352,1,136,34,256,,,,46.39705882352941,46.76470588235294
hyser,8,8675309,Naive_raw,1,,,,0.4,Naive_raw|1|None|None|None|0.4,test,ok,,0.2647058823529412,0.2647058823529412,0,136,34,256,,,,1.4411764705882353,1.411764705882353
hyser,8,8675309,Naive_white,1,,,,0.4,Naive_white|1|None|None|None|0.4,test,ok,,0.7352941176470589,0.7352941176470589,1,136,34,256,,,,33.97058823529412,32.85294117647059
hyser,9,8675309,Naive_raw,1,,,,0.4,Naive_raw|1|None|None|None|0.4,test,ok,,0.1470588235294117,0.1470588235294117,0,136,34,256,,,,0.1691176470588235,0.1176470588235294
hyser,9,8675309,Naive_white,1,,,,0.4,Naive_white|1|None|None|None|0.4,test,ok,,0.7647058823529411,0.7647058823529411,1,136,34,256,,,,46.1985294117647,45.97058823529412
hyser,10,8675309,Naive_raw,1,,,,0.4,Naive_raw|1|None|None|None|0.4,test,ok,,0.1764705882352941,0.1764705882352941,0,135,34,256,,,,0.3185185185185185,0.2058823529411764
hyser,10,8675309,Naive_white,1,,,,0.4,Naive_white|1|None|None|None|0.4,test,ok,,0.9705882352941176,0.9705882352941176,1,135,34,256,,,,39.31851851851852,39.88235294117647
hyser,11,8675309,Naive_raw,1,,,,0.4,Naive_raw|1|None|None|None|0.4,test,ok,,0.0303030303030303,0.0303030303030303,0,129,33,256,,,,0.0775193798449612,0.0
hyser,11,8675309,Naive_white,1,,,,0.4,Naive_white|1|None|None|None|0.4,test,ok,,0.8787878787878788,0.8787878787878788,1,129,33,256,,,,49.62015503875969,49.39393939393939
hyser,12,8675309,Naive_raw,1,,,,0.4,Naive_raw|1|None|None|None|0.4,test,ok,,0.3235294117647059,0.3235294117647059,0,134,34,256,,,,0.5522388059701493,0.6176470588235294
hyser,12,8675309,Naive_white,1,,,,0.4,Naive_white|1|None|None|None|0.4,test,ok,,0.9117647058823528,0.9117647058823528,1,134,34,256,,,,45.11194029850746,45.85294117647059
hyser,13,8675309,Naive_raw,1,,,,0.4,Naive_raw|1|None|None|None|0.4,test,ok,,0.2941176470588235,0.2941176470588235,0,133,34,256,,,,0.7142857142857143,0.6764705882352942
hyser,13,8675309,Naive_white,1,,,,0.4,Naive_white|1|None|None|None|0.4,test,ok,,0.8823529411764706,0.8823529411764706,1,133,34,256,,,,39.22556390977444,39.8235294117647
hyser,14,8675309,Naive_raw,1,,,,0.4,Naive_raw|1|None|None|None|0.4,test,ok,,0.2941176470588235,0.2941176470588235,0,134,34,256,,,,0.7014925373134329,0.7352941176470589
hyser,14,8675309,Naive_white,1,,,,0.4,Naive_white|1|None|None|None|0.4,test,ok,,0.8529411764705882,0.8529411764705882,1,134,34,256,,,,41.35820895522388,40.88235294117647
hyser,15,8675309,Naive_raw,1,,,,0.4,Naive_raw|1|None|None|None|0.4,test,ok,,0.1176470588235294,0.1176470588235294,0,136,34,256,,,,0.2647058823529412,0.2352941176470588
hyser,15,8675309,Naive_white,1,,,,0.4,Naive_white|1|None|None|None|0.4,test,ok,,0.9117647058823528,0.9117647058823528,1,136,34,256,,,,40.77941176470589,40.64705882352941
hyser,16,8675309,Naive_raw,1,,,,0.4,Naive_raw|1|None|None|None|0.4,test,ok,,0.4411764705882353,0.4411764705882353,0,131,34,256,,,,1.5114503816793894,1.7647058823529411
hyser,16,8675309,Naive_white,1,,,,0.4,Naive_white|1|None|None|None|0.4,test,ok,,0.6764705882352942,0.6764705882352942,1,131,34,256,,,,32.847328244274806,32.588235294117645
hyser,17,8675309,Naive_raw,1,,,,0.4,Naive_raw|1|None|None|None|0.4,test,ok,,0.2647058823529412,0.2647058823529412,0,133,34,256,,,,0.3233082706766917,0.2647058823529412
hyser,17,8675309,Naive_white,1,,,,0.4,Naive_white|1|None|None|None|0.4,test,ok,,0.9411764705882352,0.9411764705882352,1,133,34,256,,,,38.81954887218045,38.11764705882353
hyser,18,8675309,Naive_raw,1,,,,0.4,Naive_raw|1|None|None|None|0.4,test,ok,,0.6764705882352942,0.6764705882352942,0,136,34,256,,,,1.2426470588235294,1.1764705882352942
hyser,18,8675309,Naive_white,1,,,,0.4,Naive_white|1|None|None|None|0.4,test,ok,,0.8823529411764706,0.8823529411764706,1,136,34,256,,,,48.15441176470589,48.02941176470589
hyser,19,8675309,Naive_raw,1,,,,0.4,Naive_raw|1|None|None|None|0.4,test,ok,,0.6470588235294118,0.6470588235294118,0,136,34,256,,,,1.2941176470588236,1.3235294117647058
hyser,19,8675309,Naive_white,1,,,,0.4,Naive_white|1|None|None|None|0.4,test,ok,,1.0,1.0,1,136,34,256,,,,41.20588235294117,39.47058823529412
hyser,20,8675309,Naive_raw,1,,,,0.4,Naive_raw|1|None|None|None|0.4,test,ok,,0.4705882352941176,0.4705882352941176,0,133,34,256,,,,0.8045112781954887,0.8823529411764706
hyser,20,8675309,Naive_white,1,,,,0.4,Naive_white|1|None|None|None|0.4,test,ok,,0.9117647058823528,0.9117647058823528,1,133,34,256,,,,36.35338345864662,36.5
hyser,1,104729,Naive_raw,1,,,,0.4,Naive_raw|1|None|None|None|0.4,test,ok,,0.0588235294117647,0.0588235294117647,0,134,34,256,,,,0.1716417910447761,0.1764705882352941
hyser,1,104729,Naive_white,1,,,,0.3,Naive_white|1|None|None|None|0.3,test,ok,,0.9117647058823528,0.9117647058823528,1,134,34,256,,,,39.02985074626866,38.5
hyser,2,104729,Naive_raw,1,,,,0.4,Naive_raw|1|None|None|None|0.4,test,ok,,0.1764705882352941,0.1764705882352941,0,135,34,256,,,,0.2444444444444444,0.2941176470588235
hyser,2,104729,Naive_white,1,,,,0.3,Naive_white|1|None|None|None|0.3,test,ok,,0.8823529411764706,0.8823529411764706,1,135,34,256,,,,40.48888888888889,41.20588235294117
hyser,3,104729,Naive_raw,1,,,,0.4,Naive_raw|1|None|None|None|0.4,test,ok,,0.1212121212121212,0.1212121212121212,0,130,33,256,,,,0.5461538461538461,0.5757575757575758
hyser,3,104729,Naive_white,1,,,,0.3,Naive_white|1|None|None|None|0.3,test,ok,,0.9393939393939394,0.9393939393939394,1,130,33,256,,,,37.96923076923077,38.84848484848485
hyser,4,104729,Naive_raw,1,,,,0.4,Naive_raw|1|None|None|None|0.4,test,ok,,0.2647058823529412,0.2647058823529412,0,134,34,256,,,,0.5373134328358209,0.4705882352941176
hyser,4,104729,Naive_white,1,,,,0.3,Naive_white|1|None|None|None|0.3,test,ok,,0.8823529411764706,0.8823529411764706,1,134,34,256,,,,34.917910447761194,35.11764705882353
hyser,5,104729,Naive_raw,1,,,,0.4,Naive_raw|1|None|None|None|0.4,test,ok,,0.4242424242424242,0.4242424242424242,0,129,33,256,,,,0.6046511627906976,0.5454545454545454
hyser,5,104729,Naive_white,1,,,,0.3,Naive_white|1|None|None|None|0.3,test,ok,,0.9090909090909092,0.9090909090909092,1,129,33,256,,,,43.372093023255815,42.81818181818182
hyser,6,104729,Naive_raw,1,,,,0.4,Naive_raw|1|None|None|None|0.4,test,ok,,0.3823529411764705,0.3823529411764705,0,136,34,256,,,,0.6470588235294118,0.6470588235294118
hyser,6,104729,Naive_white,1,,,,0.3,Naive_white|1|None|None|None|0.3,test,ok,,0.9117647058823528,0.9117647058823528,1,136,34,256,,,,42.77205882352941,42.41176470588236
hyser,7,104729,Naive_raw,1,,,,0.4,Naive_raw|1|None|None|None|0.4,test,ok,,0.5,0.5,0,136,34,256,,,,0.5514705882352942,0.5588235294117647
hyser,7,104729,Naive_white,1,,,,0.3,Naive_white|1|None|None|None|0.3,test,ok,,0.9411764705882352,0.9411764705882352,1,136,34,256,,,,44.97794117647059,45.38235294117647
hyser,8,104729,Naive_raw,1,,,,0.4,Naive_raw|1|None|None|None|0.4,test,ok,,0.2058823529411764,0.2058823529411764,0,136,34,256,,,,1.463235294117647,1.2941176470588236
hyser,8,104729,Naive_white,1,,,,0.3,Naive_white|1|None|None|None|0.3,test,ok,,0.9117647058823528,0.9117647058823528,1,136,34,256,,,,32.38235294117647,32.11764705882353
hyser,9,104729,Naive_raw,1,,,,0.4,Naive_raw|1|None|None|None|0.4,test,ok,,0.088235294117647,0.088235294117647,0,136,34,256,,,,0.1617647058823529,0.088235294117647
hyser,9,104729,Naive_white,1,,,,0.3,Naive_white|1|None|None|None|0.3,test,ok,,0.7941176470588235,0.7941176470588235,1,136,34,256,,,,44.44117647058823,43.088235294117645
hyser,10,104729,Naive_raw,1,,,,0.4,Naive_raw|1|None|None|None|0.4,test,ok,,0.2352941176470588,0.2352941176470588,0,135,34,256,,,,0.2888888888888888,0.3529411764705882
hyser,10,104729,Naive_white,1,,,,0.3,Naive_white|1|None|None|None|0.3,test,ok,,0.8823529411764706,0.8823529411764706,1,135,34,256,,,,37.94814814814815,37.97058823529412
hyser,11,104729,Naive_raw,1,,,,0.4,Naive_raw|1|None|None|None|0.4,test,ok,,0.0303030303030303,0.0303030303030303,0,129,33,256,,,,0.1162790697674418,0.0
hyser,11,104729,Naive_white,1,,,,0.3,Naive_white|1|None|None|None|0.3,test,ok,,0.8787878787878788,0.8787878787878788,1,129,33,256,,,,48.08527131782946,47.63636363636363
hyser,12,104729,Naive_raw,1,,,,0.4,Naive_raw|1|None|None|None|0.4,test,ok,,0.2058823529411764,0.2058823529411764,0,134,34,256,,,,0.5597014925373134,0.4411764705882353
hyser,12,104729,Naive_white,1,,,,0.3,Naive_white|1|None|None|None|0.3,test,ok,,0.8529411764705882,0.8529411764705882,1,134,34,256,,,,43.6865671641791,43.588235294117645
hyser,13,104729,Naive_raw,1,,,,0.4,Naive_raw|1|None|None|None|0.4,test,ok,,0.3235294117647059,0.3235294117647059,0,133,34,256,,,,0.7593984962406015,0.5588235294117647
hyser,13,104729,Naive_white,1,,,,0.3,Naive_white|1|None|None|None|0.3,test,ok,,0.7941176470588235,0.7941176470588235,1,133,34,256,,,,37.67669172932331,37.26470588235294
hyser,14,104729,Naive_raw,1,,,,0.4,Naive_raw|1|None|None|None|0.4,test,ok,,0.2058823529411764,0.2058823529411764,0,134,34,256,,,,0.7388059701492538,0.5882352941176471
hyser,14,104729,Naive_white,1,,,,0.3,Naive_white|1|None|None|None|0.3,test,ok,,0.8235294117647058,0.8235294117647058,1,134,34,256,,,,39.73134328358209,39.8235294117647
hyser,15,104729,Naive_raw,1,,,,0.4,Naive_raw|1|None|None|None|0.4,test,ok,,0.1176470588235294,0.1176470588235294,0,136,34,256,,,,0.25,0.2941176470588235
hyser,15,104729,Naive_white,1,,,,0.3,Naive_white|1|None|None|None|0.3,test,ok,,0.9705882352941176,0.9705882352941176,1,136,34,256,,,,39.419117647058826,39.61764705882353
hyser,16,104729,Naive_raw,1,,,,0.4,Naive_raw|1|None|None|None|0.4,test,ok,,0.2941176470588235,0.2941176470588235,0,131,34,256,,,,1.5801526717557253,1.1764705882352942
hyser,16,104729,Naive_white,1,,,,0.3,Naive_white|1|None|None|None|0.3,test,ok,,0.7647058823529411,0.7647058823529411,1,131,34,256,,,,32.02290076335878,29.73529411764705
hyser,17,104729,Naive_raw,1,,,,0.4,Naive_raw|1|None|None|None|0.4,test,ok,,0.1470588235294117,0.1470588235294117,0,133,34,256,,,,0.3007518796992481,0.2352941176470588
hyser,17,104729,Naive_white,1,,,,0.3,Naive_white|1|None|None|None|0.3,test,ok,,0.8823529411764706,0.8823529411764706,1,133,34,256,,,,37.849624060150376,37.61764705882353
hyser,18,104729,Naive_raw,1,,,,0.4,Naive_raw|1|None|None|None|0.4,test,ok,,0.5882352941176471,0.5882352941176471,0,136,34,256,,,,1.25,1.0588235294117647
hyser,18,104729,Naive_white,1,,,,0.3,Naive_white|1|None|None|None|0.3,test,ok,,0.8529411764705882,0.8529411764705882,1,136,34,256,,,,47.05882352941177,45.91176470588236
hyser,19,104729,Naive_raw,1,,,,0.4,Naive_raw|1|None|None|None|0.4,test,ok,,0.7058823529411765,0.7058823529411765,0,136,34,256,,,,1.286764705882353,1.2647058823529411
hyser,19,104729,Naive_white,1,,,,0.3,Naive_white|1|None|None|None|0.3,test,ok,,0.8823529411764706,0.8823529411764706,1,136,34,256,,,,40.0735294117647,39.73529411764706
hyser,20,104729,Naive_raw,1,,,,0.4,Naive_raw|1|None|None|None|0.4,test,ok,,0.4705882352941176,0.4705882352941176,0,133,34,256,,,,0.7969924812030075,0.8823529411764706
hyser,20,104729,Naive_white,1,,,,0.3,Naive_white|1|None|None|None|0.3,test,ok,,0.9117647058823528,0.9117647058823528,1,133,34,256,,,,34.8796992481203,35.411764705882355
hyser,1,99991,Naive_raw,1,,,,0.4,Naive_raw|1|None|None|None|0.4,test,ok,,0.088235294117647,0.088235294117647,0,134,34,256,,,,0.1343283582089552,0.1176470588235294
hyser,1,99991,Naive_white,1,,,,0.3,Naive_white|1|None|None|None|0.3,test,ok,,0.8823529411764706,0.8823529411764706,1,134,34,256,,,,40.014925373134325,40.55882352941177
hyser,2,99991,Naive_raw,1,,,,0.4,Naive_raw|1|None|None|None|0.4,test,ok,,0.088235294117647,0.088235294117647,0,135,34,256,,,,0.2296296296296296,0.2941176470588235
hyser,2,99991,Naive_white,1,,,,0.3,Naive_white|1|None|None|None|0.3,test,ok,,0.9411764705882352,0.9411764705882352,1,135,34,256,,,,40.77037037037037,41.44117647058823
hyser,3,99991,Naive_raw,1,,,,0.4,Naive_raw|1|None|None|None|0.4,test,ok,,0.3333333333333333,0.3333333333333333,0,130,33,256,,,,0.4461538461538462,0.7272727272727273
hyser,3,99991,Naive_white,1,,,,0.3,Naive_white|1|None|None|None|0.3,test,ok,,0.8484848484848485,0.8484848484848485,1,130,33,256,,,,38.792307692307695,39.78787878787879
hyser,4,99991,Naive_raw,1,,,,0.4,Naive_raw|1|None|None|None|0.4,test,ok,,0.2647058823529412,0.2647058823529412,0,134,34,256,,,,0.5447761194029851,0.5294117647058824
hyser,4,99991,Naive_white,1,,,,0.3,Naive_white|1|None|None|None|0.3,test,ok,,0.8235294117647058,0.8235294117647058,1,134,34,256,,,,35.32089552238806,35.61764705882353
hyser,5,99991,Naive_raw,1,,,,0.4,Naive_raw|1|None|None|None|0.4,test,ok,,0.4545454545454545,0.4545454545454545,0,129,33,256,,,,0.6356589147286822,0.6666666666666666
hyser,5,99991,Naive_white,1,,,,0.3,Naive_white|1|None|None|None|0.3,test,ok,,0.9696969696969696,0.9696969696969696,1,129,33,256,,,,43.65891472868217,44.66666666666666
hyser,6,99991,Naive_raw,1,,,,0.4,Naive_raw|1|None|None|None|0.4,test,ok,,0.3529411764705882,0.3529411764705882,0,136,34,256,,,,0.6176470588235294,0.6470588235294118
hyser,6,99991,Naive_white,1,,,,0.3,Naive_white|1|None|None|None|0.3,test,ok,,0.8235294117647058,0.8235294117647058,1,136,34,256,,,,42.63235294117647,43.55882352941177
hyser,7,99991,Naive_raw,1,,,,0.4,Naive_raw|1|None|None|None|0.4,test,ok,,0.3529411764705882,0.3529411764705882,0,136,34,256,,,,0.5588235294117647,0.5588235294117647
hyser,7,99991,Naive_white,1,,,,0.3,Naive_white|1|None|None|None|0.3,test,ok,,0.8823529411764706,0.8823529411764706,1,136,34,256,,,,45.11764705882353,44.85294117647059
hyser,8,99991,Naive_raw,1,,,,0.4,Naive_raw|1|None|None|None|0.4,test,ok,,0.2352941176470588,0.2352941176470588,0,136,34,256,,,,1.411764705882353,1.2941176470588236
hyser,8,99991,Naive_white,1,,,,0.3,Naive_white|1|None|None|None|0.3,test,ok,,0.7647058823529411,0.7647058823529411,1,136,34,256,,,,32.38235294117647,31.323529411764707
hyser,9,99991,Naive_raw,1,,,,0.4,Naive_raw|1|None|None|None|0.4,test,ok,,0.1470588235294117,0.1470588235294117,0,136,34,256,,,,0.1470588235294117,0.1176470588235294
hyser,9,99991,Naive_white,1,,,,0.3,Naive_white|1|None|None|None|0.3,test,ok,,0.8529411764705882,0.8529411764705882,1,136,34,256,,,,44.375,43.97058823529412
hyser,10,99991,Naive_raw,1,,,,0.4,Naive_raw|1|None|None|None|0.4,test,ok,,0.2941176470588235,0.2941176470588235,0,135,34,256,,,,0.2888888888888888,0.3529411764705882
hyser,10,99991,Naive_white,1,,,,0.3,Naive_white|1|None|None|None|0.3,test,ok,,0.9117647058823528,0.9117647058823528,1,135,34,256,,,,38.22222222222222,39.02941176470589
hyser,11,99991,Naive_raw,1,,,,0.4,Naive_raw|1|None|None|None|0.4,test,ok,,0.0303030303030303,0.0303030303030303,0,129,33,256,,,,0.0852713178294573,0.1212121212121212
hyser,11,99991,Naive_white,1,,,,0.3,Naive_white|1|None|None|None|0.3,test,ok,,0.8484848484848485,0.8484848484848485,1,129,33,256,,,,48.01550387596899,47.90909090909091
hyser,12,99991,Naive_raw,1,,,,0.4,Naive_raw|1|None|None|None|0.4,test,ok,,0.2647058823529412,0.2647058823529412,0,134,34,256,,,,0.5522388059701493,0.6176470588235294
hyser,12,99991,Naive_white,1,,,,0.3,Naive_white|1|None|None|None|0.3,test,ok,,0.9705882352941176,0.9705882352941176,1,134,34,256,,,,43.656716417910445,44.5
hyser,13,99991,Naive_raw,1,,,,0.4,Naive_raw|1|None|None|None|0.4,test,ok,,0.2647058823529412,0.2647058823529412,0,133,34,256,,,,0.7368421052631579,0.6176470588235294
hyser,13,99991,Naive_white,1,,,,0.3,Naive_white|1|None|None|None|0.3,test,ok,,0.8235294117647058,0.8235294117647058,1,133,34,256,,,,38.142857142857146,36.91176470588236
hyser,14,99991,Naive_raw,1,,,,0.4,Naive_raw|1|None|None|None|0.4,test,ok,,0.3235294117647059,0.3235294117647059,0,134,34,256,,,,0.6865671641791045,0.8235294117647058
hyser,14,99991,Naive_white,1,,,,0.3,Naive_white|1|None|None|None|0.3,test,ok,,0.9117647058823528,0.9117647058823528,1,134,34,256,,,,39.708955223880594,42.38235294117647
hyser,15,99991,Naive_raw,1,,,,0.4,Naive_raw|1|None|None|None|0.4,test,ok,,0.1470588235294117,0.1470588235294117,0,136,34,256,,,,0.2573529411764705,0.2941176470588235
hyser,15,99991,Naive_white,1,,,,0.3,Naive_white|1|None|None|None|0.3,test,ok,,0.9705882352941176,0.9705882352941176,1,136,34,256,,,,39.50735294117647,39.88235294117647
hyser,16,99991,Naive_raw,1,,,,0.4,Naive_raw|1|None|None|None|0.4,test,ok,,0.4705882352941176,0.4705882352941176,0,131,34,256,,,,1.5954198473282444,1.6176470588235294
hyser,16,99991,Naive_white,1,,,,0.3,Naive_white|1|None|None|None|0.3,test,ok,,0.7352941176470589,0.7352941176470589,1,131,34,256,,,,31.6412213740458,31.323529411764707
hyser,17,99991,Naive_raw,1,,,,0.4,Naive_raw|1|None|None|None|0.4,test,ok,,0.1764705882352941,0.1764705882352941,0,133,34,256,,,,0.2932330827067669,0.2941176470588235
hyser,17,99991,Naive_white,1,,,,0.3,Naive_white|1|None|None|None|0.3,test,ok,,0.9117647058823528,0.9117647058823528,1,133,34,256,,,,37.6015037593985,37.6764705882353
hyser,18,99991,Naive_raw,1,,,,0.4,Naive_raw|1|None|None|None|0.4,test,ok,,0.5588235294117647,0.5588235294117647,0,136,34,256,,,,1.213235294117647,1.2352941176470589
hyser,18,99991,Naive_white,1,,,,0.3,Naive_white|1|None|None|None|0.3,test,ok,,0.9411764705882352,0.9411764705882352,1,136,34,256,,,,47.01470588235294,47.23529411764706
hyser,19,99991,Naive_raw,1,,,,0.4,Naive_raw|1|None|None|None|0.4,test,ok,,0.5588235294117647,0.5588235294117647,0,136,34,256,,,,1.3014705882352942,1.3235294117647058
hyser,19,99991,Naive_white,1,,,,0.3,Naive_white|1|None|None|None|0.3,test,ok,,0.9705882352941176,0.9705882352941176,1,136,34,256,,,,40.05882352941177,40.64705882352941
hyser,20,99991,Naive_raw,1,,,,0.4,Naive_raw|1|None|None|None|0.4,test,ok,,0.3529411764705882,0.3529411764705882,0,133,34,256,,,,0.8270676691729323,0.9117647058823528
hyser,20,99991,Naive_white,1,,,,0.3,Naive_white|1|None|None|None|0.3,test,ok,,0.9411764705882352,0.9411764705882352,1,133,34,256,,,,34.766917293233085,35.911764705882355
rice,0,42,AI_PCA,9,,,,,AI_PCA|9|None|None|None|None,test,ok,,0.1999999999999999,0.2,0,581,190,256,2.0,2.0,0.9816901645454098,,
rice,0,42,LE_PCA,31,,,,,LE_PCA|31|None|None|None|None,test,ok,,0.2210526315789474,0.2210526315789473,1,581,190,256,2.0,2.0,0.9816901645454098,,
rice,0,123,AI_PCA,15,,,,,AI_PCA|15|None|None|None|None,test,ok,,0.2210526315789473,0.2210526315789473,0,581,190,256,2.0,2.0,0.9818114505661618,,
rice,0,123,LE_PCA,21,,,,,LE_PCA|21|None|None|None|None,test,ok,,0.2105263157894736,0.2105263157894736,1,581,190,256,2.0,2.0,0.9818114505661618,,
rice,0,456,AI_PCA,21,,,,,AI_PCA|21|None|None|None|None,test,ok,,0.1894736842105263,0.1894736842105263,0,581,190,256,2.0,2.0,0.9816303017429884,,
rice,0,456,LE_PCA,31,,,,,LE_PCA|31|None|None|None|None,test,ok,,0.2210526315789473,0.2210526315789473,1,581,190,256,2.0,2.0,0.9816303017429884,,
rice,0,789,AI_PCA,31,,,,,AI_PCA|31|None|None|None|None,test,ok,,0.2210526315789474,0.2210526315789473,0,581,190,256,2.0,2.0,0.9821247160182972,,
rice,0,789,LE_PCA,31,,,,,LE_PCA|31|None|None|None|None,test,ok,,0.231578947368421,0.231578947368421,1,581,190,256,2.0,2.0,0.9821247160182972,,
rice,0,2022,AI_PCA,11,,,,,AI_PCA|11|None|None|None|None,test,ok,,0.2157894736842104,0.2157894736842105,0,581,190,256,2.0,2.0,0.9823604981278078,,
rice,0,2022,LE_PCA,15,,,,,LE_PCA|15|None|None|None|None,test,ok,,0.2052631578947368,0.2052631578947368,1,581,190,256,2.0,2.0,0.9823604981278078,,
rice,0,31415,AI_PCA,11,,,,,AI_PCA|11|None|None|None|None,test,ok,,0.1947368421052631,0.1947368421052631,0,581,190,256,2.0,2.0,0.9818250586220284,,
rice,0,31415,LE_PCA,31,,,,,LE_PCA|31|None|None|None|None,test,ok,,0.1894736842105263,0.1894736842105263,1,581,190,256,2.0,2.0,0.9818250586220284,,
rice,0,27182,AI_PCA,41,,,,,AI_PCA|41|None|None|None|None,test,ok,,0.2631578947368421,0.2631578947368421,0,581,190,256,2.0,2.0,0.9816539801240785,,
rice,0,27182,LE_PCA,41,,,,,LE_PCA|41|None|None|None|None,test,ok,,0.2368421052631578,0.2368421052631578,1,581,190,256,2.0,2.0,0.9816539801240785,,
rice,0,8675309,AI_PCA,15,,,,,AI_PCA|15|None|None|None|None,test,ok,,0.1842105263157894,0.1842105263157894,0,581,190,256,2.0,2.0,0.9820546821254958,,
rice,0,8675309,LE_PCA,15,,,,,LE_PCA|15|None|None|None|None,test,ok,,0.1736842105263157,0.1736842105263158,1,581,190,256,2.0,2.0,0.9820546821254958,,
rice,0,104729,AI_PCA,31,,,,,AI_PCA|31|None|None|None|None,test,ok,,0.2052631578947368,0.2052631578947368,0,581,190,256,2.0,2.0,0.981508333010139,,
rice,0,104729,LE_PCA,41,,,,,LE_PCA|41|None|None|None|None,test,ok,,0.231578947368421,0.231578947368421,1,581,190,256,2.0,2.0,0.981508333010139,,
rice,0,99991,AI_PCA,21,,,,,AI_PCA|21|None|None|None|None,test,ok,,0.1736842105263157,0.1736842105263158,0,581,190,256,2.0,2.0,0.9817118781826676,,
rice,0,99991,LE_PCA,31,,,,,LE_PCA|31|None|None|None|None,test,ok,,0.2052631578947368,0.2052631578947368,1,581,190,256,2.0,2.0,0.9817118781826676,,
corn,0,42,AI_PCA,21,,,,,AI_PCA|21|None|None|None|None,test,ok,,0.6558114035087719,0.6548117154811716,0,1436,478,300,16.0,16.0,0.950061314683889,,
corn,0,42,LE_PCA,9,,,,,LE_PCA|9|None|None|None|None,test,ok,,0.5974780701754385,0.5962343096234309,1,1436,478,300,16.0,16.0,0.950061314683889,,
corn,0,123,AI_PCA,21,,,,,AI_PCA|21|None|None|None|None,test,ok,,0.6768640350877192,0.6757322175732218,0,1436,478,300,17.0,17.0,0.9532432834625486,,
corn,0,123,LE_PCA,21,,,,,LE_PCA|21|None|None|None|None,test,ok,,0.5747807017543861,0.5732217573221757,1,1436,478,300,17.0,17.0,0.9532432834625486,,
corn,0,456,AI_PCA,9,,,,,AI_PCA|9|None|None|None|None,test,ok,,0.6664473684210527,0.6652719665271967,0,1436,478,300,17.0,17.0,0.9533564948291948,,
corn,0,456,LE_PCA,7,,,,,LE_PCA|7|None|None|None|None,test,ok,,0.6082236842105263,0.606694560669456,1,1436,478,300,17.0,17.0,0.9533564948291948,,
corn,0,789,AI_PCA,15,,,,,AI_PCA|15|None|None|None|None,test,ok,,0.6680921052631579,0.6673640167364017,0,1436,478,300,17.0,17.0,0.9534950778407344,,
corn,0,789,LE_PCA,21,,,,,LE_PCA|21|None|None|None|None,test,ok,,0.5912280701754385,0.5899581589958159,1,1436,478,300,17.0,17.0,0.9534950778407344,,
corn,0,2022,AI_PCA,11,,,,,AI_PCA|11|None|None|None|None,test,ok,,0.6765350877192984,0.6757322175732218,0,1436,478,300,16.0,16.0,0.950276239242988,,
corn,0,2022,LE_PCA,15,,,,,LE_PCA|15|None|None|None|None,test,ok,,0.6370614035087719,0.6359832635983264,1,1436,478,300,16.0,16.0,0.950276239242988,,
corn,0,31415,AI_PCA,41,,,,,AI_PCA|41|None|None|None|None,test,ok,,0.643421052631579,0.6422594142259415,0,1436,478,300,16.0,16.0,0.95004638051006,,
corn,0,31415,LE_PCA,9,,,,,LE_PCA|9|None|None|None|None,test,ok,,0.6075657894736842,0.606694560669456,1,1436,478,300,16.0,16.0,0.95004638051006,,
corn,0,27182,AI_PCA,15,,,,,AI_PCA|15|None|None|None|None,test,ok,,0.662280701754386,0.6610878661087866,0,1436,478,300,17.0,17.0,0.9532997132363802,,
corn,0,27182,LE_PCA,31,,,,,LE_PCA|31|None|None|None|None,test,ok,,0.6039473684210527,0.602510460251046,1,1436,478,300,17.0,17.0,0.9532997132363802,,
corn,0,8675309,AI_PCA,11,,,,,AI_PCA|11|None|None|None|None,test,ok,,0.6288377192982456,0.6276150627615062,0,1436,478,300,17.0,17.0,0.9535556615012534,,
corn,0,8675309,LE_PCA,9,,,,,LE_PCA|9|None|None|None|None,test,ok,,0.5912280701754385,0.5899581589958159,1,1436,478,300,17.0,17.0,0.9535556615012534,,
corn,0,104729,AI_PCA,15,,,,,AI_PCA|15|None|None|None|None,test,ok,,0.6474780701754385,0.6464435146443515,0,1436,478,300,17.0,17.0,0.953404746488684,,
corn,0,104729,LE_PCA,11,,,,,LE_PCA|11|None|None|None|None,test,ok,,0.6017543859649122,0.600418410041841,1,1436,478,300,17.0,17.0,0.953404746488684,,
corn,0,99991,AI_PCA,15,,,,,AI_PCA|15|None|None|None|None,test,ok,,0.681030701754386,0.6799163179916318,0,1436,478,300,17.0,17.0,0.9534318076798632,,
corn,0,99991,LE_PCA,15,,,,,LE_PCA|15|None|None|None|None,test,ok,,0.6350877192982455,0.6338912133891214,1,1436,478,300,17.0,17.0,0.9534318076798632,,
wheat,0,42,AI_PCA,41,,,,,AI_PCA|41|None|None|None|None,test,ok,,0.5410116199589884,0.5408496732026143,0,1832,612,300,4.0,4.0,0.9523494089324114,,
wheat,0,42,LE_PCA,31,,,,,LE_PCA|31|None|None|None|None,test,ok,,0.5248205741626795,0.5245098039215687,1,1832,612,300,4.0,4.0,0.9523494089324114,,
wheat,0,123,AI_PCA,15,,,,,AI_PCA|15|None|None|None|None,test,ok,,0.5309723171565277,0.5310457516339869,0,1832,612,300,4.0,4.0,0.952283382985868,,
wheat,0,123,LE_PCA,41,,,,,LE_PCA|41|None|None|None|None,test,ok,,0.5421864319890636,0.5424836601307189,1,1832,612,300,4.0,4.0,0.952283382985868,,
wheat,0,456,AI_PCA,9,,,,,AI_PCA|9|None|None|None|None,test,ok,,0.5165541695146958,0.5163398692810458,0,1832,612,300,4.0,4.0,0.9521086512174872,,
wheat,0,456,LE_PCA,31,,,,,LE_PCA|31|None|None|None|None,test,ok,,0.5015806561859193,0.5016339869281046,1,1832,612,300,4.0,4.0,0.9521086512174872,,
wheat,0,789,AI_PCA,15,,,,,AI_PCA|15|None|None|None|None,test,ok,,0.5377862269309638,0.5392156862745098,0,1832,612,300,4.0,4.0,0.9521247780322828,,
wheat,0,789,LE_PCA,11,,,,,LE_PCA|11|None|None|None|None,test,ok,,0.53125,0.5326797385620915,1,1832,612,300,4.0,4.0,0.9521247780322828,,
wheat,0,2022,AI_PCA,41,,,,,AI_PCA|41|None|None|None|None,test,ok,,0.5733723513328777,0.5735294117647058,0,1832,612,300,4.0,4.0,0.952138692056735,,
wheat,0,2022,LE_PCA,21,,,,,LE_PCA|21|None|None|None|None,test,ok,,0.5424854750512645,0.5424836601307189,1,1832,612,300,4.0,4.0,0.952138692056735,,
wheat,0,31415,AI_PCA,21,,,,,AI_PCA|21|None|None|None|None,test,ok,,0.5442156527682843,0.5441176470588235,0,1832,612,300,4.0,4.0,0.9522913269982848,,
wheat,0,31415,LE_PCA,41,,,,,LE_PCA|41|None|None|None|None,test,ok,,0.5408193779904306,0.5408496732026143,1,1832,612,300,4.0,4.0,0.9522913269982848,,
wheat,0,27182,AI_PCA,5,,,,,AI_PCA|5|None|None|None|None,test,ok,,0.5375726247436774,0.5375816993464052,0,1832,612,300,4.0,4.0,0.9521781005011754,,
wheat,0,27182,LE_PCA,11,,,,,LE_PCA|11|None|None|None|None,test,ok,,0.5391319207108681,0.5392156862745098,1,1832,612,300,4.0,4.0,0.9521781005011754,,
wheat,0,8675309,AI_PCA,31,,,,,AI_PCA|31|None|None|None|None,test,ok,,0.5459244702665755,0.5473856209150327,0,1832,612,300,4.0,4.0,0.9519211794261204,,
wheat,0,8675309,LE_PCA,21,,,,,LE_PCA|21|None|None|None|None,test,ok,,0.5493634654818865,0.5506535947712419,1,1832,612,300,4.0,4.0,0.9519211794261204,,
wheat,0,104729,AI_PCA,11,,,,,AI_PCA|11|None|None|None|None,test,ok,,0.5389183185235817,0.5392156862745098,0,1832,612,300,4.0,4.0,0.9521876275923964,,
wheat,0,104729,LE_PCA,21,,,,,LE_PCA|21|None|None|None|None,test,ok,,0.5325102529049898,0.5326797385620915,1,1832,612,300,4.0,4.0,0.9521876275923964,,
wheat,0,99991,AI_PCA,31,,,,,AI_PCA|31|None|None|None|None,test,ok,,0.5339841079972658,0.5343137254901961,0,1832,612,300,4.0,4.0,0.9521089516076804,,
wheat,0,99991,LE_PCA,41,,,,,LE_PCA|41|None|None|None|None,test,ok,,0.5454972658920028,0.545751633986928,1,1832,612,300,4.0,4.0,0.9521089516076804,,
capgmyo,1,42,AI_PCA,3,,,,,AI_PCA|3|None|None|None|None,test,ok,,1.0,1.0,0,48,16,128,63.0,63.0,0.9514149519038608,,
capgmyo,1,42,LE_PCA,1,,,,,LE_PCA|1|None|None|None|None,test,ok,,1.0,1.0,1,48,16,128,63.0,63.0,0.9514149519038608,,
capgmyo,2,42,AI_PCA,3,,,,,AI_PCA|3|None|None|None|None,test,ok,,0.8125,0.8125,0,48,16,128,39.0,39.0,0.9505943641345714,,
capgmyo,2,42,LE_PCA,1,,,,,LE_PCA|1|None|None|None|None,test,ok,,0.9375,0.9375,1,48,16,128,39.0,39.0,0.9505943641345714,,
capgmyo,3,42,AI_PCA,3,,,,,AI_PCA|3|None|None|None|None,test,ok,,0.9375,0.9375,0,48,16,128,27.0,27.0,0.9520560758988798,,
capgmyo,3,42,LE_PCA,1,,,,,LE_PCA|1|None|None|None|None,test,ok,,1.0,1.0,1,48,16,128,27.0,27.0,0.9520560758988798,,
capgmyo,4,42,AI_PCA,3,,,,,AI_PCA|3|None|None|None|None,test,ok,,0.9375,0.9375,0,48,16,128,39.0,39.0,0.9514616840504624,,
capgmyo,4,42,LE_PCA,1,,,,,LE_PCA|1|None|None|None|None,test,ok,,1.0,1.0,1,48,16,128,39.0,39.0,0.9514616840504624,,
capgmyo,5,42,AI_PCA,3,,,,,AI_PCA|3|None|None|None|None,test,ok,,0.8125,0.8125,0,48,16,128,29.0,29.0,0.9509241611176812,,
capgmyo,5,42,LE_PCA,1,,,,,LE_PCA|1|None|None|None|None,test,ok,,0.6875,0.6875,1,48,16,128,29.0,29.0,0.9509241611176812,,
capgmyo,6,42,AI_PCA,3,,,,,AI_PCA|3|None|None|None|None,test,ok,,1.0,1.0,0,48,16,128,44.0,44.0,0.951165125810932,,
capgmyo,6,42,LE_PCA,1,,,,,LE_PCA|1|None|None|None|None,test,ok,,1.0,1.0,1,48,16,128,44.0,44.0,0.951165125810932,,
capgmyo,7,42,AI_PCA,3,,,,,AI_PCA|3|None|None|None|None,test,ok,,0.6875,0.6875,0,48,16,128,63.0,70.0,0.931568649588067,,
capgmyo,7,42,LE_PCA,1,,,,,LE_PCA|1|None|None|None|None,test,ok,,0.6875,0.6875,1,48,16,128,63.0,70.0,0.931568649588067,,
capgmyo,8,42,AI_PCA,3,,,,,AI_PCA|3|None|None|None|None,test,ok,,1.0,1.0,0,48,16,128,38.0,38.0,0.9517809620701791,,
capgmyo,8,42,LE_PCA,1,,,,,LE_PCA|1|None|None|None|None,test,ok,,0.9375,0.9375,1,48,16,128,38.0,38.0,0.9517809620701791,,
capgmyo,9,42,AI_PCA,3,,,,,AI_PCA|3|None|None|None|None,test,ok,,1.0,1.0,0,48,16,128,33.0,33.0,0.9507914481167308,,
capgmyo,9,42,LE_PCA,1,,,,,LE_PCA|1|None|None|None|None,test,ok,,1.0,1.0,1,48,16,128,33.0,33.0,0.9507914481167308,,
capgmyo,10,42,AI_PCA,3,,,,,AI_PCA|3|None|None|None|None,test,ok,,0.875,0.875,0,48,16,128,33.0,33.0,0.9519253933601388,,
capgmyo,10,42,LE_PCA,1,,,,,LE_PCA|1|None|None|None|None,test,ok,,0.875,0.875,1,48,16,128,33.0,33.0,0.9519253933601388,,
capgmyo,11,42,AI_PCA,3,,,,,AI_PCA|3|None|None|None|None,test,ok,,0.9375,0.9375,0,48,16,128,19.0,19.0,0.9536217801002628,,
capgmyo,11,42,LE_PCA,1,,,,,LE_PCA|1|None|None|None|None,test,ok,,0.9375,0.9375,1,48,16,128,19.0,19.0,0.9536217801002628,,
capgmyo,12,42,AI_PCA,3,,,,,AI_PCA|3|None|None|None|None,test,ok,,0.75,0.75,0,48,16,128,38.0,38.0,0.9515801556848424,,
capgmyo,12,42,LE_PCA,1,,,,,LE_PCA|1|None|None|None|None,test,ok,,0.75,0.75,1,48,16,128,38.0,38.0,0.9515801556848424,,
capgmyo,13,42,AI_PCA,3,,,,,AI_PCA|3|None|None|None|None,test,ok,,0.875,0.875,0,48,16,128,23.0,23.0,0.9540870576120244,,
capgmyo,13,42,LE_PCA,1,,,,,LE_PCA|1|None|None|None|None,test,ok,,0.875,0.875,1,48,16,128,23.0,23.0,0.9540870576120244,,
capgmyo,14,42,AI_PCA,3,,,,,AI_PCA|3|None|None|None|None,test,ok,,0.8125,0.8125,0,48,16,128,63.0,69.0,0.9344701577653428,,
capgmyo,14,42,LE_PCA,1,,,,,LE_PCA|1|None|None|None|None,test,ok,,0.75,0.75,1,48,16,128,63.0,69.0,0.9344701577653428,,
capgmyo,15,42,AI_PCA,3,,,,,AI_PCA|3|None|None|None|None,test,ok,,0.75,0.75,0,48,16,128,31.0,31.0,0.9526209871267778,,
capgmyo,15,42,LE_PCA,1,,,,,LE_PCA|1|None|None|None|None,test,ok,,0.8125,0.8125,1,48,16,128,31.0,31.0,0.9526209871267778,,
capgmyo,16,42,AI_PCA,3,,,,,AI_PCA|3|None|None|None|None,test,ok,,1.0,1.0,0,48,16,128,33.0,33.0,0.9507091624780908,,
capgmyo,16,42,LE_PCA,1,,,,,LE_PCA|1|None|None|None|None,test,ok,,1.0,1.0,1,48,16,128,33.0,33.0,0.9507091624780908,,
capgmyo,17,42,AI_PCA,3,,,,,AI_PCA|3|None|None|None|None,test,ok,,1.0,1.0,0,48,16,127,63.0,65.0,0.9460970845833953,,
capgmyo,17,42,LE_PCA,1,,,,,LE_PCA|1|None|None|None|None,test,ok,,1.0,1.0,1,48,16,127,63.0,65.0,0.9460970845833953,,
capgmyo,18,42,AI_PCA,3,,,,,AI_PCA|3|None|None|None|None,test,ok,,0.9375,0.9375,0,48,16,128,34.0,34.0,0.9518652543401775,,
capgmyo,18,42,LE_PCA,1,,,,,LE_PCA|1|None|None|None|None,test,ok,,1.0,1.0,1,48,16,128,34.0,34.0,0.9518652543401775,,
capgmyo,1,123,AI_PCA,7,,,,,AI_PCA|7|None|None|None|None,test,ok,,0.9375,0.9375,0,48,16,128,63.0,63.0,0.9500206148123088,,
capgmyo,1,123,LE_PCA,1,,,,,LE_PCA|1|None|None|None|None,test,ok,,1.0,1.0,1,48,16,128,63.0,63.0,0.9500206148123088,,
capgmyo,2,123,AI_PCA,7,,,,,AI_PCA|7|None|None|None|None,test,ok,,1.0,1.0,0,48,16,128,39.0,39.0,0.9503850492519932,,
capgmyo,2,123,LE_PCA,1,,,,,LE_PCA|1|None|None|None|None,test,ok,,1.0,1.0,1,48,16,128,39.0,39.0,0.9503850492519932,,
capgmyo,3,123,AI_PCA,7,,,,,AI_PCA|7|None|None|None|None,test,ok,,0.9375,0.9375,0,48,16,128,27.0,27.0,0.9527212958799272,,
capgmyo,3,123,LE_PCA,1,,,,,LE_PCA|1|None|None|None|None,test,ok,,1.0,1.0,1,48,16,128,27.0,27.0,0.9527212958799272,,
capgmyo,4,123,AI_PCA,7,,,,,AI_PCA|7|None|None|None|None,test,ok,,0.875,0.875,0,48,16,128,40.0,40.0,0.9524105565302204,,
capgmyo,4,123,LE_PCA,1,,,,,LE_PCA|1|None|None|None|None,test,ok,,0.9375,0.9375,1,48,16,128,40.0,40.0,0.9524105565302204,,
capgmyo,5,123,AI_PCA,7,,,,,AI_PCA|7|None|None|None|None,test,ok,,0.875,0.875,0,48,16,128,29.0,29.0,0.9509933568397704,,
capgmyo,5,123,LE_PCA,1,,,,,LE_PCA|1|None|None|None|None,test,ok,,0.8125,0.8125,1,48,16,128,29.0,29.0,0.9509933568397704,,
capgmyo,6,123,AI_PCA,7,,,,,AI_PCA|7|None|None|None|None,test,ok,,1.0,1.0,0,48,16,128,44.0,44.0,0.9513434191756988,,
capgmyo,6,123,LE_PCA,1,,,,,LE_PCA|1|None|None|None|None,test,ok,,1.0,1.0,1,48,16,128,44.0,44.0,0.9513434191756988,,
capgmyo,7,123,AI_PCA,7,,,,,AI_PCA|7|None|None|None|None,test,ok,,0.8125,0.8125,0,48,16,128,63.0,71.0,0.9290171903082568,,
capgmyo,7,123,LE_PCA,1,,,,,LE_PCA|1|None|None|None|None,test,ok,,0.8125,0.8125,1,48,16,128,63.0,71.0,0.9290171903082568,,
capgmyo,8,123,AI_PCA,7,,,,,AI_PCA|7|None|None|None|None,test,ok,,1.0,1.0,0,48,16,128,38.0,38.0,0.9511409530302808,,
capgmyo,8,123,LE_PCA,1,,,,,LE_PCA|1|None|None|None|None,test,ok,,1.0,1.0,1,48,16,128,38.0,38.0,0.9511409530302808,,
capgmyo,9,123,AI_PCA,7,,,,,AI_PCA|7|None|None|None|None,test,ok,,0.9375,0.9375,0,48,16,128,33.0,33.0,0.950923345255466,,
capgmyo,9,123,LE_PCA,1,,,,,LE_PCA|1|None|None|None|None,test,ok,,0.875,0.875,1,48,16,128,33.0,33.0,0.950923345255466,,
capgmyo,10,123,AI_PCA,7,,,,,AI_PCA|7|None|None|None|None,test,ok,,0.875,0.875,0,48,16,128,33.0,33.0,0.9515753861498706,,
capgmyo,10,123,LE_PCA,1,,,,,LE_PCA|1|None|None|None|None,test,ok,,0.875,0.875,1,48,16,128,33.0,33.0,0.9515753861498706,,
capgmyo,11,123,AI_PCA,7,,,,,AI_PCA|7|None|None|None|None,test,ok,,0.9375,0.9375,0,48,16,128,19.0,19.0,0.9522537178055852,,
capgmyo,11,123,LE_PCA,1,,,,,LE_PCA|1|None|None|None|None,test,ok,,0.9375,0.9375,1,48,16,128,19.0,19.0,0.9522537178055852,,
capgmyo,12,123,AI_PCA,7,,,,,AI_PCA|7|None|None|None|None,test,ok,,1.0,1.0,0,48,16,128,38.0,38.0,0.9500267612059544,,
capgmyo,12,123,LE_PCA,1,,,,,LE_PCA|1|None|None|None|None,test,ok,,1.0,1.0,1,48,16,128,38.0,38.0,0.9500267612059544,,
capgmyo,13,123,AI_PCA,7,,,,,AI_PCA|7|None|None|None|None,test,ok,,0.8125,0.8125,0,48,16,128,23.0,23.0,0.9539136869081852,,
capgmyo,13,123,LE_PCA,1,,,,,LE_PCA|1|None|None|None|None,test,ok,,0.9375,0.9375,1,48,16,128,23.0,23.0,0.9539136869081852,,
capgmyo,14,123,AI_PCA,7,,,,,AI_PCA|7|None|None|None|None,test,ok,,0.6875,0.6875,0,48,16,128,63.0,70.0,0.9341251165400246,,
capgmyo,14,123,LE_PCA,1,,,,,LE_PCA|1|None|None|None|None,test,ok,,0.8125,0.8125,1,48,16,128,63.0,70.0,0.9341251165400246,,
capgmyo,15,123,AI_PCA,7,,,,,AI_PCA|7|None|None|None|None,test,ok,,1.0,1.0,0,48,16,128,31.0,31.0,0.951450671211532,,
capgmyo,15,123,LE_PCA,1,,,,,LE_PCA|1|None|None|None|None,test,ok,,1.0,1.0,1,48,16,128,31.0,31.0,0.951450671211532,,
capgmyo,16,123,AI_PCA,7,,,,,AI_PCA|7|None|None|None|None,test,ok,,0.9375,0.9375,0,48,16,128,33.0,33.0,0.9509863745816256,,
capgmyo,16,123,LE_PCA,1,,,,,LE_PCA|1|None|None|None|None,test,ok,,0.9375,0.9375,1,48,16,128,33.0,33.0,0.9509863745816256,,
capgmyo,17,123,AI_PCA,7,,,,,AI_PCA|7|None|None|None|None,test,ok,,0.9375,0.9375,0,48,16,127,63.0,66.0,0.9449835913257062,,
capgmyo,17,123,LE_PCA,1,,,,,LE_PCA|1|None|None|None|None,test,ok,,0.9375,0.9375,1,48,16,127,63.0,66.0,0.9449835913257062,,
capgmyo,18,123,AI_PCA,7,,,,,AI_PCA|7|None|None|None|None,test,ok,,0.875,0.875,0,48,16,128,34.0,34.0,0.950517382846494,,
capgmyo,18,123,LE_PCA,1,,,,,LE_PCA|1|None|None|None|None,test,ok,,0.9375,0.9375,1,48,16,128,34.0,34.0,0.950517382846494,,
capgmyo,1,456,AI_PCA,3,,,,,AI_PCA|3|None|None|None|None,test,ok,,1.0,1.0,0,48,16,128,61.0,61.0,0.9512624690070892,,
capgmyo,1,456,LE_PCA,3,,,,,LE_PCA|3|None|None|None|None,test,ok,,1.0,1.0,1,48,16,128,61.0,61.0,0.9512624690070892,,
capgmyo,2,456,AI_PCA,3,,,,,AI_PCA|3|None|None|None|None,test,ok,,1.0,1.0,0,48,16,128,39.0,39.0,0.9500666917657468,,
capgmyo,2,456,LE_PCA,3,,,,,LE_PCA|3|None|None|None|None,test,ok,,1.0,1.0,1,48,16,128,39.0,39.0,0.9500666917657468,,
capgmyo,3,456,AI_PCA,3,,,,,AI_PCA|3|None|None|None|None,test,ok,,0.9375,0.9375,0,48,16,128,26.0,26.0,0.9506950917601756,,
capgmyo,3,456,LE_PCA,3,,,,,LE_PCA|3|None|None|None|None,test,ok,,0.9375,0.9375,1,48,16,128,26.0,26.0,0.9506950917601756,,
capgmyo,4,456,AI_PCA,3,,,,,AI_PCA|3|None|None|None|None,test,ok,,0.8125,0.8125,0,48,16,128,39.0,39.0,0.951305431672481,,
capgmyo,4,456,LE_PCA,3,,,,,LE_PCA|3|None|None|None|None,test,ok,,0.875,0.875,1,48,16,128,39.0,39.0,0.951305431672481,,
capgmyo,5,456,AI_PCA,3,,,,,AI_PCA|3|None|None|None|None,test,ok,,0.875,0.875,0,48,16,128,29.0,29.0,0.9513624926919096,,
capgmyo,5,456,LE_PCA,3,,,,,LE_PCA|3|None|None|None|None,test,ok,,0.875,0.875,1,48,16,128,29.0,29.0,0.9513624926919096,,
capgmyo,6,456,AI_PCA,3,,,,,AI_PCA|3|None|None|None|None,test,ok,,0.9375,0.9375,0,48,16,128,43.0,43.0,0.951039408465494,,
capgmyo,6,456,LE_PCA,3,,,,,LE_PCA|3|None|None|None|None,test,ok,,0.9375,0.9375,1,48,16,128,43.0,43.0,0.951039408465494,,
capgmyo,7,456,AI_PCA,3,,,,,AI_PCA|3|None|None|None|None,test,ok,,0.8125,0.8125,0,48,16,128,63.0,69.0,0.9354967125621636,,
capgmyo,7,456,LE_PCA,3,,,,,LE_PCA|3|None|None|None|None,test,ok,,0.8125,0.8125,1,48,16,128,63.0,69.0,0.9354967125621636,,
capgmyo,8,456,AI_PCA,3,,,,,AI_PCA|3|None|None|None|None,test,ok,,1.0,1.0,0,48,16,128,38.0,38.0,0.9517274536003508,,
capgmyo,8,456,LE_PCA,3,,,,,LE_PCA|3|None|None|None|None,test,ok,,1.0,1.0,1,48,16,128,38.0,38.0,0.9517274536003508,,
capgmyo,9,456,AI_PCA,3,,,,,AI_PCA|3|None|None|None|None,test,ok,,0.9375,0.9375,0,48,16,128,33.0,33.0,0.95015505389799,,
capgmyo,9,456,LE_PCA,3,,,,,LE_PCA|3|None|None|None|None,test,ok,,0.9375,0.9375,1,48,16,128,33.0,33.0,0.95015505389799,,
capgmyo,10,456,AI_PCA,3,,,,,AI_PCA|3|None|None|None|None,test,ok,,1.0,1.0,0,48,16,128,33.0,33.0,0.9509002902098924,,
capgmyo,10,456,LE_PCA,3,,,,,LE_PCA|3|None|None|None|None,test,ok,,1.0,1.0,1,48,16,128,33.0,33.0,0.9509002902098924,,
capgmyo,11,456,AI_PCA,3,,,,,AI_PCA|3|None|None|None|None,test,ok,,0.9375,0.9375,0,48,16,128,20.0,20.0,0.952624050916992,,
capgmyo,11,456,LE_PCA,3,,,,,LE_PCA|3|None|None|None|None,test,ok,,1.0,1.0,1,48,16,128,20.0,20.0,0.952624050916992,,
capgmyo,12,456,AI_PCA,3,,,,,AI_PCA|3|None|None|None|None,test,ok,,0.875,0.875,0,48,16,128,38.0,38.0,0.9506515111078944,,
capgmyo,12,456,LE_PCA,3,,,,,LE_PCA|3|None|None|None|None,test,ok,,0.8125,0.8125,1,48,16,128,38.0,38.0,0.9506515111078944,,
capgmyo,13,456,AI_PCA,3,,,,,AI_PCA|3|None|None|None|None,test,ok,,0.9375,0.9375,0,48,16,128,22.0,22.0,0.9503073118521512,,
capgmyo,13,456,LE_PCA,3,,,,,LE_PCA|3|None|None|None|None,test,ok,,0.875,0.875,1,48,16,128,22.0,22.0,0.9503073118521512,,
capgmyo,14,456,AI_PCA,3,,,,,AI_PCA|3|None|None|None|None,test,ok,,0.9375,0.9375,0,48,16,128,63.0,69.0,0.9352827411750624,,
capgmyo,14,456,LE_PCA,3,,,,,LE_PCA|3|None|None|None|None,test,ok,,1.0,1.0,1,48,16,128,63.0,69.0,0.9352827411750624,,
capgmyo,15,456,AI_PCA,3,,,,,AI_PCA|3|None|None|None|None,test,ok,,0.875,0.875,0,48,16,128,31.0,31.0,0.9510395383835532,,
capgmyo,15,456,LE_PCA,3,,,,,LE_PCA|3|None|None|None|None,test,ok,,0.8125,0.8125,1,48,16,128,31.0,31.0,0.9510395383835532,,
capgmyo,16,456,AI_PCA,3,,,,,AI_PCA|3|None|None|None|None,test,ok,,0.875,0.875,0,48,16,128,33.0,33.0,0.9505756014355466,,
capgmyo,16,456,LE_PCA,3,,,,,LE_PCA|3|None|None|None|None,test,ok,,0.875,0.875,1,48,16,128,33.0,33.0,0.9505756014355466,,
capgmyo,17,456,AI_PCA,3,,,,,AI_PCA|3|None|None|None|None,test,ok,,1.0,1.0,0,48,16,127,63.0,67.0,0.942465046148326,,
capgmyo,17,456,LE_PCA,3,,,,,LE_PCA|3|None|None|None|None,test,ok,,1.0,1.0,1,48,16,127,63.0,67.0,0.942465046148326,,
capgmyo,18,456,AI_PCA,3,,,,,AI_PCA|3|None|None|None|None,test,ok,,0.875,0.875,0,48,16,128,34.0,34.0,0.9521496429798176,,
capgmyo,18,456,LE_PCA,3,,,,,LE_PCA|3|None|None|None|None,test,ok,,0.8125,0.8125,1,48,16,128,34.0,34.0,0.9521496429798176,,
capgmyo,1,789,AI_PCA,1,,,,,AI_PCA|1|None|None|None|None,test,ok,,0.875,0.875,0,48,16,128,63.0,64.0,0.9497367662505926,,
capgmyo,1,789,LE_PCA,3,,,,,LE_PCA|3|None|None|None|None,test,ok,,0.9375,0.9375,1,48,16,128,63.0,64.0,0.9497367662505926,,
capgmyo,2,789,AI_PCA,1,,,,,AI_PCA|1|None|None|None|None,test,ok,,0.9375,0.9375,0,48,16,128,39.0,39.0,0.9501264726845644,,
capgmyo,2,789,LE_PCA,3,,,,,LE_PCA|3|None|None|None|None,test,ok,,0.9375,0.9375,1,48,16,128,39.0,39.0,0.9501264726845644,,
capgmyo,3,789,AI_PCA,1,,,,,AI_PCA|1|None|None|None|None,test,ok,,1.0,1.0,0,48,16,128,27.0,27.0,0.9523406635198683,,
capgmyo,3,789,LE_PCA,3,,,,,LE_PCA|3|None|None|None|None,test,ok,,1.0,1.0,1,48,16,128,27.0,27.0,0.9523406635198683,,
capgmyo,4,789,AI_PCA,1,,,,,AI_PCA|1|None|None|None|None,test,ok,,0.9375,0.9375,0,48,16,128,40.0,40.0,0.9507890727935654,,
capgmyo,4,789,LE_PCA,3,,,,,LE_PCA|3|None|None|None|None,test,ok,,0.8125,0.8125,1,48,16,128,40.0,40.0,0.9507890727935654,,
capgmyo,5,789,AI_PCA,1,,,,,AI_PCA|1|None|None|None|None,test,ok,,0.625,0.625,0,48,16,128,29.0,29.0,0.9507138785519006,,
capgmyo,5,789,LE_PCA,3,,,,,LE_PCA|3|None|None|None|None,test,ok,,0.75,0.75,1,48,16,128,29.0,29.0,0.9507138785519006,,
capgmyo,6,789,AI_PCA,1,,,,,AI_PCA|1|None|None|None|None,test,ok,,1.0,1.0,0,48,16,128,45.0,45.0,0.9517982968318957,,
capgmyo,6,789,LE_PCA,3,,,,,LE_PCA|3|None|None|None|None,test,ok,,1.0,1.0,1,48,16,128,45.0,45.0,0.9517982968318957,,
capgmyo,7,789,AI_PCA,1,,,,,AI_PCA|1|None|None|None|None,test,ok,,0.9375,0.9375,0,48,16,128,63.0,70.0,0.9314436502529088,,
capgmyo,7,789,LE_PCA,3,,,,,LE_PCA|3|None|None|None|None,test,ok,,0.6875,0.6875,1,48,16,128,63.0,70.0,0.9314436502529088,,
capgmyo,8,789,AI_PCA,1,,,,,AI_PCA|1|None|None|None|None,test,ok,,0.9375,0.9375,0,48,16,128,38.0,38.0,0.9513039746417624,,
capgmyo,8,789,LE_PCA,3,,,,,LE_PCA|3|None|None|None|None,test,ok,,0.8125,0.8125,1,48,16,128,38.0,38.0,0.9513039746417624,,
capgmyo,9,789,AI_PCA,1,,,,,AI_PCA|1|None|None|None|None,test,ok,,1.0,1.0,0,48,16,128,33.0,33.0,0.9510281230819656,,
capgmyo,9,789,LE_PCA,3,,,,,LE_PCA|3|None|None|None|None,test,ok,,1.0,1.0,1,48,16,128,33.0,33.0,0.9510281230819656,,
capgmyo,10,789,AI_PCA,1,,,,,AI_PCA|1|None|None|None|None,test,ok,,0.875,0.875,0,48,16,128,34.0,34.0,0.9515415330453064,,
capgmyo,10,789,LE_PCA,3,,,,,LE_PCA|3|None|None|None|None,test,ok,,0.9375,0.9375,1,48,16,128,34.0,34.0,0.9515415330453064,,
capgmyo,11,789,AI_PCA,1,,,,,AI_PCA|1|None|None|None|None,test,ok,,0.9375,0.9375,0,48,16,128,19.0,19.0,0.9510151799395772,,
capgmyo,11,789,LE_PCA,3,,,,,LE_PCA|3|None|None|None|None,test,ok,,1.0,1.0,1,48,16,128,19.0,19.0,0.9510151799395772,,
capgmyo,12,789,AI_PCA,1,,,,,AI_PCA|1|None|None|None|None,test,ok,,0.9375,0.9375,0,48,16,128,39.0,39.0,0.951765609348582,,
capgmyo,12,789,LE_PCA,3,,,,,LE_PCA|3|None|None|None|None,test,ok,,0.875,0.875,1,48,16,128,39.0,39.0,0.951765609348582,,
capgmyo,13,789,AI_PCA,1,,,,,AI_PCA|1|None|None|None|None,test,ok,,1.0,1.0,0,48,16,128,23.0,23.0,0.9540225936755612,,
capgmyo,13,789,LE_PCA,3,,,,,LE_PCA|3|None|None|None|None,test,ok,,1.0,1.0,1,48,16,128,23.0,23.0,0.9540225936755612,,
capgmyo,14,789,AI_PCA,1,,,,,AI_PCA|1|None|None|None|None,test,ok,,0.625,0.625,0,48,16,128,63.0,70.0,0.9336830999477792,,
capgmyo,14,789,LE_PCA,3,,,,,LE_PCA|3|None|None|None|None,test,ok,,0.8125,0.8125,1,48,16,128,63.0,70.0,0.9336830999477792,,
capgmyo,15,789,AI_PCA,1,,,,,AI_PCA|1|None|None|None|None,test,ok,,0.875,0.875,0,48,16,128,30.0,30.0,0.9500281833733336,,
capgmyo,15,789,LE_PCA,3,,,,,LE_PCA|3|None|None|None|None,test,ok,,0.875,0.875,1,48,16,128,30.0,30.0,0.9500281833733336,,
capgmyo,16,789,AI_PCA,1,,,,,AI_PCA|1|None|None|None|None,test,ok,,0.9375,0.9375,0,48,16,128,33.0,33.0,0.9525009411051452,,
capgmyo,16,789,LE_PCA,3,,,,,LE_PCA|3|None|None|None|None,test,ok,,1.0,1.0,1,48,16,128,33.0,33.0,0.9525009411051452,,
capgmyo,17,789,AI_PCA,1,,,,,AI_PCA|1|None|None|None|None,test,ok,,1.0,1.0,0,48,16,127,63.0,66.0,0.9448965457823856,,
capgmyo,17,789,LE_PCA,3,,,,,LE_PCA|3|None|None|None|None,test,ok,,1.0,1.0,1,48,16,127,63.0,66.0,0.9448965457823856,,
capgmyo,18,789,AI_PCA,1,,,,,AI_PCA|1|None|None|None|None,test,ok,,0.875,0.875,0,48,16,128,34.0,34.0,0.9515895429925704,,
capgmyo,18,789,LE_PCA,3,,,,,LE_PCA|3|None|None|None|None,test,ok,,0.9375,0.9375,1,48,16,128,34.0,34.0,0.9515895429925704,,
capgmyo,1,2022,AI_PCA,5,,,,,AI_PCA|5|None|None|None|None,test,ok,,1.0,1.0,0,48,16,128,62.0,62.0,0.9514843890935416,,
capgmyo,1,2022,LE_PCA,5,,,,,LE_PCA|5|None|None|None|None,test,ok,,1.0,1.0,1,48,16,128,62.0,62.0,0.9514843890935416,,
capgmyo,2,2022,AI_PCA,5,,,,,AI_PCA|5|None|None|None|None,test,ok,,0.9375,0.9375,0,48,16,128,40.0,40.0,0.952566550231908,,
capgmyo,2,2022,LE_PCA,5,,,,,LE_PCA|5|None|None|None|None,test,ok,,0.9375,0.9375,1,48,16,128,40.0,40.0,0.952566550231908,,
capgmyo,3,2022,AI_PCA,5,,,,,AI_PCA|5|None|None|None|None,test,ok,,0.875,0.875,0,48,16,128,26.0,26.0,0.9511468408621926,,
capgmyo,3,2022,LE_PCA,5,,,,,LE_PCA|5|None|None|None|None,test,ok,,0.8125,0.8125,1,48,16,128,26.0,26.0,0.9511468408621926,,
capgmyo,4,2022,AI_PCA,5,,,,,AI_PCA|5|None|None|None|None,test,ok,,0.8125,0.8125,0,48,16,128,39.0,39.0,0.9508730865062848,,
capgmyo,4,2022,LE_PCA,5,,,,,LE_PCA|5|None|None|None|None,test,ok,,0.8125,0.8125,1,48,16,128,39.0,39.0,0.9508730865062848,,
capgmyo,5,2022,AI_PCA,5,,,,,AI_PCA|5|None|None|None|None,test,ok,,0.875,0.875,0,48,16,128,29.0,29.0,0.9521406145453648,,
capgmyo,5,2022,LE_PCA,5,,,,,LE_PCA|5|None|None|None|None,test,ok,,0.9375,0.9375,1,48,16,128,29.0,29.0,0.9521406145453648,,
capgmyo,6,2022,AI_PCA,5,,,,,AI_PCA|5|None|None|None|None,test,ok,,1.0,1.0,0,48,16,128,45.0,45.0,0.9510161066946324,,
capgmyo,6,2022,LE_PCA,5,,,,,LE_PCA|5|None|None|None|None,test,ok,,1.0,1.0,1,48,16,128,45.0,45.0,0.9510161066946324,,
capgmyo,7,2022,AI_PCA,5,,,,,AI_PCA|5|None|None|None|None,test,ok,,0.75,0.75,0,48,16,128,63.0,71.0,0.929240194681032,,
capgmyo,7,2022,LE_PCA,5,,,,,LE_PCA|5|None|None|None|None,test,ok,,0.75,0.75,1,48,16,128,63.0,71.0,0.929240194681032,,
capgmyo,8,2022,AI_PCA,5,,,,,AI_PCA|5|None|None|None|None,test,ok,,1.0,1.0,0,48,16,128,38.0,38.0,0.9514425065146148,,
capgmyo,8,2022,LE_PCA,5,,,,,LE_PCA|5|None|None|None|None,test,ok,,1.0,1.0,1,48,16,128,38.0,38.0,0.9514425065146148,,
capgmyo,9,2022,AI_PCA,5,,,,,AI_PCA|5|None|None|None|None,test,ok,,0.9375,0.9375,0,48,16,128,33.0,33.0,0.950842420899902,,
capgmyo,9,2022,LE_PCA,5,,,,,LE_PCA|5|None|None|None|None,test,ok,,0.9375,0.9375,1,48,16,128,33.0,33.0,0.950842420899902,,
capgmyo,10,2022,AI_PCA,5,,,,,AI_PCA|5|None|None|None|None,test,ok,,0.9375,0.9375,0,48,16,128,34.0,34.0,0.9522622240137952,,
capgmyo,10,2022,LE_PCA,5,,,,,LE_PCA|5|None|None|None|None,test,ok,,0.9375,0.9375,1,48,16,128,34.0,34.0,0.9522622240137952,,
capgmyo,11,2022,AI_PCA,5,,,,,AI_PCA|5|None|None|None|None,test,ok,,0.8125,0.8125,0,48,16,128,19.0,19.0,0.952273367622847,,
capgmyo,11,2022,LE_PCA,5,,,,,LE_PCA|5|None|None|None|None,test,ok,,0.875,0.875,1,48,16,128,19.0,19.0,0.952273367622847,,
capgmyo,12,2022,AI_PCA,5,,,,,AI_PCA|5|None|None|None|None,test,ok,,1.0,1.0,0,48,16,128,38.0,38.0,0.9507190803368668,,
capgmyo,12,2022,LE_PCA,5,,,,,LE_PCA|5|None|None|None|None,test,ok,,0.875,0.875,1,48,16,128,38.0,38.0,0.9507190803368668,,
capgmyo,13,2022,AI_PCA,5,,,,,AI_PCA|5|None|None|None|None,test,ok,,0.9375,0.9375,0,48,16,128,23.0,23.0,0.9529370847285696,,
capgmyo,13,2022,LE_PCA,5,,,,,LE_PCA|5|None|None|None|None,test,ok,,0.9375,0.9375,1,48,16,128,23.0,23.0,0.9529370847285696,,
capgmyo,14,2022,AI_PCA,5,,,,,AI_PCA|5|None|None|None|None,test,ok,,0.8125,0.8125,0,48,16,128,63.0,69.0,0.9346181055254188,,
capgmyo,14,2022,LE_PCA,5,,,,,LE_PCA|5|None|None|None|None,test,ok,,0.875,0.875,1,48,16,128,63.0,69.0,0.9346181055254188,,
capgmyo,15,2022,AI_PCA,5,,,,,AI_PCA|5|None|None|None|None,test,ok,,0.875,0.875,0,48,16,128,31.0,31.0,0.9516016811119736,,
capgmyo,15,2022,LE_PCA,5,,,,,LE_PCA|5|None|None|None|None,test,ok,,0.875,0.875,1,48,16,128,31.0,31.0,0.9516016811119736,,
capgmyo,16,2022,AI_PCA,5,,,,,AI_PCA|5|None|None|None|None,test,ok,,0.8125,0.8125,0,48,16,128,33.0,33.0,0.9510782726349836,,
capgmyo,16,2022,LE_PCA,5,,,,,LE_PCA|5|None|None|None|None,test,ok,,0.75,0.75,1,48,16,128,33.0,33.0,0.9510782726349836,,
capgmyo,17,2022,AI_PCA,5,,,,,AI_PCA|5|None|None|None|None,test,ok,,1.0,1.0,0,48,16,127,63.0,66.0,0.9448534766646772,,
capgmyo,17,2022,LE_PCA,5,,,,,LE_PCA|5|None|None|None|None,test,ok,,1.0,1.0,1,48,16,127,63.0,66.0,0.9448534766646772,,
capgmyo,18,2022,AI_PCA,5,,,,,AI_PCA|5|None|None|None|None,test,ok,,0.8125,0.8125,0,48,16,128,34.0,34.0,0.9514916069597475,,
capgmyo,18,2022,LE_PCA,5,,,,,LE_PCA|5|None|None|None|None,test,ok,,0.8125,0.8125,1,48,16,128,34.0,34.0,0.9514916069597475,,
capgmyo,1,31415,AI_PCA,5,,,,,AI_PCA|5|None|None|None|None,test,ok,,1.0,1.0,0,48,16,128,62.0,62.0,0.9522878310644942,,
capgmyo,1,31415,LE_PCA,3,,,,,LE_PCA|3|None|None|None|None,test,ok,,1.0,1.0,1,48,16,128,62.0,62.0,0.9522878310644942,,
capgmyo,2,31415,AI_PCA,5,,,,,AI_PCA|5|None|None|None|None,test,ok,,1.0,1.0,0,48,16,128,40.0,40.0,0.9522436914816812,,
capgmyo,2,31415,LE_PCA,3,,,,,LE_PCA|3|None|None|None|None,test,ok,,1.0,1.0,1,48,16,128,40.0,40.0,0.9522436914816812,,
capgmyo,3,31415,AI_PCA,5,,,,,AI_PCA|5|None|None|None|None,test,ok,,0.9375,0.9375,0,48,16,128,41.0,41.0,0.9506074036487528,,
capgmyo,3,31415,LE_PCA,3,,,,,LE_PCA|3|None|None|None|None,test,ok,,0.9375,0.9375,1,48,16,128,41.0,41.0,0.9506074036487528,,
capgmyo,4,31415,AI_PCA,5,,,,,AI_PCA|5|None|None|None|None,test,ok,,0.75,0.75,0,48,16,128,40.0,40.0,0.9520504744011636,,
capgmyo,4,31415,LE_PCA,3,,,,,LE_PCA|3|None|None|None|None,test,ok,,0.8125,0.8125,1,48,16,128,40.0,40.0,0.9520504744011636,,
capgmyo,5,31415,AI_PCA,5,,,,,AI_PCA|5|None|None|None|None,test,ok,,0.875,0.875,0,48,16,128,29.0,29.0,0.9525511552060024,,
capgmyo,5,31415,LE_PCA,3,,,,,LE_PCA|3|None|None|None|None,test,ok,,0.8125,0.8125,1,48,16,128,29.0,29.0,0.9525511552060024,,
capgmyo,6,31415,AI_PCA,5,,,,,AI_PCA|5|None|None|None|None,test,ok,,1.0,1.0,0,48,16,128,45.0,45.0,0.9519325041866,,
capgmyo,6,31415,LE_PCA,3,,,,,LE_PCA|3|None|None|None|None,test,ok,,1.0,1.0,1,48,16,128,45.0,45.0,0.9519325041866,,
capgmyo,7,31415,AI_PCA,5,,,,,AI_PCA|5|None|None|None|None,test,ok,,0.5625,0.5625,0,48,16,128,63.0,71.0,0.930536587732578,,
capgmyo,7,31415,LE_PCA,3,,,,,LE_PCA|3|None|None|None|None,test,ok,,0.5625,0.5625,1,48,16,128,63.0,71.0,0.930536587732578,,
capgmyo,8,31415,AI_PCA,5,,,,,AI_PCA|5|None|None|None|None,test,ok,,0.9375,0.9375,0,48,16,128,38.0,38.0,0.9511539093943252,,
capgmyo,8,31415,LE_PCA,3,,,,,LE_PCA|3|None|None|None|None,test,ok,,0.9375,0.9375,1,48,16,128,38.0,38.0,0.9511539093943252,,
capgmyo,9,31415,AI_PCA,5,,,,,AI_PCA|5|None|None|None|None,test,ok,,1.0,1.0,0,48,16,128,33.0,33.0,0.9503283227058368,,
capgmyo,9,31415,LE_PCA,3,,,,,LE_PCA|3|None|None|None|None,test,ok,,0.875,0.875,1,48,16,128,33.0,33.0,0.9503283227058368,,
capgmyo,10,31415,AI_PCA,5,,,,,AI_PCA|5|None|None|None|None,test,ok,,1.0,1.0,0,48,16,128,33.0,33.0,0.9523839852080238,,
capgmyo,10,31415,LE_PCA,3,,,,,LE_PCA|3|None|None|None|None,test,ok,,0.9375,0.9375,1,48,16,128,33.0,33.0,0.9523839852080238,,
capgmyo,11,31415,AI_PCA,5,,,,,AI_PCA|5|None|None|None|None,test,ok,,1.0,1.0,0,48,16,128,19.0,19.0,0.9507989740238312,,
capgmyo,11,31415,LE_PCA,3,,,,,LE_PCA|3|None|None|None|None,test,ok,,0.9375,0.9375,1,48,16,128,19.0,19.0,0.9507989740238312,,
capgmyo,12,31415,AI_PCA,5,,,,,AI_PCA|5|None|None|None|None,test,ok,,0.875,0.875,0,48,16,128,38.0,38.0,0.9523444344750736,,
capgmyo,12,31415,LE_PCA,3,,,,,LE_PCA|3|None|None|None|None,test,ok,,0.9375,0.9375,1,48,16,128,38.0,38.0,0.9523444344750736,,
capgmyo,13,31415,AI_PCA,5,,,,,AI_PCA|5|None|None|None|None,test,ok,,0.8125,0.8125,0,48,16,128,23.0,23.0,0.9545510974444952,,
capgmyo,13,31415,LE_PCA,3,,,,,LE_PCA|3|None|None|None|None,test,ok,,0.875,0.875,1,48,16,128,23.0,23.0,0.9545510974444952,,
capgmyo,14,31415,AI_PCA,5,,,,,AI_PCA|5|None|None|None|None,test,ok,,0.8125,0.8125,0,48,16,128,63.0,69.0,0.9352569577865804,,
capgmyo,14,31415,LE_PCA,3,,,,,LE_PCA|3|None|None|None|None,test,ok,,0.875,0.875,1,48,16,128,63.0,69.0,0.9352569577865804,,
capgmyo,15,31415,AI_PCA,5,,,,,AI_PCA|5|None|None|None|None,test,ok,,0.9375,0.9375,0,48,16,128,31.0,31.0,0.9508892400462504,,
capgmyo,15,31415,LE_PCA,3,,,,,LE_PCA|3|None|None|None|None,test,ok,,0.9375,0.9375,1,48,16,128,31.0,31.0,0.9508892400462504,,
capgmyo,16,31415,AI_PCA,5,,,,,AI_PCA|5|None|None|None|None,test,ok,,0.8125,0.8125,0,48,16,128,33.0,33.0,0.9508093955384146,,
capgmyo,16,31415,LE_PCA,3,,,,,LE_PCA|3|None|None|None|None,test,ok,,0.75,0.75,1,48,16,128,33.0,33.0,0.9508093955384146,,
capgmyo,17,31415,AI_PCA,5,,,,,AI_PCA|5|None|None|None|None,test,ok,,0.9375,0.9375,0,48,16,127,63.0,65.0,0.9453214066766809,,
capgmyo,17,31415,LE_PCA,3,,,,,LE_PCA|3|None|None|None|None,test,ok,,0.9375,0.9375,1,48,16,127,63.0,65.0,0.9453214066766809,,
capgmyo,18,31415,AI_PCA,5,,,,,AI_PCA|5|None|None|None|None,test,ok,,0.9375,0.9375,0,48,16,128,34.0,34.0,0.9512733580695948,,
capgmyo,18,31415,LE_PCA,3,,,,,LE_PCA|3|None|None|None|None,test,ok,,0.9375,0.9375,1,48,16,128,34.0,34.0,0.9512733580695948,,
capgmyo,1,27182,AI_PCA,1,,,,,AI_PCA|1|None|None|None|None,test,ok,,1.0,1.0,0,48,16,128,61.0,61.0,0.9508222400121192,,
capgmyo,1,27182,LE_PCA,1,,,,,LE_PCA|1|None|None|None|None,test,ok,,1.0,1.0,1,48,16,128,61.0,61.0,0.9508222400121192,,
capgmyo,2,27182,AI_PCA,1,,,,,AI_PCA|1|None|None|None|None,test,ok,,0.875,0.875,0,48,16,128,40.0,40.0,0.95253240537171,,
capgmyo,2,27182,LE_PCA,1,,,,,LE_PCA|1|None|None|None|None,test,ok,,0.8125,0.8125,1,48,16,128,40.0,40.0,0.95253240537171,,
capgmyo,3,27182,AI_PCA,1,,,,,AI_PCA|1|None|None|None|None,test,ok,,0.9375,0.9375,0,48,16,128,27.0,27.0,0.950911985239911,,
capgmyo,3,27182,LE_PCA,1,,,,,LE_PCA|1|None|None|None|None,test,ok,,0.9375,0.9375,1,48,16,128,27.0,27.0,0.950911985239911,,
capgmyo,4,27182,AI_PCA,1,,,,,AI_PCA|1|None|None|None|None,test,ok,,0.9375,0.9375,0,48,16,128,40.0,40.0,0.951665214500604,,
capgmyo,4,27182,LE_PCA,1,,,,,LE_PCA|1|None|None|None|None,test,ok,,0.9375,0.9375,1,48,16,128,40.0,40.0,0.951665214500604,,
capgmyo,5,27182,AI_PCA,1,,,,,AI_PCA|1|None|None|None|None,test,ok,,0.8125,0.8125,0,48,16,128,29.0,29.0,0.9527363499086768,,
capgmyo,5,27182,LE_PCA,1,,,,,LE_PCA|1|None|None|None|None,test,ok,,0.6875,0.6875,1,48,16,128,29.0,29.0,0.9527363499086768,,
capgmyo,6,27182,AI_PCA,1,,,,,AI_PCA|1|None|None|None|None,test,ok,,1.0,1.0,0,48,16,128,44.0,44.0,0.9512078577434228,,
capgmyo,6,27182,LE_PCA,1,,,,,LE_PCA|1|None|None|None|None,test,ok,,1.0,1.0,1,48,16,128,44.0,44.0,0.9512078577434228,,
capgmyo,7,27182,AI_PCA,1,,,,,AI_PCA|1|None|None|None|None,test,ok,,0.75,0.75,0,48,16,128,63.0,71.0,0.9297803238228308,,
capgmyo,7,27182,LE_PCA,1,,,,,LE_PCA|1|None|None|None|None,test,ok,,0.75,0.75,1,48,16,128,63.0,71.0,0.9297803238228308,,
capgmyo,8,27182,AI_PCA,1,,,,,AI_PCA|1|None|None|None|None,test,ok,,0.9375,0.9375,0,48,16,128,38.0,38.0,0.9514628891505345,,
capgmyo,8,27182,LE_PCA,1,,,,,LE_PCA|1|None|None|None|None,test,ok,,0.9375,0.9375,1,48,16,128,38.0,38.0,0.9514628891505345,,
capgmyo,9,27182,AI_PCA,1,,,,,AI_PCA|1|None|None|None|None,test,ok,,1.0,1.0,0,48,16,128,33.0,33.0,0.9513158546501423,,
capgmyo,9,27182,LE_PCA,1,,,,,LE_PCA|1|None|None|None|None,test,ok,,1.0,1.0,1,48,16,128,33.0,33.0,0.9513158546501423,,
capgmyo,10,27182,AI_PCA,1,,,,,AI_PCA|1|None|None|None|None,test,ok,,0.9375,0.9375,0,48,16,128,33.0,33.0,0.9521548053107138,,
capgmyo,10,27182,LE_PCA,1,,,,,LE_PCA|1|None|None|None|None,test,ok,,0.8125,0.8125,1,48,16,128,33.0,33.0,0.9521548053107138,,
capgmyo,11,27182,AI_PCA,1,,,,,AI_PCA|1|None|None|None|None,test,ok,,1.0,1.0,0,48,16,128,19.0,19.0,0.9542355747188608,,
capgmyo,11,27182,LE_PCA,1,,,,,LE_PCA|1|None|None|None|None,test,ok,,0.9375,0.9375,1,48,16,128,19.0,19.0,0.9542355747188608,,
capgmyo,12,27182,AI_PCA,1,,,,,AI_PCA|1|None|None|None|None,test,ok,,0.8125,0.8125,0,48,16,128,38.0,38.0,0.9507485749604508,,
capgmyo,12,27182,LE_PCA,1,,,,,LE_PCA|1|None|None|None|None,test,ok,,0.9375,0.9375,1,48,16,128,38.0,38.0,0.9507485749604508,,
capgmyo,13,27182,AI_PCA,1,,,,,AI_PCA|1|None|None|None|None,test,ok,,1.0,1.0,0,48,16,128,23.0,23.0,0.9530253913521796,,
capgmyo,13,27182,LE_PCA,1,,,,,LE_PCA|1|None|None|None|None,test,ok,,1.0,1.0,1,48,16,128,23.0,23.0,0.9530253913521796,,
capgmyo,14,27182,AI_PCA,1,,,,,AI_PCA|1|None|None|None|None,test,ok,,0.8125,0.8125,0,48,16,128,63.0,69.0,0.9351700566465228,,
capgmyo,14,27182,LE_PCA,1,,,,,LE_PCA|1|None|None|None|None,test,ok,,0.8125,0.8125,1,48,16,128,63.0,69.0,0.9351700566465228,,
capgmyo,15,27182,AI_PCA,1,,,,,AI_PCA|1|None|None|None|None,test,ok,,0.9375,0.9375,0,48,16,128,30.0,30.0,0.9505607823838658,,
capgmyo,15,27182,LE_PCA,1,,,,,LE_PCA|1|None|None|None|None,test,ok,,0.9375,0.9375,1,48,16,128,30.0,30.0,0.9505607823838658,,
capgmyo,16,27182,AI_PCA,1,,,,,AI_PCA|1|None|None|None|None,test,ok,,1.0,1.0,0,48,16,128,33.0,33.0,0.95184912735544,,
capgmyo,16,27182,LE_PCA,1,,,,,LE_PCA|1|None|None|None|None,test,ok,,0.9375,0.9375,1,48,16,128,33.0,33.0,0.95184912735544,,
capgmyo,17,27182,AI_PCA,1,,,,,AI_PCA|1|None|None|None|None,test,ok,,1.0,1.0,0,48,16,127,63.0,66.0,0.9440373565835884,,
capgmyo,17,27182,LE_PCA,1,,,,,LE_PCA|1|None|None|None|None,test,ok,,0.9375,0.9375,1,48,16,127,63.0,66.0,0.9440373565835884,,
capgmyo,18,27182,AI_PCA,1,,,,,AI_PCA|1|None|None|None|None,test,ok,,1.0,1.0,0,48,16,128,34.0,34.0,0.9518290881671072,,
capgmyo,18,27182,LE_PCA,1,,,,,LE_PCA|1|None|None|None|None,test,ok,,1.0,1.0,1,48,16,128,34.0,34.0,0.9518290881671072,,
capgmyo,1,8675309,AI_PCA,1,,,,,AI_PCA|1|None|None|None|None,test,ok,,1.0,1.0,0,48,16,128,62.0,62.0,0.9501785760040836,,
capgmyo,1,8675309,LE_PCA,3,,,,,LE_PCA|3|None|None|None|None,test,ok,,1.0,1.0,1,48,16,128,62.0,62.0,0.9501785760040836,,
capgmyo,2,8675309,AI_PCA,1,,,,,AI_PCA|1|None|None|None|None,test,ok,,1.0,1.0,0,48,16,128,40.0,40.0,0.9520716301574982,,
capgmyo,2,8675309,LE_PCA,3,,,,,LE_PCA|3|None|None|None|None,test,ok,,1.0,1.0,1,48,16,128,40.0,40.0,0.9520716301574982,,
capgmyo,3,8675309,AI_PCA,1,,,,,AI_PCA|1|None|None|None|None,test,ok,,0.9375,0.9375,0,48,16,128,26.0,26.0,0.9521341414432418,,
capgmyo,3,8675309,LE_PCA,3,,,,,LE_PCA|3|None|None|None|None,test,ok,,0.9375,0.9375,1,48,16,128,26.0,26.0,0.9521341414432418,,
capgmyo,4,8675309,AI_PCA,1,,,,,AI_PCA|1|None|None|None|None,test,ok,,0.9375,0.9375,0,48,16,128,39.0,39.0,0.9525174329948828,,
capgmyo,4,8675309,LE_PCA,3,,,,,LE_PCA|3|None|None|None|None,test,ok,,0.625,0.625,1,48,16,128,39.0,39.0,0.9525174329948828,,
capgmyo,5,8675309,AI_PCA,1,,,,,AI_PCA|1|None|None|None|None,test,ok,,0.8125,0.8125,0,48,16,128,29.0,29.0,0.9507164120187372,,
capgmyo,5,8675309,LE_PCA,3,,,,,LE_PCA|3|None|None|None|None,test,ok,,0.9375,0.9375,1,48,16,128,29.0,29.0,0.9507164120187372,,
capgmyo,6,8675309,AI_PCA,1,,,,,AI_PCA|1|None|None|None|None,test,ok,,1.0,1.0,0,48,16,128,45.0,45.0,0.9518848337577483,,
capgmyo,6,8675309,LE_PCA,3,,,,,LE_PCA|3|None|None|None|None,test,ok,,1.0,1.0,1,48,16,128,45.0,45.0,0.9518848337577483,,
capgmyo,7,8675309,AI_PCA,1,,,,,AI_PCA|1|None|None|None|None,test,ok,,0.875,0.875,0,48,16,128,63.0,71.0,0.9297799445783324,,
capgmyo,7,8675309,LE_PCA,3,,,,,LE_PCA|3|None|None|None|None,test,ok,,0.75,0.75,1,48,16,128,63.0,71.0,0.9297799445783324,,
capgmyo,8,8675309,AI_PCA,1,,,,,AI_PCA|1|None|None|None|None,test,ok,,0.9375,0.9375,0,48,16,128,38.0,38.0,0.9506311351551148,,
capgmyo,8,8675309,LE_PCA,3,,,,,LE_PCA|3|None|None|None|None,test,ok,,0.9375,0.9375,1,48,16,128,38.0,38.0,0.9506311351551148,,
capgmyo,9,8675309,AI_PCA,1,,,,,AI_PCA|1|None|None|None|None,test,ok,,1.0,1.0,0,48,16,128,33.0,33.0,0.9513917750238604,,
capgmyo,9,8675309,LE_PCA,3,,,,,LE_PCA|3|None|None|None|None,test,ok,,1.0,1.0,1,48,16,128,33.0,33.0,0.9513917750238604,,
capgmyo,10,8675309,AI_PCA,1,,,,,AI_PCA|1|None|None|None|None,test,ok,,0.9375,0.9375,0,48,16,128,34.0,34.0,0.9522234873535458,,
capgmyo,10,8675309,LE_PCA,3,,,,,LE_PCA|3|None|None|None|None,test,ok,,1.0,1.0,1,48,16,128,34.0,34.0,0.9522234873535458,,
capgmyo,11,8675309,AI_PCA,1,,,,,AI_PCA|1|None|None|None|None,test,ok,,1.0,1.0,0,48,16,128,20.0,20.0,0.9543739030262542,,
capgmyo,11,8675309,LE_PCA,3,,,,,LE_PCA|3|None|None|None|None,test,ok,,0.9375,0.9375,1,48,16,128,20.0,20.0,0.9543739030262542,,
capgmyo,12,8675309,AI_PCA,1,,,,,AI_PCA|1|None|None|None|None,test,ok,,0.875,0.875,0,48,16,128,38.0,38.0,0.9511150408373024,,
capgmyo,12,8675309,LE_PCA,3,,,,,LE_PCA|3|None|None|None|None,test,ok,,0.9375,0.9375,1,48,16,128,38.0,38.0,0.9511150408373024,,
capgmyo,13,8675309,AI_PCA,1,,,,,AI_PCA|1|None|None|None|None,test,ok,,0.875,0.875,0,48,16,128,23.0,23.0,0.9532521393733046,,
capgmyo,13,8675309,LE_PCA,3,,,,,LE_PCA|3|None|None|None|None,test,ok,,0.8125,0.8125,1,48,16,128,23.0,23.0,0.9532521393733046,,
capgmyo,14,8675309,AI_PCA,1,,,,,AI_PCA|1|None|None|None|None,test,ok,,0.9375,0.9375,0,48,16,128,63.0,69.0,0.9349507545944772,,
capgmyo,14,8675309,LE_PCA,3,,,,,LE_PCA|3|None|None|None|None,test,ok,,0.875,0.875,1,48,16,128,63.0,69.0,0.9349507545944772,,
capgmyo,15,8675309,AI_PCA,1,,,,,AI_PCA|1|None|None|None|None,test,ok,,0.875,0.875,0,48,16,128,32.0,32.0,0.9514841370026768,,
capgmyo,15,8675309,LE_PCA,3,,,,,LE_PCA|3|None|None|None|None,test,ok,,0.875,0.875,1,48,16,128,32.0,32.0,0.9514841370026768,,
capgmyo,16,8675309,AI_PCA,1,,,,,AI_PCA|1|None|None|None|None,test,ok,,0.9375,0.9375,0,48,16,128,33.0,33.0,0.9519557074658062,,
capgmyo,16,8675309,LE_PCA,3,,,,,LE_PCA|3|None|None|None|None,test,ok,,0.875,0.875,1,48,16,128,33.0,33.0,0.9519557074658062,,
capgmyo,17,8675309,AI_PCA,1,,,,,AI_PCA|1|None|None|None|None,test,ok,,0.9375,0.9375,0,48,16,127,63.0,66.0,0.9439798948522996,,
capgmyo,17,8675309,LE_PCA,3,,,,,LE_PCA|3|None|None|None|None,test,ok,,0.9375,0.9375,1,48,16,127,63.0,66.0,0.9439798948522996,,
capgmyo,18,8675309,AI_PCA,1,,,,,AI_PCA|1|None|None|None|None,test,ok,,0.9375,0.9375,0,48,16,128,34.0,34.0,0.951354769375978,,
capgmyo,18,8675309,LE_PCA,3,,,,,LE_PCA|3|None|None|None|None,test,ok,,0.875,0.875,1,48,16,128,34.0,34.0,0.951354769375978,,
capgmyo,1,104729,AI_PCA,5,,,,,AI_PCA|5|None|None|None|None,test,ok,,1.0,1.0,0,48,16,128,63.0,64.0,0.9483328923689393,,
capgmyo,1,104729,LE_PCA,3,,,,,LE_PCA|3|None|None|None|None,test,ok,,1.0,1.0,1,48,16,128,63.0,64.0,0.9483328923689393,,
capgmyo,2,104729,AI_PCA,5,,,,,AI_PCA|5|None|None|None|None,test,ok,,0.9375,0.9375,0,48,16,128,39.0,39.0,0.950148095569635,,
capgmyo,2,104729,LE_PCA,3,,,,,LE_PCA|3|None|None|None|None,test,ok,,0.9375,0.9375,1,48,16,128,39.0,39.0,0.950148095569635,,
capgmyo,3,104729,AI_PCA,5,,,,,AI_PCA|5|None|None|None|None,test,ok,,1.0,1.0,0,48,16,128,44.0,44.0,0.950699169410886,,
capgmyo,3,104729,LE_PCA,3,,,,,LE_PCA|3|None|None|None|None,test,ok,,1.0,1.0,1,48,16,128,44.0,44.0,0.950699169410886,,
capgmyo,4,104729,AI_PCA,5,,,,,AI_PCA|5|None|None|None|None,test,ok,,0.625,0.625,0,48,16,128,40.0,40.0,0.9516818221184647,,
capgmyo,4,104729,LE_PCA,3,,,,,LE_PCA|3|None|None|None|None,test,ok,,0.8125,0.8125,1,48,16,128,40.0,40.0,0.9516818221184647,,
capgmyo,5,104729,AI_PCA,5,,,,,AI_PCA|5|None|None|None|None,test,ok,,0.875,0.875,0,48,16,128,29.0,29.0,0.9522968344193784,,
capgmyo,5,104729,LE_PCA,3,,,,,LE_PCA|3|None|None|None|None,test,ok,,0.8125,0.8125,1,48,16,128,29.0,29.0,0.9522968344193784,,
capgmyo,6,104729,AI_PCA,5,,,,,AI_PCA|5|None|None|None|None,test,ok,,0.9375,0.9375,0,48,16,128,44.0,44.0,0.951669884343988,,
capgmyo,6,104729,LE_PCA,3,,,,,LE_PCA|3|None|None|None|None,test,ok,,0.9375,0.9375,1,48,16,128,44.0,44.0,0.951669884343988,,
capgmyo,7,104729,AI_PCA,5,,,,,AI_PCA|5|None|None|None|None,test,ok,,0.8125,0.8125,0,48,16,128,63.0,70.0,0.931140459364591,,
capgmyo,7,104729,LE_PCA,3,,,,,LE_PCA|3|None|None|None|None,test,ok,,0.8125,0.8125,1,48,16,128,63.0,70.0,0.931140459364591,,
capgmyo,8,104729,AI_PCA,5,,,,,AI_PCA|5|None|None|None|None,test,ok,,0.9375,0.9375,0,48,16,128,38.0,38.0,0.9513439498380144,,
capgmyo,8,104729,LE_PCA,3,,,,,LE_PCA|3|None|None|None|None,test,ok,,0.9375,0.9375,1,48,16,128,38.0,38.0,0.9513439498380144,,
capgmyo,9,104729,AI_PCA,5,,,,,AI_PCA|5|None|None|None|None,test,ok,,0.875,0.875,0,48,16,128,33.0,33.0,0.9509246507237458,,
capgmyo,9,104729,LE_PCA,3,,,,,LE_PCA|3|None|None|None|None,test,ok,,0.875,0.875,1,48,16,128,33.0,33.0,0.9509246507237458,,
capgmyo,10,104729,AI_PCA,5,,,,,AI_PCA|5|None|None|None|None,test,ok,,0.9375,0.9375,0,48,16,128,32.0,32.0,0.951680803081074,,
capgmyo,10,104729,LE_PCA,3,,,,,LE_PCA|3|None|None|None|None,test,ok,,0.875,0.875,1,48,16,128,32.0,32.0,0.951680803081074,,
capgmyo,11,104729,AI_PCA,5,,,,,AI_PCA|5|None|None|None|None,test,ok,,1.0,1.0,0,48,16,128,19.0,19.0,0.953583577185853,,
capgmyo,11,104729,LE_PCA,3,,,,,LE_PCA|3|None|None|None|None,test,ok,,1.0,1.0,1,48,16,128,19.0,19.0,0.953583577185853,,
capgmyo,12,104729,AI_PCA,5,,,,,AI_PCA|5|None|None|None|None,test,ok,,0.9375,0.9375,0,48,16,128,38.0,38.0,0.9503723505824432,,
capgmyo,12,104729,LE_PCA,3,,,,,LE_PCA|3|None|None|None|None,test,ok,,0.875,0.875,1,48,16,128,38.0,38.0,0.9503723505824432,,
capgmyo,13,104729,AI_PCA,5,,,,,AI_PCA|5|None|None|None|None,test,ok,,0.875,0.875,0,48,16,128,23.0,23.0,0.9536960394072818,,
capgmyo,13,104729,LE_PCA,3,,,,,LE_PCA|3|None|None|None|None,test,ok,,0.9375,0.9375,1,48,16,128,23.0,23.0,0.9536960394072818,,
capgmyo,14,104729,AI_PCA,5,,,,,AI_PCA|5|None|None|None|None,test,ok,,0.9375,0.9375,0,48,16,128,63.0,69.0,0.9350041170269404,,
capgmyo,14,104729,LE_PCA,3,,,,,LE_PCA|3|None|None|None|None,test,ok,,0.875,0.875,1,48,16,128,63.0,69.0,0.9350041170269404,,
capgmyo,15,104729,AI_PCA,5,,,,,AI_PCA|5|None|None|None|None,test,ok,,0.8125,0.8125,0,48,16,128,30.0,30.0,0.9500538506029904,,
capgmyo,15,104729,LE_PCA,3,,,,,LE_PCA|3|None|None|None|None,test,ok,,0.9375,0.9375,1,48,16,128,30.0,30.0,0.9500538506029904,,
capgmyo,16,104729,AI_PCA,5,,,,,AI_PCA|5|None|None|None|None,test,ok,,0.875,0.875,0,48,16,128,33.0,33.0,0.9508290763154076,,
capgmyo,16,104729,LE_PCA,3,,,,,LE_PCA|3|None|None|None|None,test,ok,,0.875,0.875,1,48,16,128,33.0,33.0,0.9508290763154076,,
capgmyo,17,104729,AI_PCA,5,,,,,AI_PCA|5|None|None|None|None,test,ok,,0.9375,0.9375,0,48,16,127,63.0,66.0,0.944883636325904,,
capgmyo,17,104729,LE_PCA,3,,,,,LE_PCA|3|None|None|None|None,test,ok,,0.9375,0.9375,1,48,16,127,63.0,66.0,0.944883636325904,,
capgmyo,18,104729,AI_PCA,5,,,,,AI_PCA|5|None|None|None|None,test,ok,,0.875,0.875,0,48,16,128,34.0,34.0,0.9509782279821536,,
capgmyo,18,104729,LE_PCA,3,,,,,LE_PCA|3|None|None|None|None,test,ok,,0.875,0.875,1,48,16,128,34.0,34.0,0.9509782279821536,,
capgmyo,1,99991,AI_PCA,5,,,,,AI_PCA|5|None|None|None|None,test,ok,,0.9375,0.9375,0,48,16,128,63.0,64.0,0.9484132584216202,,
capgmyo,1,99991,LE_PCA,5,,,,,LE_PCA|5|None|None|None|None,test,ok,,1.0,1.0,1,48,16,128,63.0,64.0,0.9484132584216202,,
capgmyo,2,99991,AI_PCA,5,,,,,AI_PCA|5|None|None|None|None,test,ok,,1.0,1.0,0,48,16,128,39.0,39.0,0.9513232856893324,,
capgmyo,2,99991,LE_PCA,5,,,,,LE_PCA|5|None|None|None|None,test,ok,,1.0,1.0,1,48,16,128,39.0,39.0,0.9513232856893324,,
capgmyo,3,99991,AI_PCA,5,,,,,AI_PCA|5|None|None|None|None,test,ok,,0.9375,0.9375,0,48,16,128,26.0,26.0,0.9506189649824666,,
capgmyo,3,99991,LE_PCA,5,,,,,LE_PCA|5|None|None|None|None,test,ok,,0.9375,0.9375,1,48,16,128,26.0,26.0,0.9506189649824666,,
capgmyo,4,99991,AI_PCA,5,,,,,AI_PCA|5|None|None|None|None,test,ok,,0.9375,0.9375,0,48,16,128,39.0,39.0,0.9512776688831356,,
capgmyo,4,99991,LE_PCA,5,,,,,LE_PCA|5|None|None|None|None,test,ok,,0.875,0.875,1,48,16,128,39.0,39.0,0.9512776688831356,,
capgmyo,5,99991,AI_PCA,5,,,,,AI_PCA|5|None|None|None|None,test,ok,,0.9375,0.9375,0,48,16,128,29.0,29.0,0.9522216515556838,,
capgmyo,5,99991,LE_PCA,5,,,,,LE_PCA|5|None|None|None|None,test,ok,,0.9375,0.9375,1,48,16,128,29.0,29.0,0.9522216515556838,,
capgmyo,6,99991,AI_PCA,5,,,,,AI_PCA|5|None|None|None|None,test,ok,,1.0,1.0,0,48,16,128,44.0,44.0,0.9511278901842972,,
capgmyo,6,99991,LE_PCA,5,,,,,LE_PCA|5|None|None|None|None,test,ok,,1.0,1.0,1,48,16,128,44.0,44.0,0.9511278901842972,,
capgmyo,7,99991,AI_PCA,5,,,,,AI_PCA|5|None|None|None|None,test,ok,,0.875,0.875,0,48,16,128,63.0,70.0,0.9316635217776132,,
capgmyo,7,99991,LE_PCA,5,,,,,LE_PCA|5|None|None|None|None,test,ok,,0.875,0.875,1,48,16,128,63.0,70.0,0.9316635217776132,,
capgmyo,8,99991,AI_PCA,5,,,,,AI_PCA|5|None|None|None|None,test,ok,,0.9375,0.9375,0,48,16,128,38.0,38.0,0.9512759447464536,,
capgmyo,8,99991,LE_PCA,5,,,,,LE_PCA|5|None|None|None|None,test,ok,,0.9375,0.9375,1,48,16,128,38.0,38.0,0.9512759447464536,,
capgmyo,9,99991,AI_PCA,5,,,,,AI_PCA|5|None|None|None|None,test,ok,,0.9375,0.9375,0,48,16,128,33.0,33.0,0.9507273694133276,,
capgmyo,9,99991,LE_PCA,5,,,,,LE_PCA|5|None|None|None|None,test,ok,,0.9375,0.9375,1,48,16,128,33.0,33.0,0.9507273694133276,,
capgmyo,10,99991,AI_PCA,5,,,,,AI_PCA|5|None|None|None|None,test,ok,,0.875,0.875,0,48,16,128,33.0,33.0,0.951387992294898,,
capgmyo,10,99991,LE_PCA,5,,,,,LE_PCA|5|None|None|None|None,test,ok,,0.875,0.875,1,48,16,128,33.0,33.0,0.951387992294898,,
capgmyo,11,99991,AI_PCA,5,,,,,AI_PCA|5|None|None|None|None,test,ok,,0.875,0.875,0,48,16,128,20.0,20.0,0.9507930394815812,,
capgmyo,11,99991,LE_PCA,5,,,,,LE_PCA|5|None|None|None|None,test,ok,,0.875,0.875,1,48,16,128,20.0,20.0,0.9507930394815812,,
capgmyo,12,99991,AI_PCA,5,,,,,AI_PCA|5|None|None|None|None,test,ok,,0.875,0.875,0,48,16,128,38.0,38.0,0.9503377824105316,,
capgmyo,12,99991,LE_PCA,5,,,,,LE_PCA|5|None|None|None|None,test,ok,,0.8125,0.8125,1,48,16,128,38.0,38.0,0.9503377824105316,,
capgmyo,13,99991,AI_PCA,5,,,,,AI_PCA|5|None|None|None|None,test,ok,,0.875,0.875,0,48,16,128,23.0,23.0,0.954284976798434,,
capgmyo,13,99991,LE_PCA,5,,,,,LE_PCA|5|None|None|None|None,test,ok,,0.875,0.875,1,48,16,128,23.0,23.0,0.954284976798434,,
capgmyo,14,99991,AI_PCA,5,,,,,AI_PCA|5|None|None|None|None,test,ok,,0.8125,0.8125,0,48,16,128,63.0,69.0,0.9348871330785264,,
capgmyo,14,99991,LE_PCA,5,,,,,LE_PCA|5|None|None|None|None,test,ok,,0.8125,0.8125,1,48,16,128,63.0,69.0,0.9348871330785264,,
capgmyo,15,99991,AI_PCA,5,,,,,AI_PCA|5|None|None|None|None,test,ok,,1.0,1.0,0,48,16,128,31.0,31.0,0.952573530314788,,
capgmyo,15,99991,LE_PCA,5,,,,,LE_PCA|5|None|None|None|None,test,ok,,0.9375,0.9375,1,48,16,128,31.0,31.0,0.952573530314788,,
capgmyo,16,99991,AI_PCA,5,,,,,AI_PCA|5|None|None|None|None,test,ok,,0.875,0.875,0,48,16,128,33.0,33.0,0.9506526361943352,,
capgmyo,16,99991,LE_PCA,5,,,,,LE_PCA|5|None|None|None|None,test,ok,,0.875,0.875,1,48,16,128,33.0,33.0,0.9506526361943352,,
capgmyo,17,99991,AI_PCA,5,,,,,AI_PCA|5|None|None|None|None,test,ok,,0.9375,0.9375,0,48,16,127,63.0,66.0,0.943801844240452,,
capgmyo,17,99991,LE_PCA,5,,,,,LE_PCA|5|None|None|None|None,test,ok,,0.9375,0.9375,1,48,16,127,63.0,66.0,0.943801844240452,,
capgmyo,18,99991,AI_PCA,5,,,,,AI_PCA|5|None|None|None|None,test,ok,,0.9375,0.9375,0,48,16,128,34.0,34.0,0.9512755466138288,,
capgmyo,18,99991,LE_PCA,5,,,,,LE_PCA|5|None|None|None|None,test,ok,,0.9375,0.9375,1,48,16,128,34.0,34.0,0.9512755466138288,,
flex,1,42,AI_PCA,3,,,,,AI_PCA|3|None|None|None|None,test,ok,,1.0,1.0,0,56,20,64,8.0,8.0,0.951916966782518,,
flex,1,42,LE_PCA,1,,,,,LE_PCA|1|None|None|None|None,test,ok,,1.0,1.0,1,56,20,64,8.0,8.0,0.951916966782518,,
flex,2,42,AI_PCA,3,,,,,AI_PCA|3|None|None|None|None,test,ok,,0.95,0.95,0,60,20,64,8.0,8.0,0.9553655483880972,,
flex,2,42,LE_PCA,1,,,,,LE_PCA|1|None|None|None|None,test,ok,,0.95,0.95,1,60,20,64,8.0,8.0,0.9553655483880972,,
flex,3,42,AI_PCA,3,,,,,AI_PCA|3|None|None|None|None,test,ok,,0.95,0.95,0,60,20,64,8.0,8.0,0.9559652140463328,,
flex,3,42,LE_PCA,1,,,,,LE_PCA|1|None|None|None|None,test,ok,,1.0,1.0,1,60,20,64,8.0,8.0,0.9559652140463328,,
flex,4,42,AI_PCA,3,,,,,AI_PCA|3|None|None|None|None,test,ok,,0.75,0.75,0,60,20,64,5.0,5.0,0.9566364725870026,,
flex,4,42,LE_PCA,1,,,,,LE_PCA|1|None|None|None|None,test,ok,,0.85,0.85,1,60,20,64,5.0,5.0,0.9566364725870026,,
flex,5,42,AI_PCA,3,,,,,AI_PCA|3|None|None|None|None,test,ok,,0.8,0.8,0,59,20,64,5.0,5.0,0.955241072419453,,
flex,5,42,LE_PCA,1,,,,,LE_PCA|1|None|None|None|None,test,ok,,0.9,0.9,1,59,20,64,5.0,5.0,0.955241072419453,,
flex,6,42,AI_PCA,3,,,,,AI_PCA|3|None|None|None|None,test,ok,,0.95,0.95,0,60,20,64,7.0,7.0,0.9553313305381628,,
flex,6,42,LE_PCA,1,,,,,LE_PCA|1|None|None|None|None,test,ok,,0.9,0.9,1,60,20,64,7.0,7.0,0.9553313305381628,,
flex,7,42,AI_PCA,3,,,,,AI_PCA|3|None|None|None|None,test,ok,,1.0,1.0,0,60,20,64,12.0,12.0,0.951193451611982,,
flex,7,42,LE_PCA,1,,,,,LE_PCA|1|None|None|None|None,test,ok,,1.0,1.0,1,60,20,64,12.0,12.0,0.951193451611982,,
flex,8,42,AI_PCA,3,,,,,AI_PCA|3|None|None|None|None,test,ok,,0.8,0.8,0,60,20,64,8.0,8.0,0.9529484875554264,,
flex,8,42,LE_PCA,1,,,,,LE_PCA|1|None|None|None|None,test,ok,,0.8,0.8,1,60,20,64,8.0,8.0,0.9529484875554264,,
flex,9,42,AI_PCA,3,,,,,AI_PCA|3|None|None|None|None,test,ok,,1.0,1.0,0,56,20,64,7.0,7.0,0.956229815183405,,
flex,9,42,LE_PCA,1,,,,,LE_PCA|1|None|None|None|None,test,ok,,0.95,0.95,1,56,20,64,7.0,7.0,0.956229815183405,,
flex,10,42,AI_PCA,3,,,,,AI_PCA|3|None|None|None|None,test,ok,,0.95,0.95,0,60,20,64,13.0,13.0,0.9514020133617364,,
flex,10,42,LE_PCA,1,,,,,LE_PCA|1|None|None|None|None,test,ok,,0.95,0.95,1,60,20,64,13.0,13.0,0.9514020133617364,,
flex,11,42,AI_PCA,3,,,,,AI_PCA|3|None|None|None|None,test,ok,,0.8,0.8,0,57,20,64,6.0,6.0,0.9506235155548812,,
flex,11,42,LE_PCA,1,,,,,LE_PCA|1|None|None|None|None,test,ok,,0.85,0.85,1,57,20,64,6.0,6.0,0.9506235155548812,,
flex,12,42,AI_PCA,3,,,,,AI_PCA|3|None|None|None|None,test,ok,,0.95,0.95,0,56,20,64,12.0,12.0,0.954354605909194,,
flex,12,42,LE_PCA,1,,,,,LE_PCA|1|None|None|None|None,test,ok,,1.0,1.0,1,56,20,64,12.0,12.0,0.954354605909194,,
flex,13,42,AI_PCA,3,,,,,AI_PCA|3|None|None|None|None,test,ok,,0.9,0.9,0,57,20,64,12.0,12.0,0.9536558921922316,,
flex,13,42,LE_PCA,1,,,,,LE_PCA|1|None|None|None|None,test,ok,,0.9,0.9,1,57,20,64,12.0,12.0,0.9536558921922316,,
flex,1,123,AI_PCA,5,,,,,AI_PCA|5|None|None|None|None,test,ok,,1.0,1.0,0,56,20,64,8.0,8.0,0.9520915081953184,,
flex,1,123,LE_PCA,5,,,,,LE_PCA|5|None|None|None|None,test,ok,,1.0,1.0,1,56,20,64,8.0,8.0,0.9520915081953184,,
flex,2,123,AI_PCA,5,,,,,AI_PCA|5|None|None|None|None,test,ok,,0.95,0.95,0,60,20,64,7.0,7.0,0.9514220791989644,,
flex,2,123,LE_PCA,5,,,,,LE_PCA|5|None|None|None|None,test,ok,,0.9,0.9,1,60,20,64,7.0,7.0,0.9514220791989644,,
flex,3,123,AI_PCA,5,,,,,AI_PCA|5|None|None|None|None,test,ok,,0.95,0.95,0,60,20,64,8.0,8.0,0.9540987286896534,,
flex,3,123,LE_PCA,5,,,,,LE_PCA|5|None|None|None|None,test,ok,,0.9,0.9,1,60,20,64,8.0,8.0,0.9540987286896534,,
flex,4,123,AI_PCA,5,,,,,AI_PCA|5|None|None|None|None,test,ok,,0.65,0.65,0,60,20,64,5.0,5.0,0.9554764813651678,,
flex,4,123,LE_PCA,5,,,,,LE_PCA|5|None|None|None|None,test,ok,,0.65,0.65,1,60,20,64,5.0,5.0,0.9554764813651678,,
flex,5,123,AI_PCA,5,,,,,AI_PCA|5|None|None|None|None,test,ok,,0.85,0.85,0,59,20,64,5.0,5.0,0.953946137418481,,
flex,5,123,LE_PCA,5,,,,,LE_PCA|5|None|None|None|None,test,ok,,0.8,0.8,1,59,20,64,5.0,5.0,0.953946137418481,,
flex,6,123,AI_PCA,5,,,,,AI_PCA|5|None|None|None|None,test,ok,,0.95,0.95,0,60,20,64,7.0,7.0,0.9505419682780172,,
flex,6,123,LE_PCA,5,,,,,LE_PCA|5|None|None|None|None,test,ok,,0.95,0.95,1,60,20,64,7.0,7.0,0.9505419682780172,,
flex,7,123,AI_PCA,5,,,,,AI_PCA|5|None|None|None|None,test,ok,,0.85,0.85,0,60,20,64,12.0,12.0,0.9507632536761974,,
flex,7,123,LE_PCA,5,,,,,LE_PCA|5|None|None|None|None,test,ok,,0.8,0.8,1,60,20,64,12.0,12.0,0.9507632536761974,,
flex,8,123,AI_PCA,5,,,,,AI_PCA|5|None|None|None|None,test,ok,,0.85,0.85,0,60,20,64,8.0,8.0,0.9530449650202696,,
flex,8,123,LE_PCA,5,,,,,LE_PCA|5|None|None|None|None,test,ok,,0.8,0.8,1,60,20,64,8.0,8.0,0.9530449650202696,,
flex,9,123,AI_PCA,5,,,,,AI_PCA|5|None|None|None|None,test,ok,,0.95,0.95,0,56,20,64,7.0,7.0,0.9553958694178888,,
flex,9,123,LE_PCA,5,,,,,LE_PCA|5|None|None|None|None,test,ok,,0.9,0.9,1,56,20,64,7.0,7.0,0.9553958694178888,,
flex,10,123,AI_PCA,5,,,,,AI_PCA|5|None|None|None|None,test,ok,,0.95,0.95,0,60,20,64,13.0,13.0,0.95065967485466,,
flex,10,123,LE_PCA,5,,,,,LE_PCA|5|None|None|None|None,test,ok,,0.95,0.95,1,60,20,64,13.0,13.0,0.95065967485466,,
flex,11,123,AI_PCA,5,,,,,AI_PCA|5|None|None|None|None,test,ok,,0.7,0.7,0,57,20,64,7.0,7.0,0.951491944792196,,
flex,11,123,LE_PCA,5,,,,,LE_PCA|5|None|None|None|None,test,ok,,0.65,0.65,1,57,20,64,7.0,7.0,0.951491944792196,,
flex,12,123,AI_PCA,5,,,,,AI_PCA|5|None|None|None|None,test,ok,,0.9,0.9,0,56,20,64,10.0,10.0,0.9519646597511382,,
flex,12,123,LE_PCA,5,,,,,LE_PCA|5|None|None|None|None,test,ok,,0.9,0.9,1,56,20,64,10.0,10.0,0.9519646597511382,,
flex,13,123,AI_PCA,5,,,,,AI_PCA|5|None|None|None|None,test,ok,,0.9,0.9,0,57,20,64,12.0,12.0,0.9547103942880512,,
flex,13,123,LE_PCA,5,,,,,LE_PCA|5|None|None|None|None,test,ok,,0.9,0.9,1,57,20,64,12.0,12.0,0.9547103942880512,,
flex,1,456,AI_PCA,3,,,,,AI_PCA|3|None|None|None|None,test,ok,,0.85,0.85,0,56,20,64,8.0,8.0,0.9537570072578916,,
flex,1,456,LE_PCA,3,,,,,LE_PCA|3|None|None|None|None,test,ok,,0.9,0.9,1,56,20,64,8.0,8.0,0.9537570072578916,,
flex,2,456,AI_PCA,3,,,,,AI_PCA|3|None|None|None|None,test,ok,,1.0,1.0,0,60,20,64,8.0,8.0,0.9537367684531703,,
flex,2,456,LE_PCA,3,,,,,LE_PCA|3|None|None|None|None,test,ok,,1.0,1.0,1,60,20,64,8.0,8.0,0.9537367684531703,,
flex,3,456,AI_PCA,3,,,,,AI_PCA|3|None|None|None|None,test,ok,,0.95,0.95,0,60,20,64,8.0,8.0,0.9565754410149284,,
flex,3,456,LE_PCA,3,,,,,LE_PCA|3|None|None|None|None,test,ok,,0.95,0.95,1,60,20,64,8.0,8.0,0.9565754410149284,,
flex,4,456,AI_PCA,3,,,,,AI_PCA|3|None|None|None|None,test,ok,,0.9,0.9,0,60,20,64,5.0,5.0,0.9543932879810172,,
flex,4,456,LE_PCA,3,,,,,LE_PCA|3|None|None|None|None,test,ok,,0.85,0.85,1,60,20,64,5.0,5.0,0.9543932879810172,,
flex,5,456,AI_PCA,3,,,,,AI_PCA|3|None|None|None|None,test,ok,,0.85,0.85,0,59,20,64,5.0,5.0,0.9551075601386464,,
flex,5,456,LE_PCA,3,,,,,LE_PCA|3|None|None|None|None,test,ok,,0.85,0.85,1,59,20,64,5.0,5.0,0.9551075601386464,,
flex,6,456,AI_PCA,3,,,,,AI_PCA|3|None|None|None|None,test,ok,,0.95,0.95,0,60,20,64,6.0,6.0,0.9502720443994468,,
flex,6,456,LE_PCA,3,,,,,LE_PCA|3|None|None|None|None,test,ok,,0.9,0.9,1,60,20,64,6.0,6.0,0.9502720443994468,,
flex,7,456,AI_PCA,3,,,,,AI_PCA|3|None|None|None|None,test,ok,,0.9,0.9,0,60,20,64,12.0,12.0,0.9543425261810304,,
flex,7,456,LE_PCA,3,,,,,LE_PCA|3|None|None|None|None,test,ok,,0.9,0.9,1,60,20,64,12.0,12.0,0.9543425261810304,,
flex,8,456,AI_PCA,3,,,,,AI_PCA|3|None|None|None|None,test,ok,,0.95,0.95,0,60,20,64,8.0,8.0,0.9549842985247212,,
flex,8,456,LE_PCA,3,,,,,LE_PCA|3|None|None|None|None,test,ok,,0.95,0.95,1,60,20,64,8.0,8.0,0.9549842985247212,,
flex,9,456,AI_PCA,3,,,,,AI_PCA|3|None|None|None|None,test,ok,,0.85,0.85,0,56,20,64,7.0,7.0,0.9530467232226342,,
flex,9,456,LE_PCA,3,,,,,LE_PCA|3|None|None|None|None,test,ok,,0.85,0.85,1,56,20,64,7.0,7.0,0.9530467232226342,,
flex,10,456,AI_PCA,3,,,,,AI_PCA|3|None|None|None|None,test,ok,,0.95,0.95,0,60,20,64,13.0,13.0,0.9521725864068498,,
flex,10,456,LE_PCA,3,,,,,LE_PCA|3|None|None|None|None,test,ok,,0.95,0.95,1,60,20,64,13.0,13.0,0.9521725864068498,,
flex,11,456,AI_PCA,3,,,,,AI_PCA|3|None|None|None|None,test,ok,,0.8,0.8,0,57,20,64,6.0,6.0,0.9567371124680492,,
flex,11,456,LE_PCA,3,,,,,LE_PCA|3|None|None|None|None,test,ok,,0.7,0.7,1,57,20,64,6.0,6.0,0.9567371124680492,,
flex,12,456,AI_PCA,3,,,,,AI_PCA|3|None|None|None|None,test,ok,,0.85,0.85,0,56,20,64,10.0,10.0,0.9515700529621504,,
flex,12,456,LE_PCA,3,,,,,LE_PCA|3|None|None|None|None,test,ok,,0.85,0.85,1,56,20,64,10.0,10.0,0.9515700529621504,,
flex,13,456,AI_PCA,3,,,,,AI_PCA|3|None|None|None|None,test,ok,,0.95,0.95,0,57,20,64,12.0,12.0,0.9547234878460726,,
flex,13,456,LE_PCA,3,,,,,LE_PCA|3|None|None|None|None,test,ok,,0.95,0.95,1,57,20,64,12.0,12.0,0.9547234878460726,,
flex,1,789,AI_PCA,1,,,,,AI_PCA|1|None|None|None|None,test,ok,,1.0,1.0,0,56,20,64,8.0,8.0,0.9567136891696638,,
flex,1,789,LE_PCA,1,,,,,LE_PCA|1|None|None|None|None,test,ok,,1.0,1.0,1,56,20,64,8.0,8.0,0.9567136891696638,,
flex,2,789,AI_PCA,1,,,,,AI_PCA|1|None|None|None|None,test,ok,,0.85,0.85,0,60,20,64,7.0,7.0,0.9511652540854107,,
flex,2,789,LE_PCA,1,,,,,LE_PCA|1|None|None|None|None,test,ok,,0.85,0.85,1,60,20,64,7.0,7.0,0.9511652540854107,,
flex,3,789,AI_PCA,1,,,,,AI_PCA|1|None|None|None|None,test,ok,,0.95,0.95,0,60,20,64,8.0,8.0,0.950333141418366,,
flex,3,789,LE_PCA,1,,,,,LE_PCA|1|None|None|None|None,test,ok,,0.95,0.95,1,60,20,64,8.0,8.0,0.950333141418366,,
flex,4,789,AI_PCA,1,,,,,AI_PCA|1|None|None|None|None,test,ok,,0.8,0.8,0,60,20,64,5.0,5.0,0.9553584337002458,,
flex,4,789,LE_PCA,1,,,,,LE_PCA|1|None|None|None|None,test,ok,,0.85,0.85,1,60,20,64,5.0,5.0,0.9553584337002458,,
flex,5,789,AI_PCA,1,,,,,AI_PCA|1|None|None|None|None,test,ok,,0.8,0.8,0,59,20,64,5.0,5.0,0.9547169345232468,,
flex,5,789,LE_PCA,1,,,,,LE_PCA|1|None|None|None|None,test,ok,,0.75,0.75,1,59,20,64,5.0,5.0,0.9547169345232468,,
flex,6,789,AI_PCA,1,,,,,AI_PCA|1|None|None|None|None,test,ok,,1.0,1.0,0,60,20,64,6.0,6.0,0.9513890430735806,,
flex,6,789,LE_PCA,1,,,,,LE_PCA|1|None|None|None|None,test,ok,,1.0,1.0,1,60,20,64,6.0,6.0,0.9513890430735806,,
flex,7,789,AI_PCA,1,,,,,AI_PCA|1|None|None|None|None,test,ok,,1.0,1.0,0,60,20,64,12.0,12.0,0.952236987658486,,
flex,7,789,LE_PCA,1,,,,,LE_PCA|1|None|None|None|None,test,ok,,1.0,1.0,1,60,20,64,12.0,12.0,0.952236987658486,,
flex,8,789,AI_PCA,1,,,,,AI_PCA|1|None|None|None|None,test,ok,,0.9,0.9,0,60,20,64,7.0,7.0,0.9501964493317682,,
flex,8,789,LE_PCA,1,,,,,LE_PCA|1|None|None|None|None,test,ok,,0.85,0.85,1,60,20,64,7.0,7.0,0.9501964493317682,,
flex,9,789,AI_PCA,1,,,,,AI_PCA|1|None|None|None|None,test,ok,,0.95,0.95,0,56,20,64,7.0,7.0,0.9523852915707371,,
flex,9,789,LE_PCA,1,,,,,LE_PCA|1|None|None|None|None,test,ok,,0.95,0.95,1,56,20,64,7.0,7.0,0.9523852915707371,,
flex,10,789,AI_PCA,1,,,,,AI_PCA|1|None|None|None|None,test,ok,,0.95,0.95,0,60,20,64,12.0,12.0,0.9506379273054238,,
flex,10,789,LE_PCA,1,,,,,LE_PCA|1|None|None|None|None,test,ok,,0.9,0.9,1,60,20,64,12.0,12.0,0.9506379273054238,,
flex,11,789,AI_PCA,1,,,,,AI_PCA|1|None|None|None|None,test,ok,,0.8,0.8,0,57,20,64,7.0,7.0,0.955969410942941,,
flex,11,789,LE_PCA,1,,,,,LE_PCA|1|None|None|None|None,test,ok,,0.8,0.8,1,57,20,64,7.0,7.0,0.955969410942941,,
flex,12,789,AI_PCA,1,,,,,AI_PCA|1|None|None|None|None,test,ok,,0.9,0.9,0,56,20,64,10.0,10.0,0.9504036457609248,,
flex,12,789,LE_PCA,1,,,,,LE_PCA|1|None|None|None|None,test,ok,,0.9,0.9,1,56,20,64,10.0,10.0,0.9504036457609248,,
flex,13,789,AI_PCA,1,,,,,AI_PCA|1|None|None|None|None,test,ok,,0.95,0.95,0,57,20,64,12.0,12.0,0.9543391677373488,,
flex,13,789,LE_PCA,1,,,,,LE_PCA|1|None|None|None|None,test,ok,,0.95,0.95,1,57,20,64,12.0,12.0,0.9543391677373488,,
flex,1,2022,AI_PCA,1,,,,,AI_PCA|1|None|None|None|None,test,ok,,0.9,0.9,0,56,20,64,8.0,8.0,0.953469800900166,,
flex,1,2022,LE_PCA,1,,,,,LE_PCA|1|None|None|None|None,test,ok,,0.95,0.95,1,56,20,64,8.0,8.0,0.953469800900166,,
flex,2,2022,AI_PCA,1,,,,,AI_PCA|1|None|None|None|None,test,ok,,0.95,0.95,0,60,20,64,7.0,7.0,0.9517348741832096,,
flex,2,2022,LE_PCA,1,,,,,LE_PCA|1|None|None|None|None,test,ok,,0.85,0.85,1,60,20,64,7.0,7.0,0.9517348741832096,,
flex,3,2022,AI_PCA,1,,,,,AI_PCA|1|None|None|None|None,test,ok,,0.85,0.85,0,60,20,64,8.0,8.0,0.9537662512759808,,
flex,3,2022,LE_PCA,1,,,,,LE_PCA|1|None|None|None|None,test,ok,,0.95,0.95,1,60,20,64,8.0,8.0,0.9537662512759808,,
flex,4,2022,AI_PCA,1,,,,,AI_PCA|1|None|None|None|None,test,ok,,0.8,0.8,0,60,20,64,5.0,5.0,0.954176219619664,,
flex,4,2022,LE_PCA,1,,,,,LE_PCA|1|None|None|None|None,test,ok,,0.85,0.85,1,60,20,64,5.0,5.0,0.954176219619664,,
flex,5,2022,AI_PCA,1,,,,,AI_PCA|1|None|None|None|None,test,ok,,0.85,0.85,0,59,20,64,5.0,5.0,0.9551876025949866,,
flex,5,2022,LE_PCA,1,,,,,LE_PCA|1|None|None|None|None,test,ok,,0.85,0.85,1,59,20,64,5.0,5.0,0.9551876025949866,,
flex,6,2022,AI_PCA,1,,,,,AI_PCA|1|None|None|None|None,test,ok,,0.95,0.95,0,60,20,64,7.0,7.0,0.9546753932434694,,
flex,6,2022,LE_PCA,1,,,,,LE_PCA|1|None|None|None|None,test,ok,,0.95,0.95,1,60,20,64,7.0,7.0,0.9546753932434694,,
flex,7,2022,AI_PCA,1,,,,,AI_PCA|1|None|None|None|None,test,ok,,0.95,0.95,0,60,20,64,13.0,13.0,0.9525159045758,,
flex,7,2022,LE_PCA,1,,,,,LE_PCA|1|None|None|None|None,test,ok,,0.95,0.95,1,60,20,64,13.0,13.0,0.9525159045758,,
flex,8,2022,AI_PCA,1,,,,,AI_PCA|1|None|None|None|None,test,ok,,1.0,1.0,0,60,20,64,8.0,8.0,0.9548554168776582,,
flex,8,2022,LE_PCA,1,,,,,LE_PCA|1|None|None|None|None,test,ok,,1.0,1.0,1,60,20,64,8.0,8.0,0.9548554168776582,,
flex,9,2022,AI_PCA,1,,,,,AI_PCA|1|None|None|None|None,test,ok,,0.95,0.95,0,56,20,64,7.0,7.0,0.9559394735212682,,
flex,9,2022,LE_PCA,1,,,,,LE_PCA|1|None|None|None|None,test,ok,,0.95,0.95,1,56,20,64,7.0,7.0,0.9559394735212682,,
flex,10,2022,AI_PCA,1,,,,,AI_PCA|1|None|None|None|None,test,ok,,0.95,0.95,0,60,20,64,13.0,13.0,0.9516829610416664,,
flex,10,2022,LE_PCA,1,,,,,LE_PCA|1|None|None|None|None,test,ok,,0.95,0.95,1,60,20,64,13.0,13.0,0.9516829610416664,,
flex,11,2022,AI_PCA,1,,,,,AI_PCA|1|None|None|None|None,test,ok,,0.65,0.65,0,57,20,64,6.0,6.0,0.9518043907878496,,
flex,11,2022,LE_PCA,1,,,,,LE_PCA|1|None|None|None|None,test,ok,,0.7,0.7,1,57,20,64,6.0,6.0,0.9518043907878496,,
flex,12,2022,AI_PCA,1,,,,,AI_PCA|1|None|None|None|None,test,ok,,0.95,0.95,0,56,20,64,11.0,11.0,0.9540465933258394,,
flex,12,2022,LE_PCA,1,,,,,LE_PCA|1|None|None|None|None,test,ok,,0.95,0.95,1,56,20,64,11.0,11.0,0.9540465933258394,,
flex,13,2022,AI_PCA,1,,,,,AI_PCA|1|None|None|None|None,test,ok,,0.95,0.95,0,57,20,64,12.0,12.0,0.9544421186521298,,
flex,13,2022,LE_PCA,1,,,,,LE_PCA|1|None|None|None|None,test,ok,,0.95,0.95,1,57,20,64,12.0,12.0,0.9544421186521298,,
flex,1,31415,AI_PCA,3,,,,,AI_PCA|3|None|None|None|None,test,ok,,1.0,1.0,0,56,20,64,8.0,8.0,0.9527941211546896,,
flex,1,31415,LE_PCA,1,,,,,LE_PCA|1|None|None|None|None,test,ok,,1.0,1.0,1,56,20,64,8.0,8.0,0.9527941211546896,,
flex,2,31415,AI_PCA,3,,,,,AI_PCA|3|None|None|None|None,test,ok,,0.95,0.95,0,60,20,64,8.0,8.0,0.9545607824001752,,
flex,2,31415,LE_PCA,1,,,,,LE_PCA|1|None|None|None|None,test,ok,,0.95,0.95,1,60,20,64,8.0,8.0,0.9545607824001752,,
flex,3,31415,AI_PCA,3,,,,,AI_PCA|3|None|None|None|None,test,ok,,0.85,0.85,0,60,20,64,8.0,8.0,0.953671917897346,,
flex,3,31415,LE_PCA,1,,,,,LE_PCA|1|None|None|None|None,test,ok,,0.85,0.85,1,60,20,64,8.0,8.0,0.953671917897346,,
flex,4,31415,AI_PCA,3,,,,,AI_PCA|3|None|None|None|None,test,ok,,0.8,0.8,0,60,20,64,5.0,5.0,0.9531557264750272,,
flex,4,31415,LE_PCA,1,,,,,LE_PCA|1|None|None|None|None,test,ok,,0.75,0.75,1,60,20,64,5.0,5.0,0.9531557264750272,,
flex,5,31415,AI_PCA,3,,,,,AI_PCA|3|None|None|None|None,test,ok,,0.8,0.8,0,59,20,64,5.0,5.0,0.9553015412474416,,
flex,5,31415,LE_PCA,1,,,,,LE_PCA|1|None|None|None|None,test,ok,,0.75,0.75,1,59,20,64,5.0,5.0,0.9553015412474416,,
flex,6,31415,AI_PCA,3,,,,,AI_PCA|3|None|None|None|None,test,ok,,1.0,1.0,0,60,20,64,6.0,6.0,0.9500110201331442,,
flex,6,31415,LE_PCA,1,,,,,LE_PCA|1|None|None|None|None,test,ok,,1.0,1.0,1,60,20,64,6.0,6.0,0.9500110201331442,,
flex,7,31415,AI_PCA,3,,,,,AI_PCA|3|None|None|None|None,test,ok,,0.85,0.85,0,60,20,64,12.0,12.0,0.9515192451294352,,
flex,7,31415,LE_PCA,1,,,,,LE_PCA|1|None|None|None|None,test,ok,,0.95,0.95,1,60,20,64,12.0,12.0,0.9515192451294352,,
flex,8,31415,AI_PCA,3,,,,,AI_PCA|3|None|None|None|None,test,ok,,0.85,0.85,0,60,20,64,8.0,8.0,0.953070780456742,,
flex,8,31415,LE_PCA,1,,,,,LE_PCA|1|None|None|None|None,test,ok,,0.95,0.95,1,60,20,64,8.0,8.0,0.953070780456742,,
flex,9,31415,AI_PCA,3,,,,,AI_PCA|3|None|None|None|None,test,ok,,0.95,0.95,0,56,20,64,8.0,8.0,0.9561863945182874,,
flex,9,31415,LE_PCA,1,,,,,LE_PCA|1|None|None|None|None,test,ok,,0.95,0.95,1,56,20,64,8.0,8.0,0.9561863945182874,,
flex,10,31415,AI_PCA,3,,,,,AI_PCA|3|None|None|None|None,test,ok,,1.0,1.0,0,60,20,64,13.0,13.0,0.954314647828214,,
flex,10,31415,LE_PCA,1,,,,,LE_PCA|1|None|None|None|None,test,ok,,1.0,1.0,1,60,20,64,13.0,13.0,0.954314647828214,,
flex,11,31415,AI_PCA,3,,,,,AI_PCA|3|None|None|None|None,test,ok,,0.9,0.9,0,57,20,64,6.0,6.0,0.9505615873005064,,
flex,11,31415,LE_PCA,1,,,,,LE_PCA|1|None|None|None|None,test,ok,,0.9,0.9,1,57,20,64,6.0,6.0,0.9505615873005064,,
flex,12,31415,AI_PCA,3,,,,,AI_PCA|3|None|None|None|None,test,ok,,0.95,0.95,0,56,20,64,11.0,11.0,0.9541411975526196,,
flex,12,31415,LE_PCA,1,,,,,LE_PCA|1|None|None|None|None,test,ok,,0.95,0.95,1,56,20,64,11.0,11.0,0.9541411975526196,,
flex,13,31415,AI_PCA,3,,,,,AI_PCA|3|None|None|None|None,test,ok,,0.85,0.85,0,57,20,64,11.0,11.0,0.9510283962880988,,
flex,13,31415,LE_PCA,1,,,,,LE_PCA|1|None|None|None|None,test,ok,,0.85,0.85,1,57,20,64,11.0,11.0,0.9510283962880988,,
flex,1,27182,AI_PCA,3,,,,,AI_PCA|3|None|None|None|None,test,ok,,0.85,0.85,0,56,20,64,8.0,8.0,0.9540468784129706,,
flex,1,27182,LE_PCA,1,,,,,LE_PCA|1|None|None|None|None,test,ok,,0.85,0.85,1,56,20,64,8.0,8.0,0.9540468784129706,,
flex,2,27182,AI_PCA,3,,,,,AI_PCA|3|None|None|None|None,test,ok,,0.95,0.95,0,60,20,64,8.0,8.0,0.9568800792177018,,
flex,2,27182,LE_PCA,1,,,,,LE_PCA|1|None|None|None|None,test,ok,,0.95,0.95,1,60,20,64,8.0,8.0,0.9568800792177018,,
flex,3,27182,AI_PCA,3,,,,,AI_PCA|3|None|None|None|None,test,ok,,0.9,0.9,0,60,20,64,8.0,8.0,0.9537671930784052,,
flex,3,27182,LE_PCA,1,,,,,LE_PCA|1|None|None|None|None,test,ok,,0.95,0.95,1,60,20,64,8.0,8.0,0.9537671930784052,,
flex,4,27182,AI_PCA,3,,,,,AI_PCA|3|None|None|None|None,test,ok,,0.85,0.85,0,60,20,64,5.0,5.0,0.9535986788611556,,
flex,4,27182,LE_PCA,1,,,,,LE_PCA|1|None|None|None|None,test,ok,,0.8,0.8,1,60,20,64,5.0,5.0,0.9535986788611556,,
flex,5,27182,AI_PCA,3,,,,,AI_PCA|3|None|None|None|None,test,ok,,0.85,0.85,0,59,20,64,5.0,5.0,0.9556292234275172,,
flex,5,27182,LE_PCA,1,,,,,LE_PCA|1|None|None|None|None,test,ok,,0.75,0.75,1,59,20,64,5.0,5.0,0.9556292234275172,,
flex,6,27182,AI_PCA,3,,,,,AI_PCA|3|None|None|None|None,test,ok,,1.0,1.0,0,60,20,64,7.0,7.0,0.95769141371133,,
flex,6,27182,LE_PCA,1,,,,,LE_PCA|1|None|None|None|None,test,ok,,1.0,1.0,1,60,20,64,7.0,7.0,0.95769141371133,,
flex,7,27182,AI_PCA,3,,,,,AI_PCA|3|None|None|None|None,test,ok,,0.9,0.9,0,60,20,64,13.0,13.0,0.9526964533906512,,
flex,7,27182,LE_PCA,1,,,,,LE_PCA|1|None|None|None|None,test,ok,,0.9,0.9,1,60,20,64,13.0,13.0,0.9526964533906512,,
flex,8,27182,AI_PCA,3,,,,,AI_PCA|3|None|None|None|None,test,ok,,0.95,0.95,0,60,20,64,8.0,8.0,0.953126086294938,,
flex,8,27182,LE_PCA,1,,,,,LE_PCA|1|None|None|None|None,test,ok,,1.0,1.0,1,60,20,64,8.0,8.0,0.953126086294938,,
flex,9,27182,AI_PCA,3,,,,,AI_PCA|3|None|None|None|None,test,ok,,0.9,0.9,0,56,20,64,8.0,8.0,0.9564333648424472,,
flex,9,27182,LE_PCA,1,,,,,LE_PCA|1|None|None|None|None,test,ok,,0.9,0.9,1,56,20,64,8.0,8.0,0.9564333648424472,,
flex,10,27182,AI_PCA,3,,,,,AI_PCA|3|None|None|None|None,test,ok,,1.0,1.0,0,60,20,64,13.0,13.0,0.9523472153651203,,
flex,10,27182,LE_PCA,1,,,,,LE_PCA|1|None|None|None|None,test,ok,,1.0,1.0,1,60,20,64,13.0,13.0,0.9523472153651203,,
flex,11,27182,AI_PCA,3,,,,,AI_PCA|3|None|None|None|None,test,ok,,0.85,0.85,0,57,20,64,7.0,7.0,0.9593036108888406,,
flex,11,27182,LE_PCA,1,,,,,LE_PCA|1|None|None|None|None,test,ok,,0.9,0.9,1,57,20,64,7.0,7.0,0.9593036108888406,,
flex,12,27182,AI_PCA,3,,,,,AI_PCA|3|None|None|None|None,test,ok,,0.95,0.95,0,56,20,64,10.0,10.0,0.954440466108473,,
flex,12,27182,LE_PCA,1,,,,,LE_PCA|1|None|None|None|None,test,ok,,0.95,0.95,1,56,20,64,10.0,10.0,0.954440466108473,,
flex,13,27182,AI_PCA,3,,,,,AI_PCA|3|None|None|None|None,test,ok,,0.95,0.95,0,57,20,64,12.0,12.0,0.9553800714754253,,
flex,13,27182,LE_PCA,1,,,,,LE_PCA|1|None|None|None|None,test,ok,,1.0,1.0,1,57,20,64,12.0,12.0,0.9553800714754253,,
flex,1,8675309,AI_PCA,1,,,,,AI_PCA|1|None|None|None|None,test,ok,,1.0,1.0,0,56,20,64,8.0,8.0,0.9503371789444728,,
flex,1,8675309,LE_PCA,1,,,,,LE_PCA|1|None|None|None|None,test,ok,,1.0,1.0,1,56,20,64,8.0,8.0,0.9503371789444728,,
flex,2,8675309,AI_PCA,1,,,,,AI_PCA|1|None|None|None|None,test,ok,,0.95,0.95,0,60,20,64,8.0,8.0,0.9564858659857332,,
flex,2,8675309,LE_PCA,1,,,,,LE_PCA|1|None|None|None|None,test,ok,,0.95,0.95,1,60,20,64,8.0,8.0,0.9564858659857332,,
flex,3,8675309,AI_PCA,1,,,,,AI_PCA|1|None|None|None|None,test,ok,,0.9,0.9,0,60,20,64,8.0,8.0,0.9504875385307364,,
flex,3,8675309,LE_PCA,1,,,,,LE_PCA|1|None|None|None|None,test,ok,,0.95,0.95,1,60,20,64,8.0,8.0,0.9504875385307364,,
flex,4,8675309,AI_PCA,1,,,,,AI_PCA|1|None|None|None|None,test,ok,,0.8,0.8,0,60,20,64,5.0,5.0,0.9547979992209285,,
flex,4,8675309,LE_PCA,1,,,,,LE_PCA|1|None|None|None|None,test,ok,,0.85,0.85,1,60,20,64,5.0,5.0,0.9547979992209285,,
flex,5,8675309,AI_PCA,1,,,,,AI_PCA|1|None|None|None|None,test,ok,,0.8,0.8,0,59,20,64,5.0,5.0,0.9539093860137656,,
flex,5,8675309,LE_PCA,1,,,,,LE_PCA|1|None|None|None|None,test,ok,,0.8,0.8,1,59,20,64,5.0,5.0,0.9539093860137656,,
flex,6,8675309,AI_PCA,1,,,,,AI_PCA|1|None|None|None|None,test,ok,,1.0,1.0,0,60,20,64,7.0,7.0,0.9533905277263184,,
flex,6,8675309,LE_PCA,1,,,,,LE_PCA|1|None|None|None|None,test,ok,,1.0,1.0,1,60,20,64,7.0,7.0,0.9533905277263184,,
flex,7,8675309,AI_PCA,1,,,,,AI_PCA|1|None|None|None|None,test,ok,,0.9,0.9,0,60,20,64,12.0,12.0,0.9513524207670784,,
flex,7,8675309,LE_PCA,1,,,,,LE_PCA|1|None|None|None|None,test,ok,,0.85,0.85,1,60,20,64,12.0,12.0,0.9513524207670784,,
flex,8,8675309,AI_PCA,1,,,,,AI_PCA|1|None|None|None|None,test,ok,,0.8,0.8,0,60,20,64,8.0,8.0,0.9529195105295316,,
flex,8,8675309,LE_PCA,1,,,,,LE_PCA|1|None|None|None|None,test,ok,,0.8,0.8,1,60,20,64,8.0,8.0,0.9529195105295316,,
flex,9,8675309,AI_PCA,1,,,,,AI_PCA|1|None|None|None|None,test,ok,,0.95,0.95,0,56,20,64,7.0,7.0,0.9532304023264024,,
flex,9,8675309,LE_PCA,1,,,,,LE_PCA|1|None|None|None|None,test,ok,,0.95,0.95,1,56,20,64,7.0,7.0,0.9532304023264024,,
flex,10,8675309,AI_PCA,1,,,,,AI_PCA|1|None|None|None|None,test,ok,,1.0,1.0,0,60,20,64,13.0,13.0,0.95327556888529,,
flex,10,8675309,LE_PCA,1,,,,,LE_PCA|1|None|None|None|None,test,ok,,1.0,1.0,1,60,20,64,13.0,13.0,0.95327556888529,,
flex,11,8675309,AI_PCA,1,,,,,AI_PCA|1|None|None|None|None,test,ok,,0.8,0.8,0,57,20,64,7.0,7.0,0.9581216120597952,,
flex,11,8675309,LE_PCA,1,,,,,LE_PCA|1|None|None|None|None,test,ok,,0.8,0.8,1,57,20,64,7.0,7.0,0.9581216120597952,,
flex,12,8675309,AI_PCA,1,,,,,AI_PCA|1|None|None|None|None,test,ok,,1.0,1.0,0,56,20,64,11.0,11.0,0.9551423078307688,,
flex,12,8675309,LE_PCA,1,,,,,LE_PCA|1|None|None|None|None,test,ok,,1.0,1.0,1,56,20,64,11.0,11.0,0.9551423078307688,,
flex,13,8675309,AI_PCA,1,,,,,AI_PCA|1|None|None|None|None,test,ok,,0.85,0.85,0,57,20,64,12.0,12.0,0.9546917881347232,,
flex,13,8675309,LE_PCA,1,,,,,LE_PCA|1|None|None|None|None,test,ok,,0.8,0.8,1,57,20,64,12.0,12.0,0.9546917881347232,,
flex,1,104729,AI_PCA,3,,,,,AI_PCA|3|None|None|None|None,test,ok,,0.9,0.9,0,56,20,64,8.0,8.0,0.9525859950153244,,
flex,1,104729,LE_PCA,1,,,,,LE_PCA|1|None|None|None|None,test,ok,,0.95,0.95,1,56,20,64,8.0,8.0,0.9525859950153244,,
flex,2,104729,AI_PCA,3,,,,,AI_PCA|3|None|None|None|None,test,ok,,1.0,1.0,0,60,20,64,7.0,7.0,0.9512288503358072,,
flex,2,104729,LE_PCA,1,,,,,LE_PCA|1|None|None|None|None,test,ok,,0.95,0.95,1,60,20,64,7.0,7.0,0.9512288503358072,,
flex,3,104729,AI_PCA,3,,,,,AI_PCA|3|None|None|None|None,test,ok,,1.0,1.0,0,60,20,64,8.0,8.0,0.9525673758920692,,
flex,3,104729,LE_PCA,1,,,,,LE_PCA|1|None|None|None|None,test,ok,,1.0,1.0,1,60,20,64,8.0,8.0,0.9525673758920692,,
flex,4,104729,AI_PCA,3,,,,,AI_PCA|3|None|None|None|None,test,ok,,0.75,0.75,0,60,20,64,5.0,5.0,0.9557220091608594,,
flex,4,104729,LE_PCA,1,,,,,LE_PCA|1|None|None|None|None,test,ok,,0.75,0.75,1,60,20,64,5.0,5.0,0.9557220091608594,,
flex,5,104729,AI_PCA,3,,,,,AI_PCA|3|None|None|None|None,test,ok,,0.85,0.85,0,59,20,64,5.0,5.0,0.9517527592711712,,
flex,5,104729,LE_PCA,1,,,,,LE_PCA|1|None|None|None|None,test,ok,,0.8,0.8,1,59,20,64,5.0,5.0,0.9517527592711712,,
flex,6,104729,AI_PCA,3,,,,,AI_PCA|3|None|None|None|None,test,ok,,1.0,1.0,0,60,20,64,7.0,7.0,0.9572524698967704,,
flex,6,104729,LE_PCA,1,,,,,LE_PCA|1|None|None|None|None,test,ok,,1.0,1.0,1,60,20,64,7.0,7.0,0.9572524698967704,,
flex,7,104729,AI_PCA,3,,,,,AI_PCA|3|None|None|None|None,test,ok,,0.9,0.9,0,60,20,64,13.0,13.0,0.9536131082245218,,
flex,7,104729,LE_PCA,1,,,,,LE_PCA|1|None|None|None|None,test,ok,,0.9,0.9,1,60,20,64,13.0,13.0,0.9536131082245218,,
flex,8,104729,AI_PCA,3,,,,,AI_PCA|3|None|None|None|None,test,ok,,0.85,0.85,0,60,20,64,8.0,8.0,0.9541454262760302,,
flex,8,104729,LE_PCA,1,,,,,LE_PCA|1|None|None|None|None,test,ok,,0.85,0.85,1,60,20,64,8.0,8.0,0.9541454262760302,,
flex,9,104729,AI_PCA,3,,,,,AI_PCA|3|None|None|None|None,test,ok,,0.95,0.95,0,56,20,64,8.0,8.0,0.955262621508786,,
flex,9,104729,LE_PCA,1,,,,,LE_PCA|1|None|None|None|None,test,ok,,0.95,0.95,1,56,20,64,8.0,8.0,0.955262621508786,,
flex,10,104729,AI_PCA,3,,,,,AI_PCA|3|None|None|None|None,test,ok,,1.0,1.0,0,60,20,64,13.0,13.0,0.952520656327688,,
flex,10,104729,LE_PCA,1,,,,,LE_PCA|1|None|None|None|None,test,ok,,0.9,0.9,1,60,20,64,13.0,13.0,0.952520656327688,,
flex,11,104729,AI_PCA,3,,,,,AI_PCA|3|None|None|None|None,test,ok,,0.9,0.9,0,57,20,64,6.0,6.0,0.9515895117220486,,
flex,11,104729,LE_PCA,1,,,,,LE_PCA|1|None|None|None|None,test,ok,,0.8,0.8,1,57,20,64,6.0,6.0,0.9515895117220486,,
flex,12,104729,AI_PCA,3,,,,,AI_PCA|3|None|None|None|None,test,ok,,1.0,1.0,0,56,20,64,11.0,11.0,0.9538957912476448,,
flex,12,104729,LE_PCA,1,,,,,LE_PCA|1|None|None|None|None,test,ok,,1.0,1.0,1,56,20,64,11.0,11.0,0.9538957912476448,,
flex,13,104729,AI_PCA,3,,,,,AI_PCA|3|None|None|None|None,test,ok,,0.95,0.95,0,57,20,64,11.0,11.0,0.9504021975129536,,
flex,13,104729,LE_PCA,1,,,,,LE_PCA|1|None|None|None|None,test,ok,,1.0,1.0,1,57,20,64,11.0,11.0,0.9504021975129536,,
flex,1,99991,AI_PCA,1,,,,,AI_PCA|1|None|None|None|None,test,ok,,1.0,1.0,0,56,20,64,8.0,8.0,0.953077682193112,,
flex,1,99991,LE_PCA,1,,,,,LE_PCA|1|None|None|None|None,test,ok,,1.0,1.0,1,56,20,64,8.0,8.0,0.953077682193112,,
flex,2,99991,AI_PCA,1,,,,,AI_PCA|1|None|None|None|None,test,ok,,0.9,0.9,0,60,20,64,7.0,7.0,0.9533036954805414,,
flex,2,99991,LE_PCA,1,,,,,LE_PCA|1|None|None|None|None,test,ok,,0.85,0.85,1,60,20,64,7.0,7.0,0.9533036954805414,,
flex,3,99991,AI_PCA,1,,,,,AI_PCA|1|None|None|None|None,test,ok,,0.95,0.95,0,60,20,64,8.0,8.0,0.9538592874034,,
flex,3,99991,LE_PCA,1,,,,,LE_PCA|1|None|None|None|None,test,ok,,0.85,0.85,1,60,20,64,8.0,8.0,0.9538592874034,,
flex,4,99991,AI_PCA,1,,,,,AI_PCA|1|None|None|None|None,test,ok,,0.75,0.75,0,60,20,64,5.0,5.0,0.9556013248751264,,
flex,4,99991,LE_PCA,1,,,,,LE_PCA|1|None|None|None|None,test,ok,,0.75,0.75,1,60,20,64,5.0,5.0,0.9556013248751264,,
flex,5,99991,AI_PCA,1,,,,,AI_PCA|1|None|None|None|None,test,ok,,0.8,0.8,0,59,20,64,5.0,5.0,0.9533462360471954,,
flex,5,99991,LE_PCA,1,,,,,LE_PCA|1|None|None|None|None,test,ok,,0.8,0.8,1,59,20,64,5.0,5.0,0.9533462360471954,,
flex,6,99991,AI_PCA,1,,,,,AI_PCA|1|None|None|None|None,test,ok,,0.95,0.95,0,60,20,64,7.0,7.0,0.9572492583010832,,
flex,6,99991,LE_PCA,1,,,,,LE_PCA|1|None|None|None|None,test,ok,,0.95,0.95,1,60,20,64,7.0,7.0,0.9572492583010832,,
flex,7,99991,AI_PCA,1,,,,,AI_PCA|1|None|None|None|None,test,ok,,0.9,0.9,0,60,20,64,12.0,12.0,0.9528751237196462,,
flex,7,99991,LE_PCA,1,,,,,LE_PCA|1|None|None|None|None,test,ok,,0.9,0.9,1,60,20,64,12.0,12.0,0.9528751237196462,,
flex,8,99991,AI_PCA,1,,,,,AI_PCA|1|None|None|None|None,test,ok,,1.0,1.0,0,60,20,64,8.0,8.0,0.9554553320576712,,
flex,8,99991,LE_PCA,1,,,,,LE_PCA|1|None|None|None|None,test,ok,,1.0,1.0,1,60,20,64,8.0,8.0,0.9554553320576712,,
flex,9,99991,AI_PCA,1,,,,,AI_PCA|1|None|None|None|None,test,ok,,0.9,0.9,0,56,20,64,7.0,7.0,0.9541715067275476,,
flex,9,99991,LE_PCA,1,,,,,LE_PCA|1|None|None|None|None,test,ok,,0.9,0.9,1,56,20,64,7.0,7.0,0.9541715067275476,,
flex,10,99991,AI_PCA,1,,,,,AI_PCA|1|None|None|None|None,test,ok,,0.95,0.95,0,60,20,64,13.0,13.0,0.9544451215550463,,
flex,10,99991,LE_PCA,1,,,,,LE_PCA|1|None|None|None|None,test,ok,,0.95,0.95,1,60,20,64,13.0,13.0,0.9544451215550463,,
flex,11,99991,AI_PCA,1,,,,,AI_PCA|1|None|None|None|None,test,ok,,0.8,0.8,0,57,20,64,6.0,6.0,0.9506968112635806,,
flex,11,99991,LE_PCA,1,,,,,LE_PCA|1|None|None|None|None,test,ok,,0.8,0.8,1,57,20,64,6.0,6.0,0.9506968112635806,,
flex,12,99991,AI_PCA,1,,,,,AI_PCA|1|None|None|None|None,test,ok,,0.9,0.9,0,56,20,64,9.0,9.0,0.9527280796337612,,
flex,12,99991,LE_PCA,1,,,,,LE_PCA|1|None|None|None|None,test,ok,,0.9,0.9,1,56,20,64,9.0,9.0,0.9527280796337612,,
flex,13,99991,AI_PCA,1,,,,,AI_PCA|1|None|None|None|None,test,ok,,0.95,0.95,0,57,20,64,12.0,12.0,0.953138581386738,,
flex,13,99991,LE_PCA,1,,,,,LE_PCA|1|None|None|None|None,test,ok,,0.95,0.95,1,57,20,64,12.0,12.0,0.953138581386738,,
hyser,1,42,AI_PCA,1,,,,,AI_PCA|1|None|None|None|None,test,ok,,0.8529411764705882,0.8529411764705882,0,134,34,256,23.0,23.0,0.9529909144420116,,
hyser,1,42,LE_PCA,1,,,,,LE_PCA|1|None|None|None|None,test,ok,,0.8529411764705882,0.8529411764705882,1,134,34,256,23.0,23.0,0.9529909144420116,,
hyser,2,42,AI_PCA,1,,,,,AI_PCA|1|None|None|None|None,test,ok,,0.8823529411764706,0.8823529411764706,0,135,34,256,13.0,13.0,0.9535423557671548,,
hyser,2,42,LE_PCA,1,,,,,LE_PCA|1|None|None|None|None,test,ok,,0.8235294117647058,0.8235294117647058,1,135,34,256,13.0,13.0,0.9535423557671548,,
hyser,3,42,AI_PCA,1,,,,,AI_PCA|1|None|None|None|None,test,ok,,0.9393939393939394,0.9393939393939394,0,130,33,256,30.0,30.0,0.950250110317696,,
hyser,3,42,LE_PCA,1,,,,,LE_PCA|1|None|None|None|None,test,ok,,0.9090909090909092,0.9090909090909092,1,130,33,256,30.0,30.0,0.950250110317696,,
hyser,4,42,AI_PCA,1,,,,,AI_PCA|1|None|None|None|None,test,ok,,0.9411764705882352,0.9411764705882352,0,134,34,256,20.0,20.0,0.9517993366746532,,
hyser,4,42,LE_PCA,1,,,,,LE_PCA|1|None|None|None|None,test,ok,,0.9411764705882352,0.9411764705882352,1,134,34,256,20.0,20.0,0.9517993366746532,,
hyser,5,42,AI_PCA,1,,,,,AI_PCA|1|None|None|None|None,test,ok,,0.8484848484848485,0.8484848484848485,0,129,33,256,12.0,12.0,0.9512288239781388,,
hyser,5,42,LE_PCA,1,,,,,LE_PCA|1|None|None|None|None,test,ok,,0.7878787878787878,0.7878787878787878,1,129,33,256,12.0,12.0,0.9512288239781388,,
hyser,6,42,AI_PCA,1,,,,,AI_PCA|1|None|None|None|None,test,ok,,0.9705882352941176,0.9705882352941176,0,136,34,256,16.0,16.0,0.9518223000352362,,
hyser,6,42,LE_PCA,1,,,,,LE_PCA|1|None|None|None|None,test,ok,,0.9705882352941176,0.9705882352941176,1,136,34,256,16.0,16.0,0.9518223000352362,,
hyser,7,42,AI_PCA,1,,,,,AI_PCA|1|None|None|None|None,test,ok,,0.9411764705882352,0.9411764705882352,0,136,34,256,13.0,13.0,0.9512384781291368,,
hyser,7,42,LE_PCA,1,,,,,LE_PCA|1|None|None|None|None,test,ok,,0.9705882352941176,0.9705882352941176,1,136,34,256,13.0,13.0,0.9512384781291368,,
hyser,8,42,AI_PCA,1,,,,,AI_PCA|1|None|None|None|None,test,ok,,0.8823529411764706,0.8823529411764706,0,136,34,256,42.0,42.0,0.9503330700750108,,
hyser,8,42,LE_PCA,1,,,,,LE_PCA|1|None|None|None|None,test,ok,,0.8823529411764706,0.8823529411764706,1,136,34,256,42.0,42.0,0.9503330700750108,,
hyser,9,42,AI_PCA,1,,,,,AI_PCA|1|None|None|None|None,test,ok,,1.0,1.0,0,136,34,256,17.0,17.0,0.9513621728406664,,
hyser,9,42,LE_PCA,1,,,,,LE_PCA|1|None|None|None|None,test,ok,,1.0,1.0,1,136,34,256,17.0,17.0,0.9513621728406664,,
hyser,10,42,AI_PCA,1,,,,,AI_PCA|1|None|None|None|None,test,ok,,1.0,1.0,0,135,34,256,23.0,23.0,0.951084094939065,,
hyser,10,42,LE_PCA,1,,,,,LE_PCA|1|None|None|None|None,test,ok,,0.9705882352941176,0.9705882352941176,1,135,34,256,23.0,23.0,0.951084094939065,,
hyser,11,42,AI_PCA,1,,,,,AI_PCA|1|None|None|None|None,test,ok,,0.7878787878787878,0.7878787878787878,0,129,33,256,23.0,23.0,0.9509287666456178,,
hyser,11,42,LE_PCA,1,,,,,LE_PCA|1|None|None|None|None,test,ok,,0.7272727272727273,0.7272727272727273,1,129,33,256,23.0,23.0,0.9509287666456178,,
hyser,12,42,AI_PCA,1,,,,,AI_PCA|1|None|None|None|None,test,ok,,0.7352941176470589,0.7352941176470589,0,134,34,256,6.0,6.0,0.9532330197118456,,
hyser,12,42,LE_PCA,1,,,,,LE_PCA|1|None|None|None|None,test,ok,,0.6764705882352942,0.6764705882352942,1,134,34,256,6.0,6.0,0.9532330197118456,,
hyser,13,42,AI_PCA,1,,,,,AI_PCA|1|None|None|None|None,test,ok,,0.8529411764705882,0.8529411764705882,0,133,34,256,21.0,21.0,0.952216962607671,,
hyser,13,42,LE_PCA,1,,,,,LE_PCA|1|None|None|None|None,test,ok,,0.8235294117647058,0.8235294117647058,1,133,34,256,21.0,21.0,0.952216962607671,,
hyser,14,42,AI_PCA,1,,,,,AI_PCA|1|None|None|None|None,test,ok,,0.9117647058823528,0.9117647058823528,0,134,34,256,16.0,16.0,0.9507321893063538,,
hyser,14,42,LE_PCA,1,,,,,LE_PCA|1|None|None|None|None,test,ok,,0.8529411764705882,0.8529411764705882,1,134,34,256,16.0,16.0,0.9507321893063538,,
hyser,15,42,AI_PCA,1,,,,,AI_PCA|1|None|None|None|None,test,ok,,1.0,1.0,0,136,34,256,33.0,33.0,0.9509369592118084,,
hyser,15,42,LE_PCA,1,,,,,LE_PCA|1|None|None|None|None,test,ok,,1.0,1.0,1,136,34,256,33.0,33.0,0.9509369592118084,,
hyser,16,42,AI_PCA,1,,,,,AI_PCA|1|None|None|None|None,test,ok,,0.7352941176470589,0.7352941176470589,0,131,34,256,29.0,29.0,0.9524644397199508,,
hyser,16,42,LE_PCA,1,,,,,LE_PCA|1|None|None|None|None,test,ok,,0.6764705882352942,0.6764705882352942,1,131,34,256,29.0,29.0,0.9524644397199508,,
hyser,17,42,AI_PCA,1,,,,,AI_PCA|1|None|None|None|None,test,ok,,0.9705882352941176,0.9705882352941176,0,133,34,256,23.0,23.0,0.95126626205467,,
hyser,17,42,LE_PCA,1,,,,,LE_PCA|1|None|None|None|None,test,ok,,0.9705882352941176,0.9705882352941176,1,133,34,256,23.0,23.0,0.95126626205467,,
hyser,18,42,AI_PCA,1,,,,,AI_PCA|1|None|None|None|None,test,ok,,0.9705882352941176,0.9705882352941176,0,136,34,256,18.0,18.0,0.9531111501546022,,
hyser,18,42,LE_PCA,1,,,,,LE_PCA|1|None|None|None|None,test,ok,,0.8823529411764706,0.8823529411764706,1,136,34,256,18.0,18.0,0.9531111501546022,,
hyser,19,42,AI_PCA,1,,,,,AI_PCA|1|None|None|None|None,test,ok,,0.9705882352941176,0.9705882352941176,0,136,34,256,22.0,22.0,0.9520697606304472,,
hyser,19,42,LE_PCA,1,,,,,LE_PCA|1|None|None|None|None,test,ok,,0.9705882352941176,0.9705882352941176,1,136,34,256,22.0,22.0,0.9520697606304472,,
hyser,20,42,AI_PCA,1,,,,,AI_PCA|1|None|None|None|None,test,ok,,0.9705882352941176,0.9705882352941176,0,133,34,256,22.0,22.0,0.9529717628680744,,
hyser,20,42,LE_PCA,1,,,,,LE_PCA|1|None|None|None|None,test,ok,,0.9411764705882352,0.9411764705882352,1,133,34,256,22.0,22.0,0.9529717628680744,,
hyser,1,123,AI_PCA,1,,,,,AI_PCA|1|None|None|None|None,test,ok,,0.8529411764705882,0.8529411764705882,0,134,34,256,22.0,22.0,0.95118884701383,,
hyser,1,123,LE_PCA,1,,,,,LE_PCA|1|None|None|None|None,test,ok,,0.8235294117647058,0.8235294117647058,1,134,34,256,22.0,22.0,0.95118884701383,,
hyser,2,123,AI_PCA,1,,,,,AI_PCA|1|None|None|None|None,test,ok,,0.8235294117647058,0.8235294117647058,0,135,34,256,13.0,13.0,0.9519709983894152,,
hyser,2,123,LE_PCA,1,,,,,LE_PCA|1|None|None|None|None,test,ok,,0.8235294117647058,0.8235294117647058,1,135,34,256,13.0,13.0,0.9519709983894152,,
hyser,3,123,AI_PCA,1,,,,,AI_PCA|1|None|None|None|None,test,ok,,0.9393939393939394,0.9393939393939394,0,130,33,256,30.0,30.0,0.9501028513823632,,
hyser,3,123,LE_PCA,1,,,,,LE_PCA|1|None|None|None|None,test,ok,,0.9090909090909092,0.9090909090909092,1,130,33,256,30.0,30.0,0.9501028513823632,,
hyser,4,123,AI_PCA,1,,,,,AI_PCA|1|None|None|None|None,test,ok,,0.9705882352941176,0.9705882352941176,0,134,34,256,20.0,20.0,0.9502220792059218,,
hyser,4,123,LE_PCA,1,,,,,LE_PCA|1|None|None|None|None,test,ok,,0.9705882352941176,0.9705882352941176,1,134,34,256,20.0,20.0,0.9502220792059218,,
hyser,5,123,AI_PCA,1,,,,,AI_PCA|1|None|None|None|None,test,ok,,0.8484848484848485,0.8484848484848485,0,129,33,256,13.0,13.0,0.9542962251381164,,
hyser,5,123,LE_PCA,1,,,,,LE_PCA|1|None|None|None|None,test,ok,,0.9090909090909092,0.9090909090909092,1,129,33,256,13.0,13.0,0.9542962251381164,,
hyser,6,123,AI_PCA,1,,,,,AI_PCA|1|None|None|None|None,test,ok,,1.0,1.0,0,136,34,256,17.0,17.0,0.9520214803041444,,
hyser,6,123,LE_PCA,1,,,,,LE_PCA|1|None|None|None|None,test,ok,,1.0,1.0,1,136,34,256,17.0,17.0,0.9520214803041444,,
hyser,7,123,AI_PCA,1,,,,,AI_PCA|1|None|None|None|None,test,ok,,0.9411764705882352,0.9411764705882352,0,136,34,256,13.0,13.0,0.952831618302353,,
hyser,7,123,LE_PCA,1,,,,,LE_PCA|1|None|None|None|None,test,ok,,0.8823529411764706,0.8823529411764706,1,136,34,256,13.0,13.0,0.952831618302353,,
hyser,8,123,AI_PCA,1,,,,,AI_PCA|1|None|None|None|None,test,ok,,0.9117647058823528,0.9117647058823528,0,136,34,256,42.0,42.0,0.950074481240742,,
hyser,8,123,LE_PCA,1,,,,,LE_PCA|1|None|None|None|None,test,ok,,0.8823529411764706,0.8823529411764706,1,136,34,256,42.0,42.0,0.950074481240742,,
hyser,9,123,AI_PCA,1,,,,,AI_PCA|1|None|None|None|None,test,ok,,0.9705882352941176,0.9705882352941176,0,136,34,256,17.0,17.0,0.9530883451923772,,
hyser,9,123,LE_PCA,1,,,,,LE_PCA|1|None|None|None|None,test,ok,,0.9705882352941176,0.9705882352941176,1,136,34,256,17.0,17.0,0.9530883451923772,,
hyser,10,123,AI_PCA,1,,,,,AI_PCA|1|None|None|None|None,test,ok,,1.0,1.0,0,135,34,256,23.0,23.0,0.9505574860492424,,
hyser,10,123,LE_PCA,1,,,,,LE_PCA|1|None|None|None|None,test,ok,,1.0,1.0,1,135,34,256,23.0,23.0,0.9505574860492424,,
hyser,11,123,AI_PCA,1,,,,,AI_PCA|1|None|None|None|None,test,ok,,0.7878787878787878,0.7878787878787878,0,129,33,256,18.0,18.0,0.9502684054446858,,
hyser,11,123,LE_PCA,1,,,,,LE_PCA|1|None|None|None|None,test,ok,,0.7272727272727273,0.7272727272727273,1,129,33,256,18.0,18.0,0.9502684054446858,,
hyser,12,123,AI_PCA,1,,,,,AI_PCA|1|None|None|None|None,test,ok,,0.7941176470588235,0.7941176470588235,0,134,34,256,6.0,6.0,0.9528023134211268,,
hyser,12,123,LE_PCA,1,,,,,LE_PCA|1|None|None|None|None,test,ok,,0.7941176470588235,0.7941176470588235,1,134,34,256,6.0,6.0,0.9528023134211268,,
hyser,13,123,AI_PCA,1,,,,,AI_PCA|1|None|None|None|None,test,ok,,0.8529411764705882,0.8529411764705882,0,133,34,256,20.0,20.0,0.952016615493941,,
hyser,13,123,LE_PCA,1,,,,,LE_PCA|1|None|None|None|None,test,ok,,0.8235294117647058,0.8235294117647058,1,133,34,256,20.0,20.0,0.952016615493941,,
hyser,14,123,AI_PCA,1,,,,,AI_PCA|1|None|None|None|None,test,ok,,0.7941176470588235,0.7941176470588235,0,134,34,256,14.0,14.0,0.9523983656315368,,
hyser,14,123,LE_PCA,1,,,,,LE_PCA|1|None|None|None|None,test,ok,,0.7647058823529411,0.7647058823529411,1,134,34,256,14.0,14.0,0.9523983656315368,,
hyser,15,123,AI_PCA,1,,,,,AI_PCA|1|None|None|None|None,test,ok,,0.9411764705882352,0.9411764705882352,0,136,34,256,29.0,29.0,0.95065377802482,,
hyser,15,123,LE_PCA,1,,,,,LE_PCA|1|None|None|None|None,test,ok,,0.9117647058823528,0.9117647058823528,1,136,34,256,29.0,29.0,0.95065377802482,,
hyser,16,123,AI_PCA,1,,,,,AI_PCA|1|None|None|None|None,test,ok,,0.8823529411764706,0.8823529411764706,0,131,34,256,27.0,27.0,0.9504291678211918,,
hyser,16,123,LE_PCA,1,,,,,LE_PCA|1|None|None|None|None,test,ok,,0.8235294117647058,0.8235294117647058,1,131,34,256,27.0,27.0,0.9504291678211918,,
hyser,17,123,AI_PCA,1,,,,,AI_PCA|1|None|None|None|None,test,ok,,0.9705882352941176,0.9705882352941176,0,133,34,256,24.0,24.0,0.9502104208268384,,
hyser,17,123,LE_PCA,1,,,,,LE_PCA|1|None|None|None|None,test,ok,,0.9411764705882352,0.9411764705882352,1,133,34,256,24.0,24.0,0.9502104208268384,,
hyser,18,123,AI_PCA,1,,,,,AI_PCA|1|None|None|None|None,test,ok,,0.9411764705882352,0.9411764705882352,0,136,34,256,18.0,18.0,0.9527495208812506,,
hyser,18,123,LE_PCA,1,,,,,LE_PCA|1|None|None|None|None,test,ok,,0.9411764705882352,0.9411764705882352,1,136,34,256,18.0,18.0,0.9527495208812506,,
hyser,19,123,AI_PCA,1,,,,,AI_PCA|1|None|None|None|None,test,ok,,0.9705882352941176,0.9705882352941176,0,136,34,256,21.0,21.0,0.950579098921731,,
hyser,19,123,LE_PCA,1,,,,,LE_PCA|1|None|None|None|None,test,ok,,0.9705882352941176,0.9705882352941176,1,136,34,256,21.0,21.0,0.950579098921731,,
hyser,20,123,AI_PCA,1,,,,,AI_PCA|1|None|None|None|None,test,ok,,0.8823529411764706,0.8823529411764706,0,133,34,256,22.0,22.0,0.9517141166443,,
hyser,20,123,LE_PCA,1,,,,,LE_PCA|1|None|None|None|None,test,ok,,0.8823529411764706,0.8823529411764706,1,133,34,256,22.0,22.0,0.9517141166443,,
hyser,1,456,AI_PCA,1,,,,,AI_PCA|1|None|None|None|None,test,ok,,0.9705882352941176,0.9705882352941176,0,134,34,256,24.0,24.0,0.9500320204872404,,
hyser,1,456,LE_PCA,1,,,,,LE_PCA|1|None|None|None|None,test,ok,,0.9411764705882352,0.9411764705882352,1,134,34,256,24.0,24.0,0.9500320204872404,,
hyser,2,456,AI_PCA,1,,,,,AI_PCA|1|None|None|None|None,test,ok,,0.9411764705882352,0.9411764705882352,0,135,34,256,14.0,14.0,0.9501356463769915,,
hyser,2,456,LE_PCA,1,,,,,LE_PCA|1|None|None|None|None,test,ok,,0.9411764705882352,0.9411764705882352,1,135,34,256,14.0,14.0,0.9501356463769915,,
hyser,3,456,AI_PCA,1,,,,,AI_PCA|1|None|None|None|None,test,ok,,0.9090909090909092,0.9090909090909092,0,130,33,256,29.0,29.0,0.9513336653265528,,
hyser,3,456,LE_PCA,1,,,,,LE_PCA|1|None|None|None|None,test,ok,,0.8484848484848485,0.8484848484848485,1,130,33,256,29.0,29.0,0.9513336653265528,,
hyser,4,456,AI_PCA,1,,,,,AI_PCA|1|None|None|None|None,test,ok,,0.9705882352941176,0.9705882352941176,0,134,34,256,20.0,20.0,0.9515692386927916,,
hyser,4,456,LE_PCA,1,,,,,LE_PCA|1|None|None|None|None,test,ok,,0.9705882352941176,0.9705882352941176,1,134,34,256,20.0,20.0,0.9515692386927916,,
hyser,5,456,AI_PCA,1,,,,,AI_PCA|1|None|None|None|None,test,ok,,0.8787878787878788,0.8787878787878788,0,129,33,256,13.0,13.0,0.9532966303697666,,
hyser,5,456,LE_PCA,1,,,,,LE_PCA|1|None|None|None|None,test,ok,,0.8787878787878788,0.8787878787878788,1,129,33,256,13.0,13.0,0.9532966303697666,,
hyser,6,456,AI_PCA,1,,,,,AI_PCA|1|None|None|None|None,test,ok,,1.0,1.0,0,136,34,256,17.0,17.0,0.9502292304411776,,
hyser,6,456,LE_PCA,1,,,,,LE_PCA|1|None|None|None|None,test,ok,,1.0,1.0,1,136,34,256,17.0,17.0,0.9502292304411776,,
hyser,7,456,AI_PCA,1,,,,,AI_PCA|1|None|None|None|None,test,ok,,0.9117647058823528,0.9117647058823528,0,136,34,256,13.0,13.0,0.9522110058138572,,
hyser,7,456,LE_PCA,1,,,,,LE_PCA|1|None|None|None|None,test,ok,,0.9705882352941176,0.9705882352941176,1,136,34,256,13.0,13.0,0.9522110058138572,,
hyser,8,456,AI_PCA,1,,,,,AI_PCA|1|None|None|None|None,test,ok,,0.8823529411764706,0.8823529411764706,0,136,34,256,43.0,43.0,0.950605540213738,,
hyser,8,456,LE_PCA,1,,,,,LE_PCA|1|None|None|None|None,test,ok,,0.9117647058823528,0.9117647058823528,1,136,34,256,43.0,43.0,0.950605540213738,,
hyser,9,456,AI_PCA,1,,,,,AI_PCA|1|None|None|None|None,test,ok,,0.9411764705882352,0.9411764705882352,0,136,34,256,17.0,17.0,0.9537153429209964,,
hyser,9,456,LE_PCA,1,,,,,LE_PCA|1|None|None|None|None,test,ok,,0.9411764705882352,0.9411764705882352,1,136,34,256,17.0,17.0,0.9537153429209964,,
hyser,10,456,AI_PCA,1,,,,,AI_PCA|1|None|None|None|None,test,ok,,1.0,1.0,0,135,34,256,23.0,23.0,0.9520105707521496,,
hyser,10,456,LE_PCA,1,,,,,LE_PCA|1|None|None|None|None,test,ok,,1.0,1.0,1,135,34,256,23.0,23.0,0.9520105707521496,,
hyser,11,456,AI_PCA,1,,,,,AI_PCA|1|None|None|None|None,test,ok,,0.7575757575757576,0.7575757575757576,0,129,33,256,19.0,19.0,0.9522898630424864,,
hyser,11,456,LE_PCA,1,,,,,LE_PCA|1|None|None|None|None,test,ok,,0.696969696969697,0.696969696969697,1,129,33,256,19.0,19.0,0.9522898630424864,,
hyser,12,456,AI_PCA,1,,,,,AI_PCA|1|None|None|None|None,test,ok,,0.7941176470588235,0.7941176470588235,0,134,34,256,6.0,6.0,0.951507647474545,,
hyser,12,456,LE_PCA,1,,,,,LE_PCA|1|None|None|None|None,test,ok,,0.7647058823529411,0.7647058823529411,1,134,34,256,6.0,6.0,0.951507647474545,,
hyser,13,456,AI_PCA,1,,,,,AI_PCA|1|None|None|None|None,test,ok,,0.8235294117647058,0.8235294117647058,0,133,34,256,21.0,21.0,0.9521887121353771,,
hyser,13,456,LE_PCA,1,,,,,LE_PCA|1|None|None|None|None,test,ok,,0.8235294117647058,0.8235294117647058,1,133,34,256,21.0,21.0,0.9521887121353771,,
hyser,14,456,AI_PCA,1,,,,,AI_PCA|1|None|None|None|None,test,ok,,0.8529411764705882,0.8529411764705882,0,134,34,256,14.0,14.0,0.95010154639531,,
hyser,14,456,LE_PCA,1,,,,,LE_PCA|1|None|None|None|None,test,ok,,0.8823529411764706,0.8823529411764706,1,134,34,256,14.0,14.0,0.95010154639531,,
hyser,15,456,AI_PCA,1,,,,,AI_PCA|1|None|None|None|None,test,ok,,0.9705882352941176,0.9705882352941176,0,136,34,256,32.0,32.0,0.9507011653363848,,
hyser,15,456,LE_PCA,1,,,,,LE_PCA|1|None|None|None|None,test,ok,,0.9411764705882352,0.9411764705882352,1,136,34,256,32.0,32.0,0.9507011653363848,,
hyser,16,456,AI_PCA,1,,,,,AI_PCA|1|None|None|None|None,test,ok,,0.7647058823529411,0.7647058823529411,0,131,34,256,29.0,29.0,0.952360052944064,,
hyser,16,456,LE_PCA,1,,,,,LE_PCA|1|None|None|None|None,test,ok,,0.7352941176470589,0.7352941176470589,1,131,34,256,29.0,29.0,0.952360052944064,,
hyser,17,456,AI_PCA,1,,,,,AI_PCA|1|None|None|None|None,test,ok,,0.9411764705882352,0.9411764705882352,0,133,34,256,24.0,24.0,0.9521653776363892,,
hyser,17,456,LE_PCA,1,,,,,LE_PCA|1|None|None|None|None,test,ok,,0.9411764705882352,0.9411764705882352,1,133,34,256,24.0,24.0,0.9521653776363892,,
hyser,18,456,AI_PCA,1,,,,,AI_PCA|1|None|None|None|None,test,ok,,0.9411764705882352,0.9411764705882352,0,136,34,256,18.0,18.0,0.9517593019310664,,
hyser,18,456,LE_PCA,1,,,,,LE_PCA|1|None|None|None|None,test,ok,,0.9411764705882352,0.9411764705882352,1,136,34,256,18.0,18.0,0.9517593019310664,,
hyser,19,456,AI_PCA,1,,,,,AI_PCA|1|None|None|None|None,test,ok,,1.0,1.0,0,136,34,256,22.0,22.0,0.9510531874826124,,
hyser,19,456,LE_PCA,1,,,,,LE_PCA|1|None|None|None|None,test,ok,,1.0,1.0,1,136,34,256,22.0,22.0,0.9510531874826124,,
hyser,20,456,AI_PCA,1,,,,,AI_PCA|1|None|None|None|None,test,ok,,0.9705882352941176,0.9705882352941176,0,133,34,256,22.0,22.0,0.9528031963598058,,
hyser,20,456,LE_PCA,1,,,,,LE_PCA|1|None|None|None|None,test,ok,,0.9705882352941176,0.9705882352941176,1,133,34,256,22.0,22.0,0.9528031963598058,,
hyser,1,789,AI_PCA,1,,,,,AI_PCA|1|None|None|None|None,test,ok,,0.8529411764705882,0.8529411764705882,0,134,34,256,22.0,22.0,0.9502926120259516,,
hyser,1,789,LE_PCA,1,,,,,LE_PCA|1|None|None|None|None,test,ok,,0.8529411764705882,0.8529411764705882,1,134,34,256,22.0,22.0,0.9502926120259516,,
hyser,2,789,AI_PCA,1,,,,,AI_PCA|1|None|None|None|None,test,ok,,0.8823529411764706,0.8823529411764706,0,135,34,256,14.0,14.0,0.9515530945120072,,
hyser,2,789,LE_PCA,1,,,,,LE_PCA|1|None|None|None|None,test,ok,,0.8529411764705882,0.8529411764705882,1,135,34,256,14.0,14.0,0.9515530945120072,,
hyser,3,789,AI_PCA,1,,,,,AI_PCA|1|None|None|None|None,test,ok,,0.8787878787878788,0.8787878787878788,0,130,33,256,29.0,29.0,0.9516665085327553,,
hyser,3,789,LE_PCA,1,,,,,LE_PCA|1|None|None|None|None,test,ok,,0.8787878787878788,0.8787878787878788,1,130,33,256,29.0,29.0,0.9516665085327553,,
hyser,4,789,AI_PCA,1,,,,,AI_PCA|1|None|None|None|None,test,ok,,0.9411764705882352,0.9411764705882352,0,134,34,256,21.0,21.0,0.9524949661778814,,
hyser,4,789,LE_PCA,1,,,,,LE_PCA|1|None|None|None|None,test,ok,,0.9117647058823528,0.9117647058823528,1,134,34,256,21.0,21.0,0.9524949661778814,,
hyser,5,789,AI_PCA,1,,,,,AI_PCA|1|None|None|None|None,test,ok,,0.9090909090909092,0.9090909090909092,0,129,33,256,12.0,12.0,0.9501481311169032,,
hyser,5,789,LE_PCA,1,,,,,LE_PCA|1|None|None|None|None,test,ok,,0.8787878787878788,0.8787878787878788,1,129,33,256,12.0,12.0,0.9501481311169032,,
hyser,6,789,AI_PCA,1,,,,,AI_PCA|1|None|None|None|None,test,ok,,1.0,1.0,0,136,34,256,17.0,17.0,0.951168802926414,,
hyser,6,789,LE_PCA,1,,,,,LE_PCA|1|None|None|None|None,test,ok,,1.0,1.0,1,136,34,256,17.0,17.0,0.951168802926414,,
hyser,7,789,AI_PCA,1,,,,,AI_PCA|1|None|None|None|None,test,ok,,0.9705882352941176,0.9705882352941176,0,136,34,256,13.0,13.0,0.9510784860994872,,
hyser,7,789,LE_PCA,1,,,,,LE_PCA|1|None|None|None|None,test,ok,,0.9705882352941176,0.9705882352941176,1,136,34,256,13.0,13.0,0.9510784860994872,,
hyser,8,789,AI_PCA,1,,,,,AI_PCA|1|None|None|None|None,test,ok,,0.9117647058823528,0.9117647058823528,0,136,34,256,40.0,40.0,0.95226601359843,,
hyser,8,789,LE_PCA,1,,,,,LE_PCA|1|None|None|None|None,test,ok,,0.8823529411764706,0.8823529411764706,1,136,34,256,40.0,40.0,0.95226601359843,,
hyser,9,789,AI_PCA,1,,,,,AI_PCA|1|None|None|None|None,test,ok,,1.0,1.0,0,136,34,256,18.0,18.0,0.9513246197908882,,
hyser,9,789,LE_PCA,1,,,,,LE_PCA|1|None|None|None|None,test,ok,,1.0,1.0,1,136,34,256,18.0,18.0,0.9513246197908882,,
hyser,10,789,AI_PCA,1,,,,,AI_PCA|1|None|None|None|None,test,ok,,1.0,1.0,0,135,34,256,23.0,23.0,0.952611758036372,,
hyser,10,789,LE_PCA,1,,,,,LE_PCA|1|None|None|None|None,test,ok,,1.0,1.0,1,135,34,256,23.0,23.0,0.952611758036372,,
hyser,11,789,AI_PCA,1,,,,,AI_PCA|1|None|None|None|None,test,ok,,0.8787878787878788,0.8787878787878788,0,129,33,256,19.0,19.0,0.9531419091143752,,
hyser,11,789,LE_PCA,1,,,,,LE_PCA|1|None|None|None|None,test,ok,,0.7878787878787878,0.7878787878787878,1,129,33,256,19.0,19.0,0.9531419091143752,,
hyser,12,789,AI_PCA,1,,,,,AI_PCA|1|None|None|None|None,test,ok,,0.6470588235294118,0.6470588235294118,0,134,34,256,6.0,6.0,0.9566432201632288,,
hyser,12,789,LE_PCA,1,,,,,LE_PCA|1|None|None|None|None,test,ok,,0.6470588235294118,0.6470588235294118,1,134,34,256,6.0,6.0,0.9566432201632288,,
hyser,13,789,AI_PCA,1,,,,,AI_PCA|1|None|None|None|None,test,ok,,0.9117647058823528,0.9117647058823528,0,133,34,256,20.0,20.0,0.9510363972224564,,
hyser,13,789,LE_PCA,1,,,,,LE_PCA|1|None|None|None|None,test,ok,,0.9117647058823528,0.9117647058823528,1,133,34,256,20.0,20.0,0.9510363972224564,,
hyser,14,789,AI_PCA,1,,,,,AI_PCA|1|None|None|None|None,test,ok,,0.8529411764705882,0.8529411764705882,0,134,34,256,14.0,14.0,0.9515088666595236,,
hyser,14,789,LE_PCA,1,,,,,LE_PCA|1|None|None|None|None,test,ok,,0.8529411764705882,0.8529411764705882,1,134,34,256,14.0,14.0,0.9515088666595236,,
hyser,15,789,AI_PCA,1,,,,,AI_PCA|1|None|None|None|None,test,ok,,0.9411764705882352,0.9411764705882352,0,136,34,256,31.0,31.0,0.950532271435007,,
hyser,15,789,LE_PCA,1,,,,,LE_PCA|1|None|None|None|None,test,ok,,0.9411764705882352,0.9411764705882352,1,136,34,256,31.0,31.0,0.950532271435007,,
hyser,16,789,AI_PCA,1,,,,,AI_PCA|1|None|None|None|None,test,ok,,0.8529411764705882,0.8529411764705882,0,131,34,256,28.0,28.0,0.950590227247415,,
hyser,16,789,LE_PCA,1,,,,,LE_PCA|1|None|None|None|None,test,ok,,0.7647058823529411,0.7647058823529411,1,131,34,256,28.0,28.0,0.950590227247415,,
hyser,17,789,AI_PCA,1,,,,,AI_PCA|1|None|None|None|None,test,ok,,0.9705882352941176,0.9705882352941176,0,133,34,256,24.0,24.0,0.9521321970116794,,
hyser,17,789,LE_PCA,1,,,,,LE_PCA|1|None|None|None|None,test,ok,,0.9117647058823528,0.9117647058823528,1,133,34,256,24.0,24.0,0.9521321970116794,,
hyser,18,789,AI_PCA,1,,,,,AI_PCA|1|None|None|None|None,test,ok,,0.9411764705882352,0.9411764705882352,0,136,34,256,18.0,18.0,0.9528286826196172,,
hyser,18,789,LE_PCA,1,,,,,LE_PCA|1|None|None|None|None,test,ok,,0.9117647058823528,0.9117647058823528,1,136,34,256,18.0,18.0,0.9528286826196172,,
hyser,19,789,AI_PCA,1,,,,,AI_PCA|1|None|None|None|None,test,ok,,0.9705882352941176,0.9705882352941176,0,136,34,256,22.0,22.0,0.951603614722611,,
hyser,19,789,LE_PCA,1,,,,,LE_PCA|1|None|None|None|None,test,ok,,0.9705882352941176,0.9705882352941176,1,136,34,256,22.0,22.0,0.951603614722611,,
hyser,20,789,AI_PCA,1,,,,,AI_PCA|1|None|None|None|None,test,ok,,0.9705882352941176,0.9705882352941176,0,133,34,256,22.0,22.0,0.9515880013189708,,
hyser,20,789,LE_PCA,1,,,,,LE_PCA|1|None|None|None|None,test,ok,,0.9705882352941176,0.9705882352941176,1,133,34,256,22.0,22.0,0.9515880013189708,,
hyser,1,2022,AI_PCA,1,,,,,AI_PCA|1|None|None|None|None,test,ok,,0.9411764705882352,0.9411764705882352,0,134,34,256,22.0,22.0,0.9502860499691898,,
hyser,1,2022,LE_PCA,1,,,,,LE_PCA|1|None|None|None|None,test,ok,,0.9411764705882352,0.9411764705882352,1,134,34,256,22.0,22.0,0.9502860499691898,,
hyser,2,2022,AI_PCA,1,,,,,AI_PCA|1|None|None|None|None,test,ok,,0.9117647058823528,0.9117647058823528,0,135,34,256,15.0,15.0,0.9519921355071036,,
hyser,2,2022,LE_PCA,1,,,,,LE_PCA|1|None|None|None|None,test,ok,,0.8529411764705882,0.8529411764705882,1,135,34,256,15.0,15.0,0.9519921355071036,,
hyser,3,2022,AI_PCA,1,,,,,AI_PCA|1|None|None|None|None,test,ok,,1.0,1.0,0,130,33,256,30.0,30.0,0.95006684855504,,
hyser,3,2022,LE_PCA,1,,,,,LE_PCA|1|None|None|None|None,test,ok,,0.9090909090909092,0.9090909090909092,1,130,33,256,30.0,30.0,0.95006684855504,,
hyser,4,2022,AI_PCA,1,,,,,AI_PCA|1|None|None|None|None,test,ok,,1.0,1.0,0,134,34,256,20.0,20.0,0.9500890559334372,,
hyser,4,2022,LE_PCA,1,,,,,LE_PCA|1|None|None|None|None,test,ok,,1.0,1.0,1,134,34,256,20.0,20.0,0.9500890559334372,,
hyser,5,2022,AI_PCA,1,,,,,AI_PCA|1|None|None|None|None,test,ok,,0.8484848484848485,0.8484848484848485,0,129,33,256,12.0,12.0,0.9517632441188802,,
hyser,5,2022,LE_PCA,1,,,,,LE_PCA|1|None|None|None|None,test,ok,,0.8484848484848485,0.8484848484848485,1,129,33,256,12.0,12.0,0.9517632441188802,,
hyser,6,2022,AI_PCA,1,,,,,AI_PCA|1|None|None|None|None,test,ok,,0.9705882352941176,0.9705882352941176,0,136,34,256,16.0,16.0,0.9504992622407396,,
hyser,6,2022,LE_PCA,1,,,,,LE_PCA|1|None|None|None|None,test,ok,,0.9705882352941176,0.9705882352941176,1,136,34,256,16.0,16.0,0.9504992622407396,,
hyser,7,2022,AI_PCA,1,,,,,AI_PCA|1|None|None|None|None,test,ok,,0.9705882352941176,0.9705882352941176,0,136,34,256,13.0,13.0,0.9519370500822784,,
hyser,7,2022,LE_PCA,1,,,,,LE_PCA|1|None|None|None|None,test,ok,,0.9705882352941176,0.9705882352941176,1,136,34,256,13.0,13.0,0.9519370500822784,,
hyser,8,2022,AI_PCA,1,,,,,AI_PCA|1|None|None|None|None,test,ok,,0.8529411764705882,0.8529411764705882,0,136,34,256,42.0,42.0,0.9501157219243404,,
hyser,8,2022,LE_PCA,1,,,,,LE_PCA|1|None|None|None|None,test,ok,,0.8529411764705882,0.8529411764705882,1,136,34,256,42.0,42.0,0.9501157219243404,,
hyser,9,2022,AI_PCA,1,,,,,AI_PCA|1|None|None|None|None,test,ok,,0.9705882352941176,0.9705882352941176,0,136,34,256,16.0,16.0,0.9511367796065008,,
hyser,9,2022,LE_PCA,1,,,,,LE_PCA|1|None|None|None|None,test,ok,,1.0,1.0,1,136,34,256,16.0,16.0,0.9511367796065008,,
hyser,10,2022,AI_PCA,1,,,,,AI_PCA|1|None|None|None|None,test,ok,,0.9705882352941176,0.9705882352941176,0,135,34,256,24.0,24.0,0.9524964033287836,,
hyser,10,2022,LE_PCA,1,,,,,LE_PCA|1|None|None|None|None,test,ok,,0.9705882352941176,0.9705882352941176,1,135,34,256,24.0,24.0,0.9524964033287836,,
hyser,11,2022,AI_PCA,1,,,,,AI_PCA|1|None|None|None|None,test,ok,,0.8181818181818182,0.8181818181818182,0,129,33,256,18.0,18.0,0.9523471313684464,,
hyser,11,2022,LE_PCA,1,,,,,LE_PCA|1|None|None|None|None,test,ok,,0.7878787878787878,0.7878787878787878,1,129,33,256,18.0,18.0,0.9523471313684464,,
hyser,12,2022,AI_PCA,1,,,,,AI_PCA|1|None|None|None|None,test,ok,,0.9117647058823528,0.9117647058823528,0,134,34,256,5.0,5.0,0.953034434813185,,
hyser,12,2022,LE_PCA,1,,,,,LE_PCA|1|None|None|None|None,test,ok,,0.9117647058823528,0.9117647058823528,1,134,34,256,5.0,5.0,0.953034434813185,,
hyser,13,2022,AI_PCA,1,,,,,AI_PCA|1|None|None|None|None,test,ok,,0.9411764705882352,0.9411764705882352,0,133,34,256,20.0,20.0,0.950113052772984,,
hyser,13,2022,LE_PCA,1,,,,,LE_PCA|1|None|None|None|None,test,ok,,0.9411764705882352,0.9411764705882352,1,133,34,256,20.0,20.0,0.950113052772984,,
hyser,14,2022,AI_PCA,1,,,,,AI_PCA|1|None|None|None|None,test,ok,,0.8235294117647058,0.8235294117647058,0,134,34,256,14.0,14.0,0.9505542485709392,,
hyser,14,2022,LE_PCA,1,,,,,LE_PCA|1|None|None|None|None,test,ok,,0.8235294117647058,0.8235294117647058,1,134,34,256,14.0,14.0,0.9505542485709392,,
hyser,15,2022,AI_PCA,1,,,,,AI_PCA|1|None|None|None|None,test,ok,,0.9117647058823528,0.9117647058823528,0,136,34,256,30.0,30.0,0.95126593253687,,
hyser,15,2022,LE_PCA,1,,,,,LE_PCA|1|None|None|None|None,test,ok,,0.8823529411764706,0.8823529411764706,1,136,34,256,30.0,30.0,0.95126593253687,,
hyser,16,2022,AI_PCA,1,,,,,AI_PCA|1|None|None|None|None,test,ok,,0.8529411764705882,0.8529411764705882,0,131,34,256,30.0,30.0,0.9523449626102238,,
hyser,16,2022,LE_PCA,1,,,,,LE_PCA|1|None|None|None|None,test,ok,,0.8823529411764706,0.8823529411764706,1,131,34,256,30.0,30.0,0.9523449626102238,,
hyser,17,2022,AI_PCA,1,,,,,AI_PCA|1|None|None|None|None,test,ok,,1.0,1.0,0,133,34,256,23.0,23.0,0.9506202473301042,,
hyser,17,2022,LE_PCA,1,,,,,LE_PCA|1|None|None|None|None,test,ok,,1.0,1.0,1,133,34,256,23.0,23.0,0.9506202473301042,,
hyser,18,2022,AI_PCA,1,,,,,AI_PCA|1|None|None|None|None,test,ok,,0.9705882352941176,0.9705882352941176,0,136,34,256,17.0,17.0,0.9509840658673898,,
hyser,18,2022,LE_PCA,1,,,,,LE_PCA|1|None|None|None|None,test,ok,,0.9117647058823528,0.9117647058823528,1,136,34,256,17.0,17.0,0.9509840658673898,,
hyser,19,2022,AI_PCA,1,,,,,AI_PCA|1|None|None|None|None,test,ok,,1.0,1.0,0,136,34,256,22.0,22.0,0.950861240105776,,
hyser,19,2022,LE_PCA,1,,,,,LE_PCA|1|None|None|None|None,test,ok,,1.0,1.0,1,136,34,256,22.0,22.0,0.950861240105776,,
hyser,20,2022,AI_PCA,1,,,,,AI_PCA|1|None|None|None|None,test,ok,,0.9411764705882352,0.9411764705882352,0,133,34,256,22.0,22.0,0.95279424479702,,
hyser,20,2022,LE_PCA,1,,,,,LE_PCA|1|None|None|None|None,test,ok,,0.9411764705882352,0.9411764705882352,1,133,34,256,22.0,22.0,0.95279424479702,,
hyser,1,31415,AI_PCA,1,,,,,AI_PCA|1|None|None|None|None,test,ok,,0.9117647058823528,0.9117647058823528,0,134,34,256,24.0,24.0,0.9502653723382446,,
hyser,1,31415,LE_PCA,1,,,,,LE_PCA|1|None|None|None|None,test,ok,,0.8823529411764706,0.8823529411764706,1,134,34,256,24.0,24.0,0.9502653723382446,,
hyser,2,31415,AI_PCA,1,,,,,AI_PCA|1|None|None|None|None,test,ok,,0.9411764705882352,0.9411764705882352,0,135,34,256,13.0,13.0,0.952374070731245,,
hyser,2,31415,LE_PCA,1,,,,,LE_PCA|1|None|None|None|None,test,ok,,0.9117647058823528,0.9117647058823528,1,135,34,256,13.0,13.0,0.952374070731245,,
hyser,3,31415,AI_PCA,1,,,,,AI_PCA|1|None|None|None|None,test,ok,,0.9090909090909092,0.9090909090909092,0,130,33,256,30.0,30.0,0.9522285967463132,,
hyser,3,31415,LE_PCA,1,,,,,LE_PCA|1|None|None|None|None,test,ok,,0.7878787878787878,0.7878787878787878,1,130,33,256,30.0,30.0,0.9522285967463132,,
hyser,4,31415,AI_PCA,1,,,,,AI_PCA|1|None|None|None|None,test,ok,,0.9411764705882352,0.9411764705882352,0,134,34,256,21.0,21.0,0.9513556898113223,,
hyser,4,31415,LE_PCA,1,,,,,LE_PCA|1|None|None|None|None,test,ok,,0.9411764705882352,0.9411764705882352,1,134,34,256,21.0,21.0,0.9513556898113223,,
hyser,5,31415,AI_PCA,1,,,,,AI_PCA|1|None|None|None|None,test,ok,,0.8787878787878788,0.8787878787878788,0,129,33,256,12.0,12.0,0.9515202214450244,,
hyser,5,31415,LE_PCA,1,,,,,LE_PCA|1|None|None|None|None,test,ok,,0.8787878787878788,0.8787878787878788,1,129,33,256,12.0,12.0,0.9515202214450244,,
hyser,6,31415,AI_PCA,1,,,,,AI_PCA|1|None|None|None|None,test,ok,,0.9411764705882352,0.9411764705882352,0,136,34,256,18.0,18.0,0.9529142812592408,,
hyser,6,31415,LE_PCA,1,,,,,LE_PCA|1|None|None|None|None,test,ok,,0.9411764705882352,0.9411764705882352,1,136,34,256,18.0,18.0,0.9529142812592408,,
hyser,7,31415,AI_PCA,1,,,,,AI_PCA|1|None|None|None|None,test,ok,,0.9705882352941176,0.9705882352941176,0,136,34,256,13.0,13.0,0.9524987194722384,,
hyser,7,31415,LE_PCA,1,,,,,LE_PCA|1|None|None|None|None,test,ok,,0.9705882352941176,0.9705882352941176,1,136,34,256,13.0,13.0,0.9524987194722384,,
hyser,8,31415,AI_PCA,1,,,,,AI_PCA|1|None|None|None|None,test,ok,,0.9411764705882352,0.9411764705882352,0,136,34,256,41.0,41.0,0.9509795678636128,,
hyser,8,31415,LE_PCA,1,,,,,LE_PCA|1|None|None|None|None,test,ok,,0.9117647058823528,0.9117647058823528,1,136,34,256,41.0,41.0,0.9509795678636128,,
hyser,9,31415,AI_PCA,1,,,,,AI_PCA|1|None|None|None|None,test,ok,,0.9705882352941176,0.9705882352941176,0,136,34,256,16.0,16.0,0.9503485069922516,,
hyser,9,31415,LE_PCA,1,,,,,LE_PCA|1|None|None|None|None,test,ok,,0.9705882352941176,0.9705882352941176,1,136,34,256,16.0,16.0,0.9503485069922516,,
hyser,10,31415,AI_PCA,1,,,,,AI_PCA|1|None|None|None|None,test,ok,,1.0,1.0,0,135,34,256,23.0,23.0,0.9511123024737704,,
hyser,10,31415,LE_PCA,1,,,,,LE_PCA|1|None|None|None|None,test,ok,,1.0,1.0,1,135,34,256,23.0,23.0,0.9511123024737704,,
hyser,11,31415,AI_PCA,1,,,,,AI_PCA|1|None|None|None|None,test,ok,,0.7575757575757576,0.7575757575757576,0,129,33,256,20.0,20.0,0.9501576380505884,,
hyser,11,31415,LE_PCA,1,,,,,LE_PCA|1|None|None|None|None,test,ok,,0.7575757575757576,0.7575757575757576,1,129,33,256,20.0,20.0,0.9501576380505884,,
hyser,12,31415,AI_PCA,1,,,,,AI_PCA|1|None|None|None|None,test,ok,,0.8529411764705882,0.8529411764705882,0,134,34,256,6.0,6.0,0.9541917461361274,,
hyser,12,31415,LE_PCA,1,,,,,LE_PCA|1|None|None|None|None,test,ok,,0.8235294117647058,0.8235294117647058,1,134,34,256,6.0,6.0,0.9541917461361274,,
hyser,13,31415,AI_PCA,1,,,,,AI_PCA|1|None|None|None|None,test,ok,,0.9411764705882352,0.9411764705882352,0,133,34,256,21.0,21.0,0.95312656048226,,
hyser,13,31415,LE_PCA,1,,,,,LE_PCA|1|None|None|None|None,test,ok,,0.9117647058823528,0.9117647058823528,1,133,34,256,21.0,21.0,0.95312656048226,,
hyser,14,31415,AI_PCA,1,,,,,AI_PCA|1|None|None|None|None,test,ok,,0.8823529411764706,0.8823529411764706,0,134,34,256,14.0,14.0,0.9513105500304504,,
hyser,14,31415,LE_PCA,1,,,,,LE_PCA|1|None|None|None|None,test,ok,,0.8529411764705882,0.8529411764705882,1,134,34,256,14.0,14.0,0.9513105500304504,,
hyser,15,31415,AI_PCA,1,,,,,AI_PCA|1|None|None|None|None,test,ok,,1.0,1.0,0,136,34,256,33.0,33.0,0.9512279739795856,,
hyser,15,31415,LE_PCA,1,,,,,LE_PCA|1|None|None|None|None,test,ok,,1.0,1.0,1,136,34,256,33.0,33.0,0.9512279739795856,,
hyser,16,31415,AI_PCA,1,,,,,AI_PCA|1|None|None|None|None,test,ok,,0.7941176470588235,0.7941176470588235,0,131,34,256,28.0,28.0,0.9508051090827826,,
hyser,16,31415,LE_PCA,1,,,,,LE_PCA|1|None|None|None|None,test,ok,,0.7647058823529411,0.7647058823529411,1,131,34,256,28.0,28.0,0.9508051090827826,,
hyser,17,31415,AI_PCA,1,,,,,AI_PCA|1|None|None|None|None,test,ok,,1.0,1.0,0,133,34,256,24.0,24.0,0.9518155829121064,,
hyser,17,31415,LE_PCA,1,,,,,LE_PCA|1|None|None|None|None,test,ok,,1.0,1.0,1,133,34,256,24.0,24.0,0.9518155829121064,,
hyser,18,31415,AI_PCA,1,,,,,AI_PCA|1|None|None|None|None,test,ok,,0.9411764705882352,0.9411764705882352,0,136,34,256,18.0,18.0,0.9518460911370756,,
hyser,18,31415,LE_PCA,1,,,,,LE_PCA|1|None|None|None|None,test,ok,,0.9117647058823528,0.9117647058823528,1,136,34,256,18.0,18.0,0.9518460911370756,,
hyser,19,31415,AI_PCA,1,,,,,AI_PCA|1|None|None|None|None,test,ok,,1.0,1.0,0,136,34,256,22.0,22.0,0.9514139478995008,,
hyser,19,31415,LE_PCA,1,,,,,LE_PCA|1|None|None|None|None,test,ok,,1.0,1.0,1,136,34,256,22.0,22.0,0.9514139478995008,,
hyser,20,31415,AI_PCA,1,,,,,AI_PCA|1|None|None|None|None,test,ok,,1.0,1.0,0,133,34,256,22.0,22.0,0.9514403264460756,,
hyser,20,31415,LE_PCA,1,,,,,LE_PCA|1|None|None|None|None,test,ok,,1.0,1.0,1,133,34,256,22.0,22.0,0.9514403264460756,,
hyser,1,27182,AI_PCA,1,,,,,AI_PCA|1|None|None|None|None,test,ok,,0.7941176470588235,0.7941176470588235,0,134,34,256,23.0,23.0,0.9531871011513297,,
hyser,1,27182,LE_PCA,1,,,,,LE_PCA|1|None|None|None|None,test,ok,,0.8235294117647058,0.8235294117647058,1,134,34,256,23.0,23.0,0.9531871011513297,,
hyser,2,27182,AI_PCA,1,,,,,AI_PCA|1|None|None|None|None,test,ok,,0.8235294117647058,0.8235294117647058,0,135,34,256,13.0,13.0,0.9501974196963996,,
hyser,2,27182,LE_PCA,1,,,,,LE_PCA|1|None|None|None|None,test,ok,,0.8235294117647058,0.8235294117647058,1,135,34,256,13.0,13.0,0.9501974196963996,,
hyser,3,27182,AI_PCA,1,,,,,AI_PCA|1|None|None|None|None,test,ok,,0.9393939393939394,0.9393939393939394,0,130,33,256,28.0,28.0,0.9510807040061532,,
hyser,3,27182,LE_PCA,1,,,,,LE_PCA|1|None|None|None|None,test,ok,,0.7878787878787878,0.7878787878787878,1,130,33,256,28.0,28.0,0.9510807040061532,,
hyser,4,27182,AI_PCA,1,,,,,AI_PCA|1|None|None|None|None,test,ok,,0.9411764705882352,0.9411764705882352,0,134,34,256,20.0,20.0,0.951756050568724,,
hyser,4,27182,LE_PCA,1,,,,,LE_PCA|1|None|None|None|None,test,ok,,0.9411764705882352,0.9411764705882352,1,134,34,256,20.0,20.0,0.951756050568724,,
hyser,5,27182,AI_PCA,1,,,,,AI_PCA|1|None|None|None|None,test,ok,,0.8787878787878788,0.8787878787878788,0,129,33,256,12.0,12.0,0.9504279575706376,,
hyser,5,27182,LE_PCA,1,,,,,LE_PCA|1|None|None|None|None,test,ok,,0.8181818181818182,0.8181818181818182,1,129,33,256,12.0,12.0,0.9504279575706376,,
hyser,6,27182,AI_PCA,1,,,,,AI_PCA|1|None|None|None|None,test,ok,,1.0,1.0,0,136,34,256,16.0,16.0,0.9504014431125472,,
hyser,6,27182,LE_PCA,1,,,,,LE_PCA|1|None|None|None|None,test,ok,,1.0,1.0,1,136,34,256,16.0,16.0,0.9504014431125472,,
hyser,7,27182,AI_PCA,1,,,,,AI_PCA|1|None|None|None|None,test,ok,,0.9705882352941176,0.9705882352941176,0,136,34,256,13.0,13.0,0.9521680710172222,,
hyser,7,27182,LE_PCA,1,,,,,LE_PCA|1|None|None|None|None,test,ok,,0.9411764705882352,0.9411764705882352,1,136,34,256,13.0,13.0,0.9521680710172222,,
hyser,8,27182,AI_PCA,1,,,,,AI_PCA|1|None|None|None|None,test,ok,,0.8823529411764706,0.8823529411764706,0,136,34,256,43.0,43.0,0.9518224961481206,,
hyser,8,27182,LE_PCA,1,,,,,LE_PCA|1|None|None|None|None,test,ok,,0.8235294117647058,0.8235294117647058,1,136,34,256,43.0,43.0,0.9518224961481206,,
hyser,9,27182,AI_PCA,1,,,,,AI_PCA|1|None|None|None|None,test,ok,,0.9705882352941176,0.9705882352941176,0,136,34,256,16.0,16.0,0.9500579336692097,,
hyser,9,27182,LE_PCA,1,,,,,LE_PCA|1|None|None|None|None,test,ok,,0.9411764705882352,0.9411764705882352,1,136,34,256,16.0,16.0,0.9500579336692097,,
hyser,10,27182,AI_PCA,1,,,,,AI_PCA|1|None|None|None|None,test,ok,,1.0,1.0,0,135,34,256,23.0,23.0,0.9514640646313692,,
hyser,10,27182,LE_PCA,1,,,,,LE_PCA|1|None|None|None|None,test,ok,,0.9705882352941176,0.9705882352941176,1,135,34,256,23.0,23.0,0.9514640646313692,,
hyser,11,27182,AI_PCA,1,,,,,AI_PCA|1|None|None|None|None,test,ok,,0.7878787878787878,0.7878787878787878,0,129,33,256,19.0,19.0,0.9513378941775325,,
hyser,11,27182,LE_PCA,1,,,,,LE_PCA|1|None|None|None|None,test,ok,,0.7575757575757576,0.7575757575757576,1,129,33,256,19.0,19.0,0.9513378941775325,,
hyser,12,27182,AI_PCA,1,,,,,AI_PCA|1|None|None|None|None,test,ok,,0.7058823529411765,0.7058823529411765,0,134,34,256,6.0,6.0,0.9532375310602952,,
hyser,12,27182,LE_PCA,1,,,,,LE_PCA|1|None|None|None|None,test,ok,,0.7647058823529411,0.7647058823529411,1,134,34,256,6.0,6.0,0.9532375310602952,,
hyser,13,27182,AI_PCA,1,,,,,AI_PCA|1|None|None|None|None,test,ok,,0.9411764705882352,0.9411764705882352,0,133,34,256,20.0,20.0,0.9503307241142388,,
hyser,13,27182,LE_PCA,1,,,,,LE_PCA|1|None|None|None|None,test,ok,,0.9411764705882352,0.9411764705882352,1,133,34,256,20.0,20.0,0.9503307241142388,,
hyser,14,27182,AI_PCA,1,,,,,AI_PCA|1|None|None|None|None,test,ok,,0.8529411764705882,0.8529411764705882,0,134,34,256,14.0,14.0,0.9527998167915852,,
hyser,14,27182,LE_PCA,1,,,,,LE_PCA|1|None|None|None|None,test,ok,,0.7647058823529411,0.7647058823529411,1,134,34,256,14.0,14.0,0.9527998167915852,,
hyser,15,27182,AI_PCA,1,,,,,AI_PCA|1|None|None|None|None,test,ok,,0.9411764705882352,0.9411764705882352,0,136,34,256,33.0,33.0,0.9519730846629626,,
hyser,15,27182,LE_PCA,1,,,,,LE_PCA|1|None|None|None|None,test,ok,,0.9411764705882352,0.9411764705882352,1,136,34,256,33.0,33.0,0.9519730846629626,,
hyser,16,27182,AI_PCA,1,,,,,AI_PCA|1|None|None|None|None,test,ok,,0.8235294117647058,0.8235294117647058,0,131,34,256,29.0,29.0,0.9517527488967475,,
hyser,16,27182,LE_PCA,1,,,,,LE_PCA|1|None|None|None|None,test,ok,,0.7941176470588235,0.7941176470588235,1,131,34,256,29.0,29.0,0.9517527488967475,,
hyser,17,27182,AI_PCA,1,,,,,AI_PCA|1|None|None|None|None,test,ok,,1.0,1.0,0,133,34,256,24.0,24.0,0.9503455811737024,,
hyser,17,27182,LE_PCA,1,,,,,LE_PCA|1|None|None|None|None,test,ok,,1.0,1.0,1,133,34,256,24.0,24.0,0.9503455811737024,,
hyser,18,27182,AI_PCA,1,,,,,AI_PCA|1|None|None|None|None,test,ok,,0.9705882352941176,0.9705882352941176,0,136,34,256,18.0,18.0,0.9518435121789118,,
hyser,18,27182,LE_PCA,1,,,,,LE_PCA|1|None|None|None|None,test,ok,,0.9705882352941176,0.9705882352941176,1,136,34,256,18.0,18.0,0.9518435121789118,,
hyser,19,27182,AI_PCA,1,,,,,AI_PCA|1|None|None|None|None,test,ok,,0.9705882352941176,0.9705882352941176,0,136,34,256,22.0,22.0,0.952191058758788,,
hyser,19,27182,LE_PCA,1,,,,,LE_PCA|1|None|None|None|None,test,ok,,0.9705882352941176,0.9705882352941176,1,136,34,256,22.0,22.0,0.952191058758788,,
hyser,20,27182,AI_PCA,1,,,,,AI_PCA|1|None|None|None|None,test,ok,,0.9411764705882352,0.9411764705882352,0,133,34,256,22.0,22.0,0.9529289074631598,,
hyser,20,27182,LE_PCA,1,,,,,LE_PCA|1|None|None|None|None,test,ok,,0.9411764705882352,0.9411764705882352,1,133,34,256,22.0,22.0,0.9529289074631598,,
hyser,1,8675309,AI_PCA,1,,,,,AI_PCA|1|None|None|None|None,test,ok,,0.9411764705882352,0.9411764705882352,0,134,34,256,23.0,23.0,0.9506053191702524,,
hyser,1,8675309,LE_PCA,1,,,,,LE_PCA|1|None|None|None|None,test,ok,,0.9411764705882352,0.9411764705882352,1,134,34,256,23.0,23.0,0.9506053191702524,,
hyser,2,8675309,AI_PCA,1,,,,,AI_PCA|1|None|None|None|None,test,ok,,0.9117647058823528,0.9117647058823528,0,135,34,256,15.0,15.0,0.9527526374676192,,
hyser,2,8675309,LE_PCA,1,,,,,LE_PCA|1|None|None|None|None,test,ok,,0.9117647058823528,0.9117647058823528,1,135,34,256,15.0,15.0,0.9527526374676192,,
hyser,3,8675309,AI_PCA,1,,,,,AI_PCA|1|None|None|None|None,test,ok,,0.9393939393939394,0.9393939393939394,0,130,33,256,28.0,28.0,0.951383879530272,,
hyser,3,8675309,LE_PCA,1,,,,,LE_PCA|1|None|None|None|None,test,ok,,0.8787878787878788,0.8787878787878788,1,130,33,256,28.0,28.0,0.951383879530272,,
hyser,4,8675309,AI_PCA,1,,,,,AI_PCA|1|None|None|None|None,test,ok,,1.0,1.0,0,134,34,256,21.0,21.0,0.9513462682743205,,
hyser,4,8675309,LE_PCA,1,,,,,LE_PCA|1|None|None|None|None,test,ok,,0.9705882352941176,0.9705882352941176,1,134,34,256,21.0,21.0,0.9513462682743205,,
hyser,5,8675309,AI_PCA,1,,,,,AI_PCA|1|None|None|None|None,test,ok,,0.8787878787878788,0.8787878787878788,0,129,33,256,13.0,13.0,0.9523959198031596,,
hyser,5,8675309,LE_PCA,1,,,,,LE_PCA|1|None|None|None|None,test,ok,,0.9090909090909092,0.9090909090909092,1,129,33,256,13.0,13.0,0.9523959198031596,,
hyser,6,8675309,AI_PCA,1,,,,,AI_PCA|1|None|None|None|None,test,ok,,1.0,1.0,0,136,34,256,18.0,18.0,0.9528657834521812,,
hyser,6,8675309,LE_PCA,1,,,,,LE_PCA|1|None|None|None|None,test,ok,,1.0,1.0,1,136,34,256,18.0,18.0,0.9528657834521812,,
hyser,7,8675309,AI_PCA,1,,,,,AI_PCA|1|None|None|None|None,test,ok,,0.9705882352941176,0.9705882352941176,0,136,34,256,13.0,13.0,0.9509594368677426,,
hyser,7,8675309,LE_PCA,1,,,,,LE_PCA|1|None|None|None|None,test,ok,,0.9705882352941176,0.9705882352941176,1,136,34,256,13.0,13.0,0.9509594368677426,,
hyser,8,8675309,AI_PCA,1,,,,,AI_PCA|1|None|None|None|None,test,ok,,0.8235294117647058,0.8235294117647058,0,136,34,256,41.0,41.0,0.9511573574611336,,
hyser,8,8675309,LE_PCA,1,,,,,LE_PCA|1|None|None|None|None,test,ok,,0.7941176470588235,0.7941176470588235,1,136,34,256,41.0,41.0,0.9511573574611336,,
hyser,9,8675309,AI_PCA,1,,,,,AI_PCA|1|None|None|None|None,test,ok,,1.0,1.0,0,136,34,256,16.0,16.0,0.9503600449889752,,
hyser,9,8675309,LE_PCA,1,,,,,LE_PCA|1|None|None|None|None,test,ok,,1.0,1.0,1,136,34,256,16.0,16.0,0.9503600449889752,,
hyser,10,8675309,AI_PCA,1,,,,,AI_PCA|1|None|None|None|None,test,ok,,0.9705882352941176,0.9705882352941176,0,135,34,256,23.0,23.0,0.9524971024192233,,
hyser,10,8675309,LE_PCA,1,,,,,LE_PCA|1|None|None|None|None,test,ok,,0.9705882352941176,0.9705882352941176,1,135,34,256,23.0,23.0,0.9524971024192233,,
hyser,11,8675309,AI_PCA,1,,,,,AI_PCA|1|None|None|None|None,test,ok,,0.8484848484848485,0.8484848484848485,0,129,33,256,20.0,20.0,0.9510593568196816,,
hyser,11,8675309,LE_PCA,1,,,,,LE_PCA|1|None|None|None|None,test,ok,,0.8484848484848485,0.8484848484848485,1,129,33,256,20.0,20.0,0.9510593568196816,,
hyser,12,8675309,AI_PCA,1,,,,,AI_PCA|1|None|None|None|None,test,ok,,0.7058823529411765,0.7058823529411765,0,134,34,256,6.0,6.0,0.950902691517456,,
hyser,12,8675309,LE_PCA,1,,,,,LE_PCA|1|None|None|None|None,test,ok,,0.7058823529411765,0.7058823529411765,1,134,34,256,6.0,6.0,0.950902691517456,,
hyser,13,8675309,AI_PCA,1,,,,,AI_PCA|1|None|None|None|None,test,ok,,0.8529411764705882,0.8529411764705882,0,133,34,256,21.0,21.0,0.9523602138328524,,
hyser,13,8675309,LE_PCA,1,,,,,LE_PCA|1|None|None|None|None,test,ok,,0.8529411764705882,0.8529411764705882,1,133,34,256,21.0,21.0,0.9523602138328524,,
hyser,14,8675309,AI_PCA,1,,,,,AI_PCA|1|None|None|None|None,test,ok,,0.9117647058823528,0.9117647058823528,0,134,34,256,15.0,15.0,0.9538839992553848,,
hyser,14,8675309,LE_PCA,1,,,,,LE_PCA|1|None|None|None|None,test,ok,,0.8823529411764706,0.8823529411764706,1,134,34,256,15.0,15.0,0.9538839992553848,,
hyser,15,8675309,AI_PCA,1,,,,,AI_PCA|1|None|None|None|None,test,ok,,0.9705882352941176,0.9705882352941176,0,136,34,256,34.0,34.0,0.9518942560693328,,
hyser,15,8675309,LE_PCA,1,,,,,LE_PCA|1|None|None|None|None,test,ok,,1.0,1.0,1,136,34,256,34.0,34.0,0.9518942560693328,,
hyser,16,8675309,AI_PCA,1,,,,,AI_PCA|1|None|None|None|None,test,ok,,0.7058823529411765,0.7058823529411765,0,131,34,256,28.0,28.0,0.950702318421983,,
hyser,16,8675309,LE_PCA,1,,,,,LE_PCA|1|None|None|None|None,test,ok,,0.7058823529411765,0.7058823529411765,1,131,34,256,28.0,28.0,0.950702318421983,,
hyser,17,8675309,AI_PCA,1,,,,,AI_PCA|1|None|None|None|None,test,ok,,0.9705882352941176,0.9705882352941176,0,133,34,256,23.0,23.0,0.9501239825417668,,
hyser,17,8675309,LE_PCA,1,,,,,LE_PCA|1|None|None|None|None,test,ok,,0.9411764705882352,0.9411764705882352,1,133,34,256,23.0,23.0,0.9501239825417668,,
hyser,18,8675309,AI_PCA,1,,,,,AI_PCA|1|None|None|None|None,test,ok,,0.9705882352941176,0.9705882352941176,0,136,34,256,17.0,17.0,0.950598729056037,,
hyser,18,8675309,LE_PCA,1,,,,,LE_PCA|1|None|None|None|None,test,ok,,0.9411764705882352,0.9411764705882352,1,136,34,256,17.0,17.0,0.950598729056037,,
hyser,19,8675309,AI_PCA,1,,,,,AI_PCA|1|None|None|None|None,test,ok,,1.0,1.0,0,136,34,256,22.0,22.0,0.9523034302155288,,
hyser,19,8675309,LE_PCA,1,,,,,LE_PCA|1|None|None|None|None,test,ok,,1.0,1.0,1,136,34,256,22.0,22.0,0.9523034302155288,,
hyser,20,8675309,AI_PCA,1,,,,,AI_PCA|1|None|None|None|None,test,ok,,0.9705882352941176,0.9705882352941176,0,133,34,256,21.0,21.0,0.9502970663232836,,
hyser,20,8675309,LE_PCA,1,,,,,LE_PCA|1|None|None|None|None,test,ok,,0.9705882352941176,0.9705882352941176,1,133,34,256,21.0,21.0,0.9502970663232836,,
hyser,1,104729,AI_PCA,1,,,,,AI_PCA|1|None|None|None|None,test,ok,,0.9411764705882352,0.9411764705882352,0,134,34,256,24.0,24.0,0.9502525038942344,,
hyser,1,104729,LE_PCA,1,,,,,LE_PCA|1|None|None|None|None,test,ok,,0.9411764705882352,0.9411764705882352,1,134,34,256,24.0,24.0,0.9502525038942344,,
hyser,2,104729,AI_PCA,1,,,,,AI_PCA|1|None|None|None|None,test,ok,,0.8235294117647058,0.8235294117647058,0,135,34,256,14.0,14.0,0.9500415093148727,,
hyser,2,104729,LE_PCA,1,,,,,LE_PCA|1|None|None|None|None,test,ok,,0.8235294117647058,0.8235294117647058,1,135,34,256,14.0,14.0,0.9500415093148727,,
hyser,3,104729,AI_PCA,1,,,,,AI_PCA|1|None|None|None|None,test,ok,,0.9090909090909092,0.9090909090909092,0,130,33,256,29.0,29.0,0.952511359613205,,
hyser,3,104729,LE_PCA,1,,,,,LE_PCA|1|None|None|None|None,test,ok,,0.9090909090909092,0.9090909090909092,1,130,33,256,29.0,29.0,0.952511359613205,,
hyser,4,104729,AI_PCA,1,,,,,AI_PCA|1|None|None|None|None,test,ok,,1.0,1.0,0,134,34,256,21.0,21.0,0.9500694754332478,,
hyser,4,104729,LE_PCA,1,,,,,LE_PCA|1|None|None|None|None,test,ok,,0.9705882352941176,0.9705882352941176,1,134,34,256,21.0,21.0,0.9500694754332478,,
hyser,5,104729,AI_PCA,1,,,,,AI_PCA|1|None|None|None|None,test,ok,,0.8484848484848485,0.8484848484848485,0,129,33,256,13.0,13.0,0.9524742045442852,,
hyser,5,104729,LE_PCA,1,,,,,LE_PCA|1|None|None|None|None,test,ok,,0.8787878787878788,0.8787878787878788,1,129,33,256,13.0,13.0,0.9524742045442852,,
hyser,6,104729,AI_PCA,1,,,,,AI_PCA|1|None|None|None|None,test,ok,,1.0,1.0,0,136,34,256,17.0,17.0,0.9508652170879136,,
hyser,6,104729,LE_PCA,1,,,,,LE_PCA|1|None|None|None|None,test,ok,,1.0,1.0,1,136,34,256,17.0,17.0,0.9508652170879136,,
hyser,7,104729,AI_PCA,1,,,,,AI_PCA|1|None|None|None|None,test,ok,,0.9705882352941176,0.9705882352941176,0,136,34,256,13.0,13.0,0.9525294831237876,,
hyser,7,104729,LE_PCA,1,,,,,LE_PCA|1|None|None|None|None,test,ok,,0.9705882352941176,0.9705882352941176,1,136,34,256,13.0,13.0,0.9525294831237876,,
hyser,8,104729,AI_PCA,1,,,,,AI_PCA|1|None|None|None|None,test,ok,,0.9117647058823528,0.9117647058823528,0,136,34,256,41.0,41.0,0.9505907712451748,,
hyser,8,104729,LE_PCA,1,,,,,LE_PCA|1|None|None|None|None,test,ok,,0.8235294117647058,0.8235294117647058,1,136,34,256,41.0,41.0,0.9505907712451748,,
hyser,9,104729,AI_PCA,1,,,,,AI_PCA|1|None|None|None|None,test,ok,,0.9705882352941176,0.9705882352941176,0,136,34,256,16.0,16.0,0.9510442344131302,,
hyser,9,104729,LE_PCA,1,,,,,LE_PCA|1|None|None|None|None,test,ok,,0.9411764705882352,0.9411764705882352,1,136,34,256,16.0,16.0,0.9510442344131302,,
hyser,10,104729,AI_PCA,1,,,,,AI_PCA|1|None|None|None|None,test,ok,,1.0,1.0,0,135,34,256,25.0,25.0,0.9529867383462663,,
hyser,10,104729,LE_PCA,1,,,,,LE_PCA|1|None|None|None|None,test,ok,,1.0,1.0,1,135,34,256,25.0,25.0,0.9529867383462663,,
hyser,11,104729,AI_PCA,1,,,,,AI_PCA|1|None|None|None|None,test,ok,,0.8181818181818182,0.8181818181818182,0,129,33,256,19.0,19.0,0.9526775597366056,,
hyser,11,104729,LE_PCA,1,,,,,LE_PCA|1|None|None|None|None,test,ok,,0.7575757575757576,0.7575757575757576,1,129,33,256,19.0,19.0,0.9526775597366056,,
hyser,12,104729,AI_PCA,1,,,,,AI_PCA|1|None|None|None|None,test,ok,,0.7058823529411765,0.7058823529411765,0,134,34,256,6.0,6.0,0.9555322850796218,,
hyser,12,104729,LE_PCA,1,,,,,LE_PCA|1|None|None|None|None,test,ok,,0.6764705882352942,0.6764705882352942,1,134,34,256,6.0,6.0,0.9555322850796218,,
hyser,13,104729,AI_PCA,1,,,,,AI_PCA|1|None|None|None|None,test,ok,,0.9117647058823528,0.9117647058823528,0,133,34,256,20.0,20.0,0.9503620794749444,,
hyser,13,104729,LE_PCA,1,,,,,LE_PCA|1|None|None|None|None,test,ok,,0.9117647058823528,0.9117647058823528,1,133,34,256,20.0,20.0,0.9503620794749444,,
hyser,14,104729,AI_PCA,1,,,,,AI_PCA|1|None|None|None|None,test,ok,,0.8529411764705882,0.8529411764705882,0,134,34,256,14.0,14.0,0.9519989462041164,,
hyser,14,104729,LE_PCA,1,,,,,LE_PCA|1|None|None|None|None,test,ok,,0.8529411764705882,0.8529411764705882,1,134,34,256,14.0,14.0,0.9519989462041164,,
hyser,15,104729,AI_PCA,1,,,,,AI_PCA|1|None|None|None|None,test,ok,,0.9705882352941176,0.9705882352941176,0,136,34,256,34.0,34.0,0.9516084821958272,,
hyser,15,104729,LE_PCA,1,,,,,LE_PCA|1|None|None|None|None,test,ok,,0.9705882352941176,0.9705882352941176,1,136,34,256,34.0,34.0,0.9516084821958272,,
hyser,16,104729,AI_PCA,1,,,,,AI_PCA|1|None|None|None|None,test,ok,,0.8529411764705882,0.8529411764705882,0,131,34,256,28.0,28.0,0.95076902790606,,
hyser,16,104729,LE_PCA,1,,,,,LE_PCA|1|None|None|None|None,test,ok,,0.7941176470588235,0.7941176470588235,1,131,34,256,28.0,28.0,0.95076902790606,,
hyser,17,104729,AI_PCA,1,,,,,AI_PCA|1|None|None|None|None,test,ok,,1.0,1.0,0,133,34,256,24.0,24.0,0.9518680043677198,,
hyser,17,104729,LE_PCA,1,,,,,LE_PCA|1|None|None|None|None,test,ok,,1.0,1.0,1,133,34,256,24.0,24.0,0.9518680043677198,,
hyser,18,104729,AI_PCA,1,,,,,AI_PCA|1|None|None|None|None,test,ok,,0.9117647058823528,0.9117647058823528,0,136,34,256,18.0,18.0,0.9520912451094088,,
hyser,18,104729,LE_PCA,1,,,,,LE_PCA|1|None|None|None|None,test,ok,,0.8823529411764706,0.8823529411764706,1,136,34,256,18.0,18.0,0.9520912451094088,,
hyser,19,104729,AI_PCA,1,,,,,AI_PCA|1|None|None|None|None,test,ok,,1.0,1.0,0,136,34,256,22.0,22.0,0.9515448398636596,,
hyser,19,104729,LE_PCA,1,,,,,LE_PCA|1|None|None|None|None,test,ok,,0.9705882352941176,0.9705882352941176,1,136,34,256,22.0,22.0,0.9515448398636596,,
hyser,20,104729,AI_PCA,1,,,,,AI_PCA|1|None|None|None|None,test,ok,,1.0,1.0,0,133,34,256,22.0,22.0,0.9527407729671258,,
hyser,20,104729,LE_PCA,1,,,,,LE_PCA|1|None|None|None|None,test,ok,,1.0,1.0,1,133,34,256,22.0,22.0,0.9527407729671258,,
hyser,1,99991,AI_PCA,1,,,,,AI_PCA|1|None|None|None|None,test,ok,,0.9117647058823528,0.9117647058823528,0,134,34,256,24.0,24.0,0.9500299363089764,,
hyser,1,99991,LE_PCA,1,,,,,LE_PCA|1|None|None|None|None,test,ok,,0.8823529411764706,0.8823529411764706,1,134,34,256,24.0,24.0,0.9500299363089764,,
hyser,2,99991,AI_PCA,1,,,,,AI_PCA|1|None|None|None|None,test,ok,,0.8529411764705882,0.8529411764705882,0,135,34,256,13.0,13.0,0.9522640683602236,,
hyser,2,99991,LE_PCA,1,,,,,LE_PCA|1|None|None|None|None,test,ok,,0.8529411764705882,0.8529411764705882,1,135,34,256,13.0,13.0,0.9522640683602236,,
hyser,3,99991,AI_PCA,1,,,,,AI_PCA|1|None|None|None|None,test,ok,,0.9090909090909092,0.9090909090909092,0,130,33,256,32.0,32.0,0.951996420602538,,
hyser,3,99991,LE_PCA,1,,,,,LE_PCA|1|None|None|None|None,test,ok,,0.9090909090909092,0.9090909090909092,1,130,33,256,32.0,32.0,0.951996420602538,,
hyser,4,99991,AI_PCA,1,,,,,AI_PCA|1|None|None|None|None,test,ok,,0.9117647058823528,0.9117647058823528,0,134,34,256,22.0,22.0,0.9520757863942076,,
hyser,4,99991,LE_PCA,1,,,,,LE_PCA|1|None|None|None|None,test,ok,,0.9117647058823528,0.9117647058823528,1,134,34,256,22.0,22.0,0.9520757863942076,,
hyser,5,99991,AI_PCA,1,,,,,AI_PCA|1|None|None|None|None,test,ok,,0.9393939393939394,0.9393939393939394,0,129,33,256,13.0,13.0,0.9545681726379152,,
hyser,5,99991,LE_PCA,1,,,,,LE_PCA|1|None|None|None|None,test,ok,,0.8787878787878788,0.8787878787878788,1,129,33,256,13.0,13.0,0.9545681726379152,,
hyser,6,99991,AI_PCA,1,,,,,AI_PCA|1|None|None|None|None,test,ok,,0.9117647058823528,0.9117647058823528,0,136,34,256,17.0,17.0,0.9500701885077166,,
hyser,6,99991,LE_PCA,1,,,,,LE_PCA|1|None|None|None|None,test,ok,,0.9117647058823528,0.9117647058823528,1,136,34,256,17.0,17.0,0.9500701885077166,,
hyser,7,99991,AI_PCA,1,,,,,AI_PCA|1|None|None|None|None,test,ok,,0.9411764705882352,0.9411764705882352,0,136,34,256,13.0,13.0,0.9518688071455232,,
hyser,7,99991,LE_PCA,1,,,,,LE_PCA|1|None|None|None|None,test,ok,,0.9411764705882352,0.9411764705882352,1,136,34,256,13.0,13.0,0.9518688071455232,,
hyser,8,99991,AI_PCA,1,,,,,AI_PCA|1|None|None|None|None,test,ok,,0.9411764705882352,0.9411764705882352,0,136,34,256,41.0,41.0,0.9506545695881216,,
hyser,8,99991,LE_PCA,1,,,,,LE_PCA|1|None|None|None|None,test,ok,,0.8823529411764706,0.8823529411764706,1,136,34,256,41.0,41.0,0.9506545695881216,,
hyser,9,99991,AI_PCA,1,,,,,AI_PCA|1|None|None|None|None,test,ok,,0.9705882352941176,0.9705882352941176,0,136,34,256,17.0,17.0,0.9529010369686708,,
hyser,9,99991,LE_PCA,1,,,,,LE_PCA|1|None|None|None|None,test,ok,,0.9705882352941176,0.9705882352941176,1,136,34,256,17.0,17.0,0.9529010369686708,,
hyser,10,99991,AI_PCA,1,,,,,AI_PCA|1|None|None|None|None,test,ok,,0.9705882352941176,0.9705882352941176,0,135,34,256,24.0,24.0,0.9519000208749996,,
hyser,10,99991,LE_PCA,1,,,,,LE_PCA|1|None|None|None|None,test,ok,,0.9705882352941176,0.9705882352941176,1,135,34,256,24.0,24.0,0.9519000208749996,,
hyser,11,99991,AI_PCA,1,,,,,AI_PCA|1|None|None|None|None,test,ok,,0.8484848484848485,0.8484848484848485,0,129,33,256,20.0,20.0,0.9521972036451808,,
hyser,11,99991,LE_PCA,1,,,,,LE_PCA|1|None|None|None|None,test,ok,,0.7878787878787878,0.7878787878787878,1,129,33,256,20.0,20.0,0.9521972036451808,,
hyser,12,99991,AI_PCA,1,,,,,AI_PCA|1|None|None|None|None,test,ok,,0.7647058823529411,0.7647058823529411,0,134,34,256,6.0,6.0,0.9534376093545412,,
hyser,12,99991,LE_PCA,1,,,,,LE_PCA|1|None|None|None|None,test,ok,,0.7352941176470589,0.7352941176470589,1,134,34,256,6.0,6.0,0.9534376093545412,,
hyser,13,99991,AI_PCA,1,,,,,AI_PCA|1|None|None|None|None,test,ok,,0.8529411764705882,0.8529411764705882,0,133,34,256,21.0,21.0,0.9534059578736802,,
hyser,13,99991,LE_PCA,1,,,,,LE_PCA|1|None|None|None|None,test,ok,,0.8529411764705882,0.8529411764705882,1,133,34,256,21.0,21.0,0.9534059578736802,,
hyser,14,99991,AI_PCA,1,,,,,AI_PCA|1|None|None|None|None,test,ok,,0.8823529411764706,0.8823529411764706,0,134,34,256,14.0,14.0,0.9515833880527312,,
hyser,14,99991,LE_PCA,1,,,,,LE_PCA|1|None|None|None|None,test,ok,,0.8235294117647058,0.8235294117647058,1,134,34,256,14.0,14.0,0.9515833880527312,,
hyser,15,99991,AI_PCA,1,,,,,AI_PCA|1|None|None|None|None,test,ok,,1.0,1.0,0,136,34,256,30.0,30.0,0.9500798309933592,,
hyser,15,99991,LE_PCA,1,,,,,LE_PCA|1|None|None|None|None,test,ok,,0.9705882352941176,0.9705882352941176,1,136,34,256,30.0,30.0,0.9500798309933592,,
hyser,16,99991,AI_PCA,1,,,,,AI_PCA|1|None|None|None|None,test,ok,,0.8823529411764706,0.8823529411764706,0,131,34,256,28.0,28.0,0.9523039936163764,,
hyser,16,99991,LE_PCA,1,,,,,LE_PCA|1|None|None|None|None,test,ok,,0.8823529411764706,0.8823529411764706,1,131,34,256,28.0,28.0,0.9523039936163764,,
hyser,17,99991,AI_PCA,1,,,,,AI_PCA|1|None|None|None|None,test,ok,,0.9705882352941176,0.9705882352941176,0,133,34,256,23.0,23.0,0.9510073710225512,,
hyser,17,99991,LE_PCA,1,,,,,LE_PCA|1|None|None|None|None,test,ok,,0.9705882352941176,0.9705882352941176,1,133,34,256,23.0,23.0,0.9510073710225512,,
hyser,18,99991,AI_PCA,1,,,,,AI_PCA|1|None|None|None|None,test,ok,,0.9411764705882352,0.9411764705882352,0,136,34,256,18.0,18.0,0.9523087181297352,,
hyser,18,99991,LE_PCA,1,,,,,LE_PCA|1|None|None|None|None,test,ok,,0.9411764705882352,0.9411764705882352,1,136,34,256,18.0,18.0,0.9523087181297352,,
hyser,19,99991,AI_PCA,1,,,,,AI_PCA|1|None|None|None|None,test,ok,,0.9411764705882352,0.9411764705882352,0,136,34,256,22.0,22.0,0.9518107643506684,,
hyser,19,99991,LE_PCA,1,,,,,LE_PCA|1|None|None|None|None,test,ok,,0.9411764705882352,0.9411764705882352,1,136,34,256,22.0,22.0,0.9518107643506684,,
hyser,20,99991,AI_PCA,1,,,,,AI_PCA|1|None|None|None|None,test,ok,,0.9411764705882352,0.9411764705882352,0,133,34,256,22.0,22.0,0.951886315893158,,
hyser,20,99991,LE_PCA,1,,,,,LE_PCA|1|None|None|None|None,test,ok,,0.9411764705882352,0.9411764705882352,1,133,34,256,22.0,22.0,0.951886315893158,,
