p,repetition,seed,method,neighbors,accuracy,accuracy_weak,accuracy_strong,zero_fraction,intra,inter,n_train,n_test,n_min,n_max,c,n_pool,n_classes,whitening_error,rank_mp_mean,rank_mp_correct_fraction,rank_naive_mean,xi_mean,oracle_rank
32,0,9236101,affine_corrigee,3,0.5,0.625,0.375,0.24609375,0.0039788233116269,0.419820636510849,16,16,320,320,0.1,5120,4,1.7418948743207906e-14,0.75,0.75,10.65625,0.810041651182989,
32,0,9236101,grassmann_corrigee_mp,3,0.6875,0.375,1.0,0.15625,0.4741093516349792,1.2914782762527466,16,16,320,320,0.1,5120,4,1.7418948743207906e-14,0.75,0.75,10.65625,0.810041651182989,
32,0,9236101,grassmann_naive_rang_naif,3,0.5625,0.375,0.75,0.0,3.54823637008667,3.677419424057007,16,16,320,320,0.1,5120,4,1.7418948743207906e-14,0.75,0.75,10.65625,0.810041651182989,
32,0,9236101,grassmann_oracle_empirical,3,0.875,0.75,1.0,0.1484375,0.2835392951965332,1.1666216850280762,16,16,320,320,0.1,5120,4,,,,,,1.0
32,0,9236101,log_euclidienne_corrigee,3,0.625,0.75,0.5,0.1328125,0.0073128240182995,0.4251775741577148,16,16,320,320,0.1,5120,4,1.7418948743207906e-14,0.75,0.75,10.65625,0.810041651182989,
32,1,9236101,affine_corrigee,3,0.625,0.375,0.875,0.1484375,0.0072697950527071,0.4131104648113251,16,16,320,320,0.1,5120,4,2.3589211202488383e-14,0.78125,0.78125,10.375,0.8081210498918827,
32,1,9236101,grassmann_corrigee_mp,3,0.625,0.375,0.875,0.1328125,0.5488041639328003,1.2732980251312256,16,16,320,320,0.1,5120,4,2.3589211202488383e-14,0.78125,0.78125,10.375,0.8081210498918827,
32,1,9236101,grassmann_naive_rang_naif,3,0.375,0.0,0.75,0.0,3.5487658977508545,3.6644887924194336,16,16,320,320,0.1,5120,4,2.3589211202488383e-14,0.78125,0.78125,10.375,0.8081210498918827,
32,1,9236101,grassmann_oracle_empirical,3,0.6875,0.875,0.5,0.1796875,0.1380956768989563,1.13580060005188,16,16,320,320,0.1,5120,4,,,,,,1.0
32,1,9236101,log_euclidienne_corrigee,3,0.75,0.625,0.875,0.09375,0.0115797445178031,0.4185045659542084,16,16,320,320,0.1,5120,4,2.3589211202488383e-14,0.78125,0.78125,10.375,0.8081210498918827,
32,2,9236101,affine_corrigee,3,0.5625,0.5,0.625,0.26953125,0.0028853751718997,0.4098194539546966,16,16,320,320,0.1,5120,4,1.91435513162998e-14,0.78125,0.78125,10.6875,0.8119815219274507,
32,2,9236101,grassmann_corrigee_mp,3,0.875,0.875,0.875,0.15234375,0.4704339802265167,1.2917338609695437,16,16,320,320,0.1,5120,4,1.91435513162998e-14,0.78125,0.78125,10.6875,0.8119815219274507,
32,2,9236101,grassmann_naive_rang_naif,3,0.5625,0.5,0.625,0.0,3.509771585464477,3.66191291809082,16,16,320,320,0.1,5120,4,1.91435513162998e-14,0.78125,0.78125,10.6875,0.8119815219274507,
32,2,9236101,grassmann_oracle_empirical,3,0.875,1.0,0.75,0.1875,0.1232358887791633,1.1499106884002686,16,16,320,320,0.1,5120,4,,,,,,1.0
32,2,9236101,log_euclidienne_corrigee,3,0.5,0.5,0.5,0.19921875,0.0056383707560598,0.4148186445236206,16,16,320,320,0.1,5120,4,1.91435513162998e-14,0.78125,0.78125,10.6875,0.8119815219274507,
32,3,9236101,affine_corrigee,3,0.6875,0.625,0.75,0.21484375,0.0042754961177706,0.4144118130207062,16,16,320,320,0.1,5120,4,1.7204886207597714e-14,0.6875,0.6875,10.6875,0.8233033957542105,
32,3,9236101,grassmann_corrigee_mp,3,0.6875,0.375,1.0,0.23046875,0.4163651168346405,1.2925617694854736,16,16,320,320,0.1,5120,4,1.7204886207597714e-14,0.6875,0.6875,10.6875,0.8233033957542105,
32,3,9236101,grassmann_naive_rang_naif,3,0.625,0.75,0.5,0.0,3.48150634765625,3.6719114780426025,16,16,320,320,0.1,5120,4,1.7204886207597714e-14,0.6875,0.6875,10.6875,0.8233033957542105,
32,3,9236101,grassmann_oracle_empirical,3,0.9375,0.875,1.0,0.18359375,0.1306193172931671,1.1341148614883425,16,16,320,320,0.1,5120,4,,,,,,1.0
32,3,9236101,log_euclidienne_corrigee,3,0.8125,0.75,0.875,0.1328125,0.0079796770587563,0.4200785160064697,16,16,320,320,0.1,5120,4,1.7204886207597714e-14,0.6875,0.6875,10.6875,0.8233033957542105,
32,4,9236101,affine_corrigee,3,0.75,0.75,0.75,0.14453125,0.0089031942188739,0.4157778024673462,16,16,320,320,0.1,5120,4,1.8141016014523086e-14,0.6875,0.6875,10.5625,0.8218910762802971,
32,4,9236101,grassmann_corrigee_mp,3,0.5625,0.125,1.0,0.19140625,0.5298061966896057,1.3037593364715576,16,16,320,320,0.1,5120,4,1.8141016014523086e-14,0.6875,0.6875,10.5625,0.8218910762802971,
32,4,9236101,grassmann_naive_rang_naif,3,0.4375,0.5,0.375,0.0,3.525182247161865,3.672098159790039,16,16,320,320,0.1,5120,4,1.8141016014523086e-14,0.6875,0.6875,10.5625,0.8218910762802971,
32,4,9236101,grassmann_oracle_empirical,3,0.9375,0.875,1.0,0.1875,0.1590320318937301,1.1344891786575315,16,16,320,320,0.1,5120,4,,,,,,1.0
32,4,9236101,log_euclidienne_corrigee,3,0.6875,0.75,0.625,0.0859375,0.0137456860393285,0.4216324388980865,16,16,320,320,0.1,5120,4,1.8141016014523086e-14,0.6875,0.6875,10.5625,0.8218910762802971,
32,5,9236101,affine_corrigee,3,0.5,0.5,0.5,0.2421875,0.0046764747239649,0.4125953614711761,16,16,320,320,0.1,5120,4,1.5646732748408294e-14,0.8125,0.8125,10.59375,0.8165954909595017,
32,5,9236101,grassmann_corrigee_mp,3,0.625,0.25,1.0,0.17578125,0.5209949016571045,1.259608268737793,16,16,320,320,0.1,5120,4,1.5646732748408294e-14,0.8125,0.8125,10.59375,0.8165954909595017,
32,5,9236101,grassmann_naive_rang_naif,3,0.5,0.375,0.625,0.0,3.474772691726685,3.641033172607422,16,16,320,320,0.1,5120,4,1.5646732748408294e-14,0.8125,0.8125,10.59375,0.8165954909595017,
32,5,9236101,grassmann_oracle_empirical,3,0.8125,0.75,0.875,0.23828125,0.1444646418094635,1.1029258966445925,16,16,320,320,0.1,5120,4,,,,,,1.0
32,5,9236101,log_euclidienne_corrigee,3,0.6875,0.5,0.875,0.12890625,0.0082347700372338,0.418004423379898,16,16,320,320,0.1,5120,4,1.5646732748408294e-14,0.8125,0.8125,10.59375,0.8165954909595017,
32,6,9236101,affine_corrigee,3,0.8125,0.625,1.0,0.18359375,0.0054628206416964,0.4153759777545929,16,16,320,320,0.1,5120,4,1.6262787763192802e-14,0.6875,0.6875,10.75,0.8249263913047487,
32,6,9236101,grassmann_corrigee_mp,3,0.625,0.25,1.0,0.19921875,0.3638917803764343,1.3204385042190552,16,16,320,320,0.1,5120,4,1.6262787763192802e-14,0.6875,0.6875,10.75,0.8249263913047487,
32,6,9236101,grassmann_naive_rang_naif,3,0.625,0.625,0.625,0.0,3.4726529121398926,3.6474697589874254,16,16,320,320,0.1,5120,4,1.6262787763192802e-14,0.6875,0.6875,10.75,0.8249263913047487,
32,6,9236101,grassmann_oracle_empirical,3,0.5,0.125,0.875,0.14453125,0.2738394737243652,1.156559944152832,16,16,320,320,0.1,5120,4,,,,,,1.0
32,6,9236101,log_euclidienne_corrigee,3,0.75,0.5,1.0,0.078125,0.0097322482615709,0.4211955964565277,16,16,320,320,0.1,5120,4,1.6262787763192802e-14,0.6875,0.6875,10.75,0.8249263913047487,
32,7,9236101,affine_corrigee,3,0.75,0.625,0.875,0.1875,0.0067178988829255,0.4241856634616852,16,16,320,320,0.1,5120,4,1.5602948339528937e-14,0.78125,0.78125,10.875,0.804409170595666,
32,7,9236101,grassmann_corrigee_mp,3,0.8125,0.625,1.0,0.16796875,0.4667125642299652,1.2889124155044556,16,16,320,320,0.1,5120,4,1.5602948339528937e-14,0.78125,0.78125,10.875,0.804409170595666,
32,7,9236101,grassmann_naive_rang_naif,3,0.5625,0.875,0.25,0.0,3.560068368911743,3.703678846359253,16,16,320,320,0.1,5120,4,1.5602948339528937e-14,0.78125,0.78125,10.875,0.804409170595666,
32,7,9236101,grassmann_oracle_empirical,3,0.9375,0.875,1.0,0.12109375,0.2199105024337768,1.1691888570785522,16,16,320,320,0.1,5120,4,,,,,,1.0
32,7,9236101,log_euclidienne_corrigee,3,0.8125,0.75,0.875,0.1328125,0.0105928443372249,0.4297383725643158,16,16,320,320,0.1,5120,4,1.5602948339528937e-14,0.78125,0.78125,10.875,0.804409170595666,
32,8,9236101,affine_corrigee,3,0.75,0.625,0.875,0.22265625,0.0048887063749134,0.4235855638980865,16,16,320,320,0.1,5120,4,1.9040256224560643e-14,0.71875,0.71875,10.375,0.8252481377664336,
32,8,9236101,grassmann_corrigee_mp,3,0.625,0.25,1.0,0.1796875,0.5089585185050964,1.30121910572052,16,16,320,320,0.1,5120,4,1.9040256224560643e-14,0.71875,0.71875,10.375,0.8252481377664336,
32,8,9236101,grassmann_naive_rang_naif,3,0.625,0.75,0.5,0.0,3.500427722930908,3.6601333618164062,16,16,320,320,0.1,5120,4,1.9040256224560643e-14,0.71875,0.71875,10.375,0.8252481377664336,
32,8,9236101,grassmann_oracle_empirical,3,0.8125,0.75,0.875,0.15234375,0.2142346501350402,1.139487385749817,16,16,320,320,0.1,5120,4,,,,,,1.0
32,8,9236101,log_euclidienne_corrigee,3,0.6875,0.75,0.625,0.1171875,0.0088420454412698,0.4291541576385498,16,16,320,320,0.1,5120,4,1.9040256224560643e-14,0.71875,0.71875,10.375,0.8252481377664336,
32,9,9236101,affine_corrigee,3,0.5,0.375,0.625,0.16796875,0.0067225135862827,0.4106311798095703,16,16,320,320,0.1,5120,4,1.774643745287984e-14,0.71875,0.71875,10.71875,0.8178563057854376,
32,9,9236101,grassmann_corrigee_mp,3,0.5,0.0,1.0,0.18359375,0.5490556955337524,1.2834371328353882,16,16,320,320,0.1,5120,4,1.774643745287984e-14,0.71875,0.71875,10.71875,0.8178563057854376,
32,9,9236101,grassmann_naive_rang_naif,3,0.5,0.5,0.5,0.0,3.539062976837158,3.693183183670044,16,16,320,320,0.1,5120,4,1.774643745287984e-14,0.71875,0.71875,10.71875,0.8178563057854376,
32,9,9236101,grassmann_oracle_empirical,3,0.8125,0.75,0.875,0.171875,0.2477848976850509,1.1570135354995728,16,16,320,320,0.1,5120,4,,,,,,1.0
32,9,9236101,log_euclidienne_corrigee,3,0.5,0.375,0.625,0.078125,0.0114256106317043,0.4164076745510101,16,16,320,320,0.1,5120,4,1.774643745287984e-14,0.71875,0.71875,10.71875,0.8178563057854376,
32,10,9236101,affine_corrigee,3,0.6875,0.625,0.75,0.1796875,0.0062422342598438,0.4152042865753174,16,16,320,320,0.1,5120,4,1.8494669349465672e-14,0.71875,0.71875,10.71875,0.8130599730116046,
32,10,9236101,grassmann_corrigee_mp,3,0.8125,0.625,1.0,0.17578125,0.4967314004898071,1.30260169506073,16,16,320,320,0.1,5120,4,1.8494669349465672e-14,0.71875,0.71875,10.71875,0.8130599730116046,
32,10,9236101,grassmann_naive_rang_naif,3,0.5,0.5,0.5,0.0,3.532315254211426,3.694707155227661,16,16,320,320,0.1,5120,4,1.8494669349465672e-14,0.71875,0.71875,10.71875,0.8130599730116046,
32,10,9236101,grassmann_oracle_empirical,3,0.6875,0.625,0.75,0.1953125,0.2139288634061813,1.1258563995361328,16,16,320,320,0.1,5120,4,,,,,,1.0
32,10,9236101,log_euclidienne_corrigee,3,0.625,0.5,0.75,0.08984375,0.0102780777961015,0.4210912883281708,16,16,320,320,0.1,5120,4,1.8494669349465672e-14,0.71875,0.71875,10.71875,0.8130599730116046,
32,11,9236101,affine_corrigee,3,0.8125,0.875,0.75,0.22265625,0.0038115358911454,0.4141910970211029,16,16,320,320,0.1,5120,4,2.0848386486031584e-14,0.75,0.75,10.84375,0.8192234158274531,
32,11,9236101,grassmann_corrigee_mp,3,0.625,0.25,1.0,0.18359375,0.4647209644317627,1.288119196891785,16,16,320,320,0.1,5120,4,2.0848386486031584e-14,0.75,0.75,10.84375,0.8192234158274531,
32,11,9236101,grassmann_naive_rang_naif,3,0.4375,0.5,0.375,0.0,3.5515527725219727,3.6995773315429688,16,16,320,320,0.1,5120,4,2.0848386486031584e-14,0.75,0.75,10.84375,0.8192234158274531,
32,11,9236101,grassmann_oracle_empirical,3,0.875,0.875,0.875,0.19140625,0.1609901487827301,1.1233922243118286,16,16,320,320,0.1,5120,4,,,,,,1.0
32,11,9236101,log_euclidienne_corrigee,3,0.6875,0.875,0.5,0.109375,0.0078353993594646,0.4196096956729889,16,16,320,320,0.1,5120,4,2.0848386486031584e-14,0.75,0.75,10.84375,0.8192234158274531,
32,12,9236101,affine_corrigee,3,0.625,0.75,0.5,0.2265625,0.0055207540281116,0.4207305908203125,16,16,320,320,0.1,5120,4,1.6336433048096122e-14,0.78125,0.78125,10.59375,0.8185854928592149,
32,12,9236101,grassmann_corrigee_mp,3,0.625,0.25,1.0,0.16796875,0.5426396131515503,1.2565548419952393,16,16,320,320,0.1,5120,4,1.6336433048096122e-14,0.78125,0.78125,10.59375,0.8185854928592149,
32,12,9236101,grassmann_naive_rang_naif,3,0.5,0.5,0.5,0.0,3.4530301094055176,3.6665055751800537,16,16,320,320,0.1,5120,4,1.6336433048096122e-14,0.78125,0.78125,10.59375,0.8185854928592149,
32,12,9236101,grassmann_oracle_empirical,3,0.75,0.75,0.75,0.25,0.1198306158185005,1.1077017784118652,16,16,320,320,0.1,5120,4,,,,,,1.0
32,12,9236101,log_euclidienne_corrigee,3,0.75,0.75,0.75,0.12109375,0.0088999662548303,0.4264284372329712,16,16,320,320,0.1,5120,4,1.6336433048096122e-14,0.78125,0.78125,10.59375,0.8185854928592149,
32,13,9236101,affine_corrigee,3,0.75,0.75,0.75,0.2734375,0.0026098485104739,0.4091106653213501,16,16,320,320,0.1,5120,4,1.811658191825504e-14,0.65625,0.65625,10.6875,0.7971477272497722,
32,13,9236101,grassmann_corrigee_mp,3,0.6875,0.5,0.875,0.25,0.3838049173355102,1.3113889694213867,16,16,320,320,0.1,5120,4,1.811658191825504e-14,0.65625,0.65625,10.6875,0.7971477272497722,
32,13,9236101,grassmann_naive_rang_naif,3,0.6875,0.75,0.625,0.0,3.46708607673645,3.666812896728516,16,16,320,320,0.1,5120,4,1.811658191825504e-14,0.65625,0.65625,10.6875,0.7971477272497722,
32,13,9236101,grassmann_oracle_empirical,3,0.625,0.625,0.625,0.16796875,0.2764608561992645,1.156494140625,16,16,320,320,0.1,5120,4,,,,,,1.0
32,13,9236101,log_euclidienne_corrigee,3,0.625,0.75,0.5,0.14453125,0.0057790409773588,0.4146758019924164,16,16,320,320,0.1,5120,4,1.811658191825504e-14,0.65625,0.65625,10.6875,0.7971477272497722,
32,14,9236101,affine_corrigee,3,0.9375,1.0,0.875,0.1953125,0.0041261329315602,0.4190828502178192,16,16,320,320,0.1,5120,4,2.0656936560778943e-14,0.6875,0.6875,10.65625,0.8141740726209754,
32,14,9236101,grassmann_corrigee_mp,3,0.8125,0.75,0.875,0.18359375,0.5048555731773376,1.281251311302185,16,16,320,320,0.1,5120,4,2.0656936560778943e-14,0.6875,0.6875,10.65625,0.8141740726209754,
32,14,9236101,grassmann_naive_rang_naif,3,0.5625,0.5,0.625,0.0,3.5227036476135254,3.693537473678589,16,16,320,320,0.1,5120,4,2.0656936560778943e-14,0.6875,0.6875,10.65625,0.8141740726209754,
32,14,9236101,grassmann_oracle_empirical,3,0.875,1.0,0.75,0.1640625,0.1867719888687133,1.1393622159957886,16,16,320,320,0.1,5120,4,,,,,,1.0
32,14,9236101,log_euclidienne_corrigee,3,0.9375,1.0,0.875,0.13671875,0.0078472513705492,0.4244550168514251,16,16,320,320,0.1,5120,4,2.0656936560778943e-14,0.6875,0.6875,10.65625,0.8141740726209754,
32,15,9236101,affine_corrigee,3,0.5,0.875,0.125,0.19140625,0.0063043516129255,0.4239499568939209,16,16,320,320,0.1,5120,4,1.515248648077423e-14,0.6875,0.6875,10.625,0.8240246331044779,
32,15,9236101,grassmann_corrigee_mp,3,0.625,0.25,1.0,0.19140625,0.4366878867149353,1.2933577299118042,16,16,320,320,0.1,5120,4,1.515248648077423e-14,0.6875,0.6875,10.625,0.8240246331044779,
32,15,9236101,grassmann_naive_rang_naif,3,0.5,0.625,0.375,0.0,3.4340953826904297,3.6268928050994873,16,16,320,320,0.1,5120,4,1.515248648077423e-14,0.6875,0.6875,10.625,0.8240246331044779,
32,15,9236101,grassmann_oracle_empirical,3,0.75,0.875,0.625,0.18359375,0.212062269449234,1.1283470392227173,16,16,320,320,0.1,5120,4,,,,,,1.0
32,15,9236101,log_euclidienne_corrigee,3,0.6875,1.0,0.375,0.1171875,0.010173151269555,0.4296286106109619,16,16,320,320,0.1,5120,4,1.515248648077423e-14,0.6875,0.6875,10.625,0.8240246331044779,
32,16,9236101,affine_corrigee,3,0.5625,0.5,0.625,0.234375,0.0040135402232408,0.4092355966567993,16,16,320,320,0.1,5120,4,2.2853217161318417e-14,0.6875,0.6875,10.5625,0.8230087914701077,
32,16,9236101,grassmann_corrigee_mp,3,0.5625,0.125,1.0,0.19921875,0.4897692203521728,1.2839573621749878,16,16,320,320,0.1,5120,4,2.2853217161318417e-14,0.6875,0.6875,10.5625,0.8230087914701077,
32,16,9236101,grassmann_naive_rang_naif,3,0.5625,0.875,0.25,0.0,3.4690847396850586,3.659312248229981,16,16,320,320,0.1,5120,4,2.2853217161318417e-14,0.6875,0.6875,10.5625,0.8230087914701077,
32,16,9236101,grassmann_oracle_empirical,3,0.875,1.0,0.75,0.23046875,0.0948157012462616,1.1182976961135864,16,16,320,320,0.1,5120,4,,,,,,1.0
32,16,9236101,log_euclidienne_corrigee,3,0.5625,0.625,0.5,0.171875,0.0075988536700606,0.4146930277347564,16,16,320,320,0.1,5120,4,2.2853217161318417e-14,0.6875,0.6875,10.5625,0.8230087914701077,
32,17,9236101,affine_corrigee,3,0.625,0.5,0.75,0.16015625,0.0076830559410154,0.4126834869384765,16,16,320,320,0.1,5120,4,1.9940732769590563e-14,0.78125,0.78125,10.78125,0.8032948626398532,
32,17,9236101,grassmann_corrigee_mp,3,0.6875,0.375,1.0,0.12109375,0.6074808835983276,1.3194382190704346,16,16,320,320,0.1,5120,4,1.9940732769590563e-14,0.78125,0.78125,10.78125,0.8032948626398532,
32,17,9236101,grassmann_naive_rang_naif,3,0.5,0.75,0.25,0.0,3.481989860534668,3.6502532958984375,16,16,320,320,0.1,5120,4,1.9940732769590563e-14,0.78125,0.78125,10.78125,0.8032948626398532,
32,17,9236101,grassmann_oracle_empirical,3,0.875,0.75,1.0,0.140625,0.1963100433349609,1.1656008958816528,16,16,320,320,0.1,5120,4,,,,,,1.0
32,17,9236101,log_euclidienne_corrigee,3,0.625,0.5,0.75,0.08984375,0.0123533196747303,0.418360948562622,16,16,320,320,0.1,5120,4,1.9940732769590563e-14,0.78125,0.78125,10.78125,0.8032948626398532,
32,18,9236101,affine_corrigee,3,0.5,0.125,0.875,0.1640625,0.0077329594641923,0.4107963144779205,16,16,320,320,0.1,5120,4,1.666711002218616e-14,0.6875,0.6875,10.53125,0.8287177732619785,
32,18,9236101,grassmann_corrigee_mp,3,0.5625,0.125,1.0,0.19921875,0.4717472195625305,1.319342017173767,16,16,320,320,0.1,5120,4,1.666711002218616e-14,0.6875,0.6875,10.53125,0.8287177732619785,
32,18,9236101,grassmann_naive_rang_naif,3,0.625,0.625,0.625,0.0,3.49699330329895,3.651064157485962,16,16,320,320,0.1,5120,4,1.666711002218616e-14,0.6875,0.6875,10.53125,0.8287177732619785,
32,18,9236101,grassmann_oracle_empirical,3,0.75,0.75,0.75,0.24609375,0.122833676636219,1.1050771474838257,16,16,320,320,0.1,5120,4,,,,,,1.0
32,18,9236101,log_euclidienne_corrigee,3,0.5,0.125,0.875,0.0703125,0.0124768875539302,0.4163802862167358,16,16,320,320,0.1,5120,4,1.666711002218616e-14,0.6875,0.6875,10.53125,0.8287177732619785,
32,19,9236101,affine_corrigee,3,0.8125,0.875,0.75,0.2265625,0.0057454742491245,0.4139281213283539,16,16,320,320,0.1,5120,4,1.7133640196602183e-14,0.8125,0.8125,10.84375,0.8034679820049211,
32,19,9236101,grassmann_corrigee_mp,3,0.5625,0.125,1.0,0.171875,0.4587014317512512,1.2440059185028076,16,16,320,320,0.1,5120,4,1.7133640196602183e-14,0.8125,0.8125,10.84375,0.8034679820049211,
32,19,9236101,grassmann_naive_rang_naif,3,0.625,0.25,1.0,0.0,3.625372886657715,3.8036000728607178,16,16,320,320,0.1,5120,4,1.7133640196602183e-14,0.8125,0.8125,10.84375,0.8034679820049211,
32,19,9236101,grassmann_oracle_empirical,3,0.8125,0.75,0.875,0.2265625,0.1463712453842163,1.1162179708480835,16,16,320,320,0.1,5120,4,,,,,,1.0
32,19,9236101,log_euclidienne_corrigee,3,0.8125,0.875,0.75,0.15234375,0.0091191008687019,0.4193384647369385,16,16,320,320,0.1,5120,4,1.7133640196602183e-14,0.8125,0.8125,10.84375,0.8034679820049211,
64,0,9236101,affine_corrigee,3,0.875,0.875,0.875,0.16875,0.0026779968757182,0.206322506070137,20,16,640,640,0.1,12800,4,3.5113414963206485e-14,0.8888888888888888,0.8888888888888888,23.05555555555556,0.7899301317192392,
64,0,9236101,grassmann_corrigee_mp,3,0.8125,0.75,0.875,0.19375,0.3822379410266876,1.1997153759002686,20,16,640,640,0.1,12800,4,3.5113414963206485e-14,0.8888888888888888,0.8888888888888888,23.05555555555556,0.7899301317192392,
64,0,9236101,grassmann_naive_rang_naif,3,0.5,0.375,0.625,0.0,4.98622989654541,5.111705303192139,20,16,640,640,0.1,12800,4,3.5113414963206485e-14,0.8888888888888888,0.8888888888888888,23.05555555555556,0.7899301317192392,
64,0,9236101,grassmann_oracle_empirical,3,1.0,1.0,1.0,0.20625,0.1096820831298828,1.1184922456741333,20,16,640,640,0.1,12800,4,,,,,,1.0
64,0,9236101,log_euclidienne_corrigee,3,0.75,0.875,0.625,0.08125,0.0049210698343813,0.2091651260852813,20,16,640,640,0.1,12800,4,3.5113414963206485e-14,0.8888888888888888,0.8888888888888888,23.05555555555556,0.7899301317192392,
64,1,9236101,affine_corrigee,3,0.75,0.875,0.625,0.278125,0.0015852485084906,0.2033308297395706,20,16,640,640,0.1,12800,4,3.5749571626469805e-14,0.9166666666666666,0.9166666666666666,22.97222222222222,0.7981951547949698,
64,1,9236101,grassmann_corrigee_mp,3,0.875,0.75,1.0,0.15,0.3323923051357269,1.1953728199005127,20,16,640,640,0.1,12800,4,3.5749571626469805e-14,0.9166666666666666,0.9166666666666666,22.97222222222222,0.7981951547949698,
64,1,9236101,grassmann_naive_rang_naif,3,0.375,0.375,0.375,0.0,5.013178825378418,5.117277145385742,20,16,640,640,0.1,12800,4,3.5749571626469805e-14,0.9166666666666666,0.9166666666666666,22.97222222222222,0.7981951547949698,
64,1,9236101,grassmann_oracle_empirical,3,0.9375,0.875,1.0,0.18125,0.1200377941131591,1.1273727416992188,20,16,640,640,0.1,12800,4,,,,,,1.0
64,1,9236101,log_euclidienne_corrigee,3,0.5625,0.5,0.625,0.196875,0.0030744054820388,0.2058858871459961,20,16,640,640,0.1,12800,4,3.5749571626469805e-14,0.9166666666666666,0.9166666666666666,22.97222222222222,0.7981951547949698,
64,2,9236101,affine_corrigee,3,0.625,0.75,0.5,0.184375,0.0029539421666413,0.2074361741542816,20,16,640,640,0.1,12800,4,3.419998081584459e-14,0.9166666666666666,0.9166666666666666,22.75,0.794039911337925,
64,2,9236101,grassmann_corrigee_mp,3,0.9375,0.875,1.0,0.146875,0.2778210639953613,1.2041094303131104,20,16,640,640,0.1,12800,4,3.419998081584459e-14,0.9166666666666666,0.9166666666666666,22.75,0.794039911337925,
64,2,9236101,grassmann_naive_rang_naif,3,0.25,0.125,0.375,0.0,5.037080764770508,5.1345930099487305,20,16,640,640,0.1,12800,4,3.419998081584459e-14,0.9166666666666666,0.9166666666666666,22.75,0.794039911337925,
64,2,9236101,grassmann_oracle_empirical,3,0.8125,0.75,0.875,0.178125,0.1262203603982925,1.129893183708191,20,16,640,640,0.1,12800,4,,,,,,1.0
64,2,9236101,log_euclidienne_corrigee,3,0.625,0.625,0.625,0.109375,0.0050200950354337,0.2101237028837204,20,16,640,640,0.1,12800,4,3.419998081584459e-14,0.9166666666666666,0.9166666666666666,22.75,0.794039911337925,
64,3,9236101,affine_corrigee,3,0.4375,0.5,0.375,0.31875,0.0015605312073603,0.2033372074365615,20,16,640,640,0.1,12800,4,3.4461370456812524e-14,0.9444444444444444,0.9444444444444444,22.77777777777778,0.7848834784033832,
64,3,9236101,grassmann_corrigee_mp,3,1.0,1.0,1.0,0.18125,0.2523597180843353,1.1540491580963137,20,16,640,640,0.1,12800,4,3.4461370456812524e-14,0.9444444444444444,0.9444444444444444,22.77777777777778,0.7848834784033832,
64,3,9236101,grassmann_naive_rang_naif,3,0.5625,0.25,0.875,0.0,4.969657897949219,5.081603050231934,20,16,640,640,0.1,12800,4,3.4461370456812524e-14,0.9444444444444444,0.9444444444444444,22.77777777777778,0.7848834784033832,
64,3,9236101,grassmann_oracle_empirical,3,1.0,1.0,1.0,0.159375,0.1122248023748397,1.1181846857070925,20,16,640,640,0.1,12800,4,,,,,,1.0
64,3,9236101,log_euclidienne_corrigee,3,0.625,0.75,0.5,0.228125,0.0028136160690337,0.2058067917823791,20,16,640,640,0.1,12800,4,3.4461370456812524e-14,0.9444444444444444,0.9444444444444444,22.77777777777778,0.7848834784033832,
64,4,9236101,affine_corrigee,3,0.625,0.75,0.5,0.234375,0.0032427604310214,0.2021093964576721,20,16,640,640,0.1,12800,4,3.4383037752680074e-14,0.8055555555555556,0.8055555555555556,23.05555555555556,0.7938111421647105,
64,4,9236101,grassmann_corrigee_mp,3,0.875,0.75,1.0,0.159375,0.4311795234680176,1.2730154991149902,20,16,640,640,0.1,12800,4,3.4383037752680074e-14,0.8055555555555556,0.8055555555555556,23.05555555555556,0.7938111421647105,
64,4,9236101,grassmann_naive_rang_naif,3,0.5,0.5,0.5,0.0,5.0391058921813965,5.140936374664307,20,16,640,640,0.1,12800,4,3.4383037752680074e-14,0.8055555555555556,0.8055555555555556,23.05555555555556,0.7938111421647105,
64,4,9236101,grassmann_oracle_empirical,3,0.875,0.875,0.875,0.121875,0.2584706246852875,1.1702712774276731,20,16,640,640,0.1,12800,4,,,,,,1.0
64,4,9236101,log_euclidienne_corrigee,3,0.625,0.625,0.625,0.159375,0.0051593063399195,0.2048625349998474,20,16,640,640,0.1,12800,4,3.4383037752680074e-14,0.8055555555555556,0.8055555555555556,23.05555555555556,0.7938111421647105,
64,5,9236101,affine_corrigee,3,0.5625,0.5,0.625,0.171875,0.0036324821412563,0.2068858593702316,20,16,640,640,0.1,12800,4,3.4449662212768766e-14,0.8611111111111112,0.8611111111111112,22.86111111111111,0.8045757971616958,
64,5,9236101,grassmann_corrigee_mp,3,0.875,0.75,1.0,0.165625,0.3555451035499573,1.2431412935256958,20,16,640,640,0.1,12800,4,3.4449662212768766e-14,0.8611111111111112,0.8611111111111112,22.86111111111111,0.8045757971616958,
64,5,9236101,grassmann_naive_rang_naif,3,0.3125,0.25,0.375,0.0,4.967611789703369,5.084008693695068,20,16,640,640,0.1,12800,4,3.4449662212768766e-14,0.8611111111111112,0.8611111111111112,22.86111111111111,0.8045757971616958,
64,5,9236101,grassmann_oracle_empirical,3,0.9375,1.0,0.875,0.16875,0.1428925395011901,1.144222617149353,20,16,640,640,0.1,12800,4,,,,,,1.0
64,5,9236101,log_euclidienne_corrigee,3,0.5625,0.375,0.75,0.065625,0.0059986598789691,0.2097487449645996,20,16,640,640,0.1,12800,4,3.4449662212768766e-14,0.8611111111111112,0.8611111111111112,22.86111111111111,0.8045757971616958,
64,6,9236101,affine_corrigee,3,0.8125,0.875,0.75,0.26875,0.0017350355628877,0.2032062411308288,20,16,640,640,0.1,12800,4,3.543681069082181e-14,0.8611111111111112,0.8611111111111112,22.80555555555556,0.7987699027021473,
64,6,9236101,grassmann_corrigee_mp,3,0.8125,0.625,1.0,0.128125,0.430633932352066,1.2500358819961548,20,16,640,640,0.1,12800,4,3.543681069082181e-14,0.8611111111111112,0.8611111111111112,22.80555555555556,0.7987699027021473,
64,6,9236101,grassmann_naive_rang_naif,3,0.625,0.5,0.75,0.0,5.011958122253418,5.142475605010986,20,16,640,640,0.1,12800,4,3.543681069082181e-14,0.8611111111111112,0.8611111111111112,22.80555555555556,0.7987699027021473,
64,6,9236101,grassmann_oracle_empirical,3,1.0,1.0,1.0,0.14375,0.1604604423046112,1.1486793756484983,20,16,640,640,0.1,12800,4,,,,,,1.0
64,6,9236101,log_euclidienne_corrigee,3,0.9375,0.875,1.0,0.184375,0.00320919114165,0.2058979570865631,20,16,640,640,0.1,12800,4,3.543681069082181e-14,0.8611111111111112,0.8611111111111112,22.80555555555556,0.7987699027021473,
64,7,9236101,affine_corrigee,3,0.375,0.625,0.125,0.2,0.0029072747565805,0.2069063931703567,20,16,640,640,0.1,12800,4,3.59485211524304e-14,0.9166666666666666,0.9166666666666666,22.97222222222222,0.7918188795091048,
64,7,9236101,grassmann_corrigee_mp,3,0.875,0.75,1.0,0.146875,0.3328387141227722,1.202471137046814,20,16,640,640,0.1,12800,4,3.59485211524304e-14,0.9166666666666666,0.9166666666666666,22.97222222222222,0.7918188795091048,
64,7,9236101,grassmann_naive_rang_naif,3,0.375,0.625,0.125,0.0,5.04002857208252,5.145453929901123,20,16,640,640,0.1,12800,4,3.59485211524304e-14,0.9166666666666666,0.9166666666666666,22.97222222222222,0.7918188795091048,
64,7,9236101,grassmann_oracle_empirical,3,1.0,1.0,1.0,0.140625,0.1588795930147171,1.1384108066558838,20,16,640,640,0.1,12800,4,,,,,,1.0
64,7,9236101,log_euclidienne_corrigee,3,0.5,0.75,0.25,0.10625,0.0052141183987259,0.2096907645463943,20,16,640,640,0.1,12800,4,3.59485211524304e-14,0.9166666666666666,0.9166666666666666,22.97222222222222,0.7918188795091048,
64,8,9236101,affine_corrigee,3,0.5625,0.375,0.75,0.290625,0.0012050097575411,0.2008846849203109,20,16,640,640,0.1,12800,4,3.516229964126154e-14,0.8888888888888888,0.8888888888888888,22.88888888888889,0.7945366963399956,
64,8,9236101,grassmann_corrigee_mp,3,0.875,0.75,1.0,0.234375,0.3770000040531158,1.1836762428283691,20,16,640,640,0.1,12800,4,3.516229964126154e-14,0.8888888888888888,0.8888888888888888,22.88888888888889,0.7945366963399956,
64,8,9236101,grassmann_naive_rang_naif,3,0.375,0.5,0.25,0.0,5.016289710998535,5.133513450622559,20,16,640,640,0.1,12800,4,3.516229964126154e-14,0.8888888888888888,0.8888888888888888,22.88888888888889,0.7945366963399956,
64,8,9236101,grassmann_oracle_empirical,3,0.9375,1.0,0.875,0.225,0.0774812549352645,1.1152859926223757,20,16,640,640,0.1,12800,4,,,,,,1.0
64,8,9236101,log_euclidienne_corrigee,3,0.5625,0.25,0.875,0.178125,0.0027770637534558,0.2035741955041885,20,16,640,640,0.1,12800,4,3.516229964126154e-14,0.8888888888888888,0.8888888888888888,22.88888888888889,0.7945366963399956,
64,9,9236101,affine_corrigee,3,0.75,0.75,0.75,0.15625,0.003387140808627,0.205700933933258,20,16,640,640,0.1,12800,4,3.5438622207568124e-14,0.8611111111111112,0.8611111111111112,22.916666666666668,0.7936079604318967,
64,9,9236101,grassmann_corrigee_mp,3,0.9375,0.875,1.0,0.128125,0.3991124033927917,1.2446582317352295,20,16,640,640,0.1,12800,4,3.5438622207568124e-14,0.8611111111111112,0.8611111111111112,22.916666666666668,0.7936079604318967,
64,9,9236101,grassmann_naive_rang_naif,3,0.5,0.25,0.75,0.0,5.002662658691406,5.115612983703613,20,16,640,640,0.1,12800,4,3.5438622207568124e-14,0.8611111111111112,0.8611111111111112,22.916666666666668,0.7936079604318967,
64,9,9236101,grassmann_oracle_empirical,3,0.9375,0.875,1.0,0.121875,0.2036755383014679,1.1623560190200806,20,16,640,640,0.1,12800,4,,,,,,1.0
64,9,9236101,log_euclidienne_corrigee,3,0.8125,0.75,0.875,0.078125,0.0057166209444403,0.208691656589508,20,16,640,640,0.1,12800,4,3.5438622207568124e-14,0.8611111111111112,0.8611111111111112,22.916666666666668,0.7936079604318967,
64,10,9236101,affine_corrigee,3,0.5,0.625,0.375,0.203125,0.0021863931324332,0.2060182243585586,20,16,640,640,0.1,12800,4,3.9871889250839793e-14,0.8611111111111112,0.8611111111111112,22.944444444444443,0.7973093343421128,
64,10,9236101,grassmann_corrigee_mp,3,1.0,1.0,1.0,0.1,0.3969133794307709,1.2597801685333252,20,16,640,640,0.1,12800,4,3.9871889250839793e-14,0.8611111111111112,0.8611111111111112,22.944444444444443,0.7973093343421128,
64,10,9236101,grassmann_naive_rang_naif,3,0.5625,0.625,0.5,0.0,5.01906156539917,5.135757923126221,20,16,640,640,0.1,12800,4,3.9871889250839793e-14,0.8611111111111112,0.8611111111111112,22.944444444444443,0.7973093343421128,
64,10,9236101,grassmann_oracle_empirical,3,1.0,1.0,1.0,0.121875,0.2084229886531829,1.1680254936218262,20,16,640,640,0.1,12800,4,,,,,,1.0
64,10,9236101,log_euclidienne_corrigee,3,0.625,0.75,0.5,0.09375,0.0042240032926201,0.208805501461029,20,16,640,640,0.1,12800,4,3.9871889250839793e-14,0.8611111111111112,0.8611111111111112,22.944444444444443,0.7973093343421128,
64,11,9236101,affine_corrigee,3,0.5,0.5,0.5,0.178125,0.0033083364833146,0.2083429992198944,20,16,640,640,0.1,12800,4,3.489364525021035e-14,0.9444444444444444,0.9444444444444444,22.88888888888889,0.7936241176826843,
64,11,9236101,grassmann_corrigee_mp,3,0.8125,0.875,0.75,0.140625,0.2888544201850891,1.1845577955245972,20,16,640,640,0.1,12800,4,3.489364525021035e-14,0.9444444444444444,0.9444444444444444,22.88888888888889,0.7936241176826843,
64,11,9236101,grassmann_naive_rang_naif,3,0.6875,0.75,0.625,0.0,5.000512599945068,5.116479396820068,20,16,640,640,0.1,12800,4,3.489364525021035e-14,0.9444444444444444,0.9444444444444444,22.88888888888889,0.7936241176826843,
64,11,9236101,grassmann_oracle_empirical,3,0.6875,1.0,0.375,0.178125,0.1314787566661834,1.133496642112732,20,16,640,640,0.1,12800,4,,,,,,1.0
64,11,9236101,log_euclidienne_corrigee,3,0.5625,0.625,0.5,0.1,0.00545912142843,0.2110752165317535,20,16,640,640,0.1,12800,4,3.489364525021035e-14,0.9444444444444444,0.9444444444444444,22.88888888888889,0.7936241176826843,
64,12,9236101,affine_corrigee,3,0.6875,0.75,0.625,0.1125,0.0049181659705936,0.2079108506441116,20,16,640,640,0.1,12800,4,3.730439685880773e-14,0.8055555555555556,0.8055555555555556,22.88888888888889,0.8085784604979199,
64,12,9236101,grassmann_corrigee_mp,3,0.75,0.75,0.75,0.1625,0.4698275625705719,1.25981867313385,20,16,640,640,0.1,12800,4,3.730439685880773e-14,0.8055555555555556,0.8055555555555556,22.88888888888889,0.8085784604979199,
64,12,9236101,grassmann_naive_rang_naif,3,0.5625,0.375,0.75,0.0,4.993299961090088,5.112624168395996,20,16,640,640,0.1,12800,4,3.730439685880773e-14,0.8055555555555556,0.8055555555555556,22.88888888888889,0.8085784604979199,
64,12,9236101,grassmann_oracle_empirical,3,1.0,1.0,1.0,0.153125,0.1815588027238845,1.1619969606399536,20,16,640,640,0.1,12800,4,,,,,,1.0
64,12,9236101,log_euclidienne_corrigee,3,0.75,0.75,0.75,0.05,0.0074775703251361,0.2109095901250839,20,16,640,640,0.1,12800,4,3.730439685880773e-14,0.8055555555555556,0.8055555555555556,22.88888888888889,0.8085784604979199,
64,13,9236101,affine_corrigee,3,0.625,0.75,0.5,0.184375,0.0028271288610994,0.2069388031959533,20,16,640,640,0.1,12800,4,3.5902590244307803e-14,0.8611111111111112,0.8611111111111112,22.83333333333333,0.799759230425892,
64,13,9236101,grassmann_corrigee_mp,3,0.8125,0.625,1.0,0.159375,0.399527370929718,1.2400741577148438,20,16,640,640,0.1,12800,4,3.5902590244307803e-14,0.8611111111111112,0.8611111111111112,22.83333333333333,0.799759230425892,
64,13,9236101,grassmann_naive_rang_naif,3,0.4375,0.25,0.625,0.0,5.016039848327637,5.130157947540283,20,16,640,640,0.1,12800,4,3.5902590244307803e-14,0.8611111111111112,0.8611111111111112,22.83333333333333,0.799759230425892,
64,13,9236101,grassmann_oracle_empirical,3,1.0,1.0,1.0,0.15,0.1440958678722381,1.1510180234909058,20,16,640,640,0.1,12800,4,,,,,,1.0
64,13,9236101,log_euclidienne_corrigee,3,0.75,0.75,0.75,0.09375,0.0049482374452054,0.2097808271646499,20,16,640,640,0.1,12800,4,3.5902590244307803e-14,0.8611111111111112,0.8611111111111112,22.83333333333333,0.799759230425892,
64,14,9236101,affine_corrigee,3,0.6875,0.875,0.5,0.178125,0.0027269914280623,0.2066747099161148,20,16,640,640,0.1,12800,4,3.4321678648851745e-14,0.8333333333333334,0.8333333333333334,22.86111111111111,0.8080994838567932,
64,14,9236101,grassmann_corrigee_mp,3,0.8125,0.625,1.0,0.15,0.4998523592948913,1.239223599433899,20,16,640,640,0.1,12800,4,3.4321678648851745e-14,0.8333333333333334,0.8333333333333334,22.86111111111111,0.8080994838567932,
64,14,9236101,grassmann_naive_rang_naif,3,0.4375,0.125,0.75,0.0,5.010087013244629,5.126567363739014,20,16,640,640,0.1,12800,4,3.4321678648851745e-14,0.8333333333333334,0.8333333333333334,22.86111111111111,0.8080994838567932,
64,14,9236101,grassmann_oracle_empirical,3,1.0,1.0,1.0,0.165625,0.1277565509080886,1.1318740844726562,20,16,640,640,0.1,12800,4,,,,,,1.0
64,14,9236101,log_euclidienne_corrigee,3,0.6875,0.875,0.5,0.121875,0.0048187342472374,0.2095089852809906,20,16,640,640,0.1,12800,4,3.4321678648851745e-14,0.8333333333333334,0.8333333333333334,22.86111111111111,0.8080994838567932,
64,15,9236101,affine_corrigee,3,0.5625,0.625,0.5,0.23125,0.0020736749283969,0.2036189138889312,20,16,640,640,0.1,12800,4,3.641533151009944e-14,0.8333333333333334,0.8333333333333334,22.97222222222222,0.800940005952815,
64,15,9236101,grassmann_corrigee_mp,3,0.9375,1.0,0.875,0.11875,0.3096083998680115,1.2791903018951416,20,16,640,640,0.1,12800,4,3.641533151009944e-14,0.8333333333333334,0.8333333333333334,22.97222222222222,0.800940005952815,
64,15,9236101,grassmann_naive_rang_naif,3,0.6875,0.5,0.875,0.0,4.986990451812744,5.107586860656738,20,16,640,640,0.1,12800,4,3.641533151009944e-14,0.8333333333333334,0.8333333333333334,22.97222222222222,0.800940005952815,
64,15,9236101,grassmann_oracle_empirical,3,0.75,0.5,1.0,0.1375,0.2155972421169281,1.151260256767273,20,16,640,640,0.1,12800,4,,,,,,1.0
64,15,9236101,log_euclidienne_corrigee,3,0.5,0.625,0.375,0.140625,0.0037741921842098,0.2063228487968444,20,16,640,640,0.1,12800,4,3.641533151009944e-14,0.8333333333333334,0.8333333333333334,22.97222222222222,0.800940005952815,
64,16,9236101,affine_corrigee,3,0.75,0.75,0.75,0.2,0.0026229943614453,0.2082008719444275,20,16,640,640,0.1,12800,4,3.5586263758431593e-14,0.8888888888888888,0.8888888888888888,23.194444444444443,0.7915359545290632,
64,16,9236101,grassmann_corrigee_mp,3,0.9375,0.875,1.0,0.11875,0.3727765679359436,1.2284518480300903,20,16,640,640,0.1,12800,4,3.5586263758431593e-14,0.8888888888888888,0.8888888888888888,23.194444444444443,0.7915359545290632,
64,16,9236101,grassmann_naive_rang_naif,3,0.5,0.5,0.5,0.0,5.008613586425781,5.150358200073242,20,16,640,640,0.1,12800,4,3.5586263758431593e-14,0.8888888888888888,0.8888888888888888,23.194444444444443,0.7915359545290632,
64,16,9236101,grassmann_oracle_empirical,3,1.0,1.0,1.0,0.10625,0.1759847700595855,1.1527687311172483,20,16,640,640,0.1,12800,4,,,,,,1.0
64,16,9236101,log_euclidienne_corrigee,3,0.9375,0.875,1.0,0.0875,0.0047473395243287,0.2110609710216522,20,16,640,640,0.1,12800,4,3.5586263758431593e-14,0.8888888888888888,0.8888888888888888,23.194444444444443,0.7915359545290632,
64,17,9236101,affine_corrigee,3,0.4375,0.375,0.5,0.259375,0.0025391434319317,0.2032983303070068,20,16,640,640,0.1,12800,4,3.4893167984558774e-14,0.9444444444444444,0.9444444444444444,22.80555555555556,0.7879683600635071,
64,17,9236101,grassmann_corrigee_mp,3,0.875,0.75,1.0,0.203125,0.2359572947025299,1.1753069162368774,20,16,640,640,0.1,12800,4,3.4893167984558774e-14,0.9444444444444444,0.9444444444444444,22.80555555555556,0.7879683600635071,
64,17,9236101,grassmann_naive_rang_naif,3,0.4375,0.375,0.5,0.0,5.029461860656738,5.130853176116943,20,16,640,640,0.1,12800,4,3.4893167984558774e-14,0.9444444444444444,0.9444444444444444,22.80555555555556,0.7879683600635071,
64,17,9236101,grassmann_oracle_empirical,3,0.9375,0.875,1.0,0.19375,0.1043488755822181,1.132305383682251,20,16,640,640,0.1,12800,4,,,,,,1.0
64,17,9236101,log_euclidienne_corrigee,3,0.6875,0.625,0.75,0.14375,0.0043854392133653,0.206015333533287,20,16,640,640,0.1,12800,4,3.4893167984558774e-14,0.9444444444444444,0.9444444444444444,22.80555555555556,0.7879683600635071,
64,18,9236101,affine_corrigee,3,0.75,0.75,0.75,0.28125,0.0018479272257536,0.2018585354089737,20,16,640,640,0.1,12800,4,3.633449709945052e-14,0.8611111111111112,0.8611111111111112,22.88888888888889,0.7940223881266996,
64,18,9236101,grassmann_corrigee_mp,3,0.875,0.75,1.0,0.1375,0.4283276498317718,1.240595459938049,20,16,640,640,0.1,12800,4,3.633449709945052e-14,0.8611111111111112,0.8611111111111112,22.88888888888889,0.7940223881266996,
64,18,9236101,grassmann_naive_rang_naif,3,0.5,0.375,0.625,0.0,4.994831562042236,5.110403537750244,20,16,640,640,0.1,12800,4,3.633449709945052e-14,0.8611111111111112,0.8611111111111112,22.88888888888889,0.7940223881266996,
64,18,9236101,grassmann_oracle_empirical,3,0.9375,0.875,1.0,0.14375,0.1539516746997833,1.1437208652496338,20,16,640,640,0.1,12800,4,,,,,,1.0
64,18,9236101,log_euclidienne_corrigee,3,0.6875,0.625,0.75,0.16875,0.0034735854715108,0.2045023292303085,20,16,640,640,0.1,12800,4,3.633449709945052e-14,0.8611111111111112,0.8611111111111112,22.88888888888889,0.7940223881266996,
64,19,9236101,affine_corrigee,3,0.5625,0.625,0.5,0.228125,0.0016801940510049,0.2026537209749221,20,16,640,640,0.1,12800,4,3.675544609311118e-14,0.8888888888888888,0.8888888888888888,22.88888888888889,0.7919730221101005,
64,19,9236101,grassmann_corrigee_mp,3,0.9375,0.875,1.0,0.178125,0.3393146693706512,1.208662748336792,20,16,640,640,0.1,12800,4,3.675544609311118e-14,0.8888888888888888,0.8888888888888888,22.88888888888889,0.7919730221101005,
64,19,9236101,grassmann_naive_rang_naif,3,0.625,0.625,0.625,0.0,4.9874467849731445,5.119132518768311,20,16,640,640,0.1,12800,4,3.675544609311118e-14,0.8888888888888888,0.8888888888888888,22.88888888888889,0.7919730221101005,
64,19,9236101,grassmann_oracle_empirical,3,0.9375,0.875,1.0,0.1625,0.0994492173194885,1.129368543624878,20,16,640,640,0.1,12800,4,,,,,,1.0
64,19,9236101,log_euclidienne_corrigee,3,0.75,0.875,0.625,0.121875,0.0034459226299077,0.2055181860923767,20,16,640,640,0.1,12800,4,3.675544609311118e-14,0.8888888888888888,0.8888888888888888,22.88888888888889,0.7919730221101005,
96,0,9236101,affine_corrigee,3,0.5,0.25,0.75,0.25,0.0011141847353428,0.1363355070352554,24,16,960,960,0.1,23040,4,4.472941483374202e-14,0.95,0.95,35.475,0.7847194959927261,
96,0,9236101,grassmann_corrigee_mp,3,1.0,1.0,1.0,0.1380208333333333,0.2315480709075927,1.1701242923736572,24,16,960,960,0.1,23040,4,4.472941483374202e-14,0.95,0.95,35.475,0.7847194959927261,
96,0,9236101,grassmann_naive_rang_naif,3,0.625,0.625,0.625,0.0,6.172821044921875,6.2696380615234375,24,16,960,960,0.1,23040,4,4.472941483374202e-14,0.95,0.95,35.475,0.7847194959927261,
96,0,9236101,grassmann_oracle_empirical,3,1.0,1.0,1.0,0.1145833333333333,0.1460902988910675,1.1449370384216309,24,16,960,960,0.1,23040,4,,,,,,1.0
96,0,9236101,log_euclidienne_corrigee,3,0.625,0.5,0.75,0.1145833333333333,0.0023976147640496,0.1381635665893554,24,16,960,960,0.1,23040,4,4.472941483374202e-14,0.95,0.95,35.475,0.7847194959927261,
96,1,9236101,affine_corrigee,3,0.6875,0.875,0.5,0.1640625,0.0021317095961421,0.1379132866859436,24,16,960,960,0.1,23040,4,4.472082733315383e-14,0.925,0.925,35.575,0.7951521655482963,
96,1,9236101,grassmann_corrigee_mp,3,1.0,1.0,1.0,0.1145833333333333,0.3094486594200134,1.199645757675171,24,16,960,960,0.1,23040,4,4.472082733315383e-14,0.925,0.925,35.575,0.7951521655482963,
96,1,9236101,grassmann_naive_rang_naif,3,0.5625,0.625,0.5,0.0,6.152995586395264,6.25592041015625,24,16,960,960,0.1,23040,4,4.472082733315383e-14,0.925,0.925,35.575,0.7951521655482963,
96,1,9236101,grassmann_oracle_empirical,3,0.9375,1.0,0.875,0.1458333333333333,0.1338771432638168,1.1374726295471191,24,16,960,960,0.1,23040,4,,,,,,1.0
96,1,9236101,log_euclidienne_corrigee,3,0.8125,0.875,0.75,0.0885416666666666,0.0035077545326203,0.1397853642702102,24,16,960,960,0.1,23040,4,4.472082733315383e-14,0.925,0.925,35.575,0.7951521655482963,
96,2,9236101,affine_corrigee,3,0.75,0.875,0.625,0.1901041666666666,0.0019717488903552,0.1371324807405471,24,16,960,960,0.1,23040,4,4.4954951710698944e-14,0.95,0.95,35.55,0.7837607951555374,
96,2,9236101,grassmann_corrigee_mp,3,1.0,1.0,1.0,0.1666666666666666,0.2103597372770309,1.1644635200500488,24,16,960,960,0.1,23040,4,4.4954951710698944e-14,0.95,0.95,35.55,0.7837607951555374,
96,2,9236101,grassmann_naive_rang_naif,3,0.3125,0.25,0.375,0.0,6.14489221572876,6.237001895904541,24,16,960,960,0.1,23040,4,4.4954951710698944e-14,0.95,0.95,35.55,0.7837607951555374,
96,2,9236101,grassmann_oracle_empirical,3,0.875,0.875,0.875,0.1640625,0.1184356808662414,1.1411926746368408,24,16,960,960,0.1,23040,4,,,,,,1.0
96,2,9236101,log_euclidienne_corrigee,3,0.8125,1.0,0.625,0.1119791666666666,0.0033222294878214,0.1389927268028259,24,16,960,960,0.1,23040,4,4.4954951710698944e-14,0.95,0.95,35.55,0.7837607951555374,
96,3,9236101,affine_corrigee,3,0.625,0.75,0.5,0.2135416666666666,0.0017378964694216,0.1368149667978286,24,16,960,960,0.1,23040,4,4.491151072420192e-14,0.925,0.925,35.825,0.7898144732859184,
96,3,9236101,grassmann_corrigee_mp,3,0.875,0.75,1.0,0.1640625,0.276273638010025,1.1828314065933228,24,16,960,960,0.1,23040,4,4.491151072420192e-14,0.925,0.925,35.825,0.7898144732859184,
96,3,9236101,grassmann_naive_rang_naif,3,0.5625,0.5,0.625,0.0,6.154757976531982,6.255359649658203,24,16,960,960,0.1,23040,4,4.491151072420192e-14,0.925,0.925,35.825,0.7898144732859184,
96,3,9236101,grassmann_oracle_empirical,3,0.9375,1.0,0.875,0.1380208333333333,0.1295687556266784,1.13148832321167,24,16,960,960,0.1,23040,4,,,,,,1.0
96,3,9236101,log_euclidienne_corrigee,3,0.75,0.875,0.625,0.1432291666666666,0.0029854259919375,0.1386152058839798,24,16,960,960,0.1,23040,4,4.491151072420192e-14,0.925,0.925,35.825,0.7898144732859184,
96,4,9236101,affine_corrigee,3,0.5625,0.625,0.5,0.2135416666666666,0.0015703095123171,0.1380070894956588,24,16,960,960,0.1,23040,4,4.681542778722117e-14,0.925,0.925,35.6,0.796262269385329,
96,4,9236101,grassmann_corrigee_mp,3,0.9375,0.875,1.0,0.1666666666666666,0.2598012387752533,1.18390953540802,24,16,960,960,0.1,23040,4,4.681542778722117e-14,0.925,0.925,35.6,0.796262269385329,
96,4,9236101,grassmann_naive_rang_naif,3,0.5625,0.375,0.75,0.0,6.1659836769104,6.25752592086792,24,16,960,960,0.1,23040,4,4.681542778722117e-14,0.925,0.925,35.6,0.796262269385329,
96,4,9236101,grassmann_oracle_empirical,3,0.9375,0.875,1.0,0.1875,0.0747948661446571,1.1232621669769287,24,16,960,960,0.1,23040,4,,,,,,1.0
96,4,9236101,log_euclidienne_corrigee,3,0.625,0.75,0.5,0.1432291666666666,0.0027951158117502,0.1397972106933593,24,16,960,960,0.1,23040,4,4.681542778722117e-14,0.925,0.925,35.6,0.796262269385329,
96,5,9236101,affine_corrigee,3,0.625,0.625,0.625,0.1536458333333333,0.0023027155548334,0.1359496414661407,24,16,960,960,0.1,23040,4,4.5620663387119983e-14,0.95,0.95,35.475,0.7803397488031315,
96,5,9236101,grassmann_corrigee_mp,3,0.875,0.75,1.0,0.1484375,0.2604961395263672,1.1734017133712769,24,16,960,960,0.1,23040,4,4.5620663387119983e-14,0.95,0.95,35.475,0.7803397488031315,
96,5,9236101,grassmann_naive_rang_naif,3,0.5625,0.75,0.375,0.0,6.1299967765808105,6.222511291503906,24,16,960,960,0.1,23040,4,4.5620663387119983e-14,0.95,0.95,35.475,0.7803397488031315,
96,5,9236101,grassmann_oracle_empirical,3,0.9375,0.875,1.0,0.1015625,0.1768831014633178,1.1575007438659668,24,16,960,960,0.1,23040,4,,,,,,1.0
96,5,9236101,log_euclidienne_corrigee,3,0.625,0.625,0.625,0.078125,0.0039377659559249,0.1378627866506576,24,16,960,960,0.1,23040,4,4.5620663387119983e-14,0.95,0.95,35.475,0.7803397488031315,
96,6,9236101,affine_corrigee,3,0.5625,0.5,0.625,0.2161458333333333,0.0012470539659261,0.1338794380426406,24,16,960,960,0.1,23040,4,4.4887592366669254e-14,0.95,0.95,35.55,0.7901002031526003,
96,6,9236101,grassmann_corrigee_mp,3,0.9375,0.875,1.0,0.1822916666666666,0.1982653588056564,1.173411250114441,24,16,960,960,0.1,23040,4,4.4887592366669254e-14,0.95,0.95,35.55,0.7901002031526003,
96,6,9236101,grassmann_naive_rang_naif,3,0.75,1.0,0.5,0.0,6.1464691162109375,6.253383636474609,24,16,960,960,0.1,23040,4,4.4887592366669254e-14,0.95,0.95,35.55,0.7901002031526003,
96,6,9236101,grassmann_oracle_empirical,3,0.9375,0.875,1.0,0.1770833333333333,0.0995112955570221,1.1417148113250732,24,16,960,960,0.1,23040,4,,,,,,1.0
96,6,9236101,log_euclidienne_corrigee,3,0.875,0.875,0.875,0.1276041666666666,0.0024363091215491,0.1357345879077911,24,16,960,960,0.1,23040,4,4.4887592366669254e-14,0.95,0.95,35.55,0.7901002031526003,
96,7,9236101,affine_corrigee,3,0.75,1.0,0.5,0.1744791666666666,0.0019360505975782,0.1373853236436844,24,16,960,960,0.1,23040,4,4.2129108661792045e-14,0.925,0.925,35.65,0.7914451050071911,
96,7,9236101,grassmann_corrigee_mp,3,0.6875,0.75,0.625,0.1380208333333333,0.3041290938854217,1.2010269165039062,24,16,960,960,0.1,23040,4,4.2129108661792045e-14,0.925,0.925,35.65,0.7914451050071911,
96,7,9236101,grassmann_naive_rang_naif,3,0.5625,0.625,0.5,0.0,6.1733269691467285,6.264904022216797,24,16,960,960,0.1,23040,4,4.2129108661792045e-14,0.925,0.925,35.65,0.7914451050071911,
96,7,9236101,grassmann_oracle_empirical,3,0.9375,1.0,0.875,0.1302083333333333,0.1500549018383026,1.1482853889465332,24,16,960,960,0.1,23040,4,,,,,,1.0
96,7,9236101,log_euclidienne_corrigee,3,0.625,0.875,0.375,0.0755208333333333,0.0035164328292012,0.139251172542572,24,16,960,960,0.1,23040,4,4.2129108661792045e-14,0.925,0.925,35.65,0.7914451050071911,
96,8,9236101,affine_corrigee,3,0.875,0.875,0.875,0.1223958333333333,0.0029571633785963,0.1375687718391418,24,16,960,960,0.1,23040,4,4.36835175544561e-14,1.0,1.0,35.625,0.7817529760917765,
96,8,9236101,grassmann_corrigee_mp,3,0.9375,0.875,1.0,0.2291666666666666,0.0382360965013504,1.1199387311935425,24,16,960,960,0.1,23040,4,4.36835175544561e-14,1.0,1.0,35.625,0.7817529760917765,
96,8,9236101,grassmann_naive_rang_naif,3,0.5625,0.5,0.625,0.0,6.136491298675537,6.237477779388428,24,16,960,960,0.1,23040,4,4.36835175544561e-14,1.0,1.0,35.625,0.7817529760917765,
96,8,9236101,grassmann_oracle_empirical,3,0.875,0.75,1.0,0.2317708333333333,0.045655321329832,1.121889591217041,24,16,960,960,0.1,23040,4,,,,,,1.0
96,8,9236101,log_euclidienne_corrigee,3,0.875,0.875,0.875,0.0494791666666666,0.0046000275760889,0.1395745128393173,24,16,960,960,0.1,23040,4,4.36835175544561e-14,1.0,1.0,35.625,0.7817529760917765,
96,9,9236101,affine_corrigee,3,0.4375,0.375,0.5,0.2265625,0.0015874508535489,0.1349811851978302,24,16,960,960,0.1,23040,4,4.4909459628457965e-14,0.925,0.925,35.65,0.7913500275968056,
96,9,9236101,grassmann_corrigee_mp,3,0.9375,0.875,1.0,0.140625,0.322592556476593,1.1861456632614136,24,16,960,960,0.1,23040,4,4.4909459628457965e-14,0.925,0.925,35.65,0.7913500275968056,
96,9,9236101,grassmann_naive_rang_naif,3,0.375,0.375,0.375,0.0,6.177082061767578,6.258320331573486,24,16,960,960,0.1,23040,4,4.4909459628457965e-14,0.925,0.925,35.65,0.7913500275968056,
96,9,9236101,grassmann_oracle_empirical,3,1.0,1.0,1.0,0.140625,0.1187093928456306,1.134562611579895,24,16,960,960,0.1,23040,4,,,,,,1.0
96,9,9236101,log_euclidienne_corrigee,3,0.625,0.5,0.75,0.1536458333333333,0.0029094361234456,0.1368127614259719,24,16,960,960,0.1,23040,4,4.4909459628457965e-14,0.925,0.925,35.65,0.7913500275968056,
96,10,9236101,affine_corrigee,3,0.6875,0.75,0.625,0.109375,0.0030476124957203,0.1387236714363098,24,16,960,960,0.1,23040,4,4.4124045989098216e-14,0.95,0.95,35.725,0.7925169905948674,
96,10,9236101,grassmann_corrigee_mp,3,0.875,0.875,0.875,0.1588541666666666,0.1968007087707519,1.171559453010559,24,16,960,960,0.1,23040,4,4.4124045989098216e-14,0.95,0.95,35.725,0.7925169905948674,
96,10,9236101,grassmann_naive_rang_naif,3,0.4375,0.375,0.5,0.0,6.13005256652832,6.2306904792785645,24,16,960,960,0.1,23040,4,4.4124045989098216e-14,0.95,0.95,35.725,0.7925169905948674,
96,10,9236101,grassmann_oracle_empirical,3,0.9375,1.0,0.875,0.1901041666666666,0.0712946429848671,1.134850025177002,24,16,960,960,0.1,23040,4,,,,,,1.0
96,10,9236101,log_euclidienne_corrigee,3,0.6875,0.875,0.5,0.0442708333333333,0.0048227123916149,0.1407345384359359,24,16,960,960,0.1,23040,4,4.4124045989098216e-14,0.95,0.95,35.725,0.7925169905948674,
96,11,9236101,affine_corrigee,3,0.5625,0.375,0.75,0.2447916666666666,0.0012537279399111,0.1366521120071411,24,16,960,960,0.1,23040,4,4.598073771544893e-14,0.95,0.95,35.65,0.7838215136016641,
96,11,9236101,grassmann_corrigee_mp,3,1.0,1.0,1.0,0.1822916666666666,0.2035877257585525,1.180362105369568,24,16,960,960,0.1,23040,4,4.598073771544893e-14,0.95,0.95,35.65,0.7838215136016641,
96,11,9236101,grassmann_naive_rang_naif,3,0.5625,0.5,0.625,0.0,6.165281295776367,6.272465229034424,24,16,960,960,0.1,23040,4,4.598073771544893e-14,0.95,0.95,35.65,0.7838215136016641,
96,11,9236101,grassmann_oracle_empirical,3,0.875,0.875,0.875,0.1640625,0.1070164442062377,1.1401896476745603,24,16,960,960,0.1,23040,4,,,,,,1.0
96,11,9236101,log_euclidienne_corrigee,3,0.5625,0.375,0.75,0.1614583333333333,0.0024412290658801,0.1384954154491424,24,16,960,960,0.1,23040,4,4.598073771544893e-14,0.95,0.95,35.65,0.7838215136016641,
96,12,9236101,affine_corrigee,3,0.5625,0.625,0.5,0.2604166666666667,0.0010009460384026,0.136980801820755,24,16,960,960,0.1,23040,4,4.431431387538674e-14,0.975,0.975,35.45,0.7855728679569282,
96,12,9236101,grassmann_corrigee_mp,3,0.8125,0.875,0.75,0.1875,0.1721366494894027,1.1548393964767456,24,16,960,960,0.1,23040,4,4.431431387538674e-14,0.975,0.975,35.45,0.7855728679569282,
96,12,9236101,grassmann_naive_rang_naif,3,0.5,0.5,0.5,0.0,6.167501926422119,6.250486373901367,24,16,960,960,0.1,23040,4,4.431431387538674e-14,0.975,0.975,35.45,0.7855728679569282,
96,12,9236101,grassmann_oracle_empirical,3,1.0,1.0,1.0,0.1822916666666666,0.0812486410140991,1.1297844648361206,24,16,960,960,0.1,23040,4,,,,,,1.0
96,12,9236101,log_euclidienne_corrigee,3,0.625,0.625,0.625,0.1614583333333333,0.0020551367197185,0.1387445330619812,24,16,960,960,0.1,23040,4,4.431431387538674e-14,0.975,0.975,35.45,0.7855728679569282,
96,13,9236101,affine_corrigee,3,0.5,0.75,0.25,0.1901041666666666,0.0025455066934227,0.1362946033477783,24,16,960,960,0.1,23040,4,4.600156511873866e-14,0.925,0.925,35.575,0.7946066147267347,
96,13,9236101,grassmann_corrigee_mp,3,0.9375,0.875,1.0,0.1692708333333333,0.2667944133281708,1.1890041828155518,24,16,960,960,0.1,23040,4,4.600156511873866e-14,0.925,0.925,35.575,0.7946066147267347,
96,13,9236101,grassmann_naive_rang_naif,3,0.5,0.375,0.625,0.0,6.162760257720947,6.267313480377197,24,16,960,960,0.1,23040,4,4.600156511873866e-14,0.925,0.925,35.575,0.7946066147267347,
96,13,9236101,grassmann_oracle_empirical,3,1.0,1.0,1.0,0.1901041666666666,0.0774945318698883,1.132455587387085,24,16,960,960,0.1,23040,4,,,,,,1.0
96,13,9236101,log_euclidienne_corrigee,3,0.625,0.875,0.375,0.1015625,0.0039763483218848,0.1382190585136413,24,16,960,960,0.1,23040,4,4.600156511873866e-14,0.925,0.925,35.575,0.7946066147267347,
96,14,9236101,affine_corrigee,3,0.6875,0.625,0.75,0.1484375,0.0026445239782333,0.1381281912326812,24,16,960,960,0.1,23040,4,4.387379507391138e-14,0.975,0.975,35.475,0.7859243659308119,
96,14,9236101,grassmann_corrigee_mp,3,0.9375,0.875,1.0,0.1822916666666666,0.1689768880605697,1.1523176431655884,24,16,960,960,0.1,23040,4,4.387379507391138e-14,0.975,0.975,35.475,0.7859243659308119,
96,14,9236101,grassmann_naive_rang_naif,3,0.4375,0.5,0.375,0.0,6.170564651489258,6.249344825744629,24,16,960,960,0.1,23040,4,4.387379507391138e-14,0.975,0.975,35.475,0.7859243659308119,
96,14,9236101,grassmann_oracle_empirical,3,0.9375,0.875,1.0,0.1796875,0.1150101199746131,1.13090980052948,24,16,960,960,0.1,23040,4,,,,,,1.0
96,14,9236101,log_euclidienne_corrigee,3,0.75,0.75,0.75,0.0703125,0.0041673830710351,0.1400046199560165,24,16,960,960,0.1,23040,4,4.387379507391138e-14,0.975,0.975,35.475,0.7859243659308119,
96,15,9236101,affine_corrigee,3,0.6875,0.375,1.0,0.203125,0.002123056910932,0.1362019181251526,24,16,960,960,0.1,23040,4,4.606000127845223e-14,0.95,0.95,35.725,0.7889634834175024,
96,15,9236101,grassmann_corrigee_mp,3,0.875,0.75,1.0,0.0989583333333333,0.3112049102783203,1.1870393753051758,24,16,960,960,0.1,23040,4,4.606000127845223e-14,0.95,0.95,35.725,0.7889634834175024,
96,15,9236101,grassmann_naive_rang_naif,3,0.4375,0.125,0.75,0.0,6.172222137451172,6.261880874633789,24,16,960,960,0.1,23040,4,4.606000127845223e-14,0.95,0.95,35.725,0.7889634834175024,
96,15,9236101,grassmann_oracle_empirical,3,0.9375,0.875,1.0,0.1328125,0.1747983694076538,1.1537095308303833,24,16,960,960,0.1,23040,4,,,,,,1.0
96,15,9236101,log_euclidienne_corrigee,3,0.625,0.375,0.875,0.0989583333333333,0.0034630298614501,0.1379721313714981,24,16,960,960,0.1,23040,4,4.606000127845223e-14,0.95,0.95,35.725,0.7889634834175024,
96,16,9236101,affine_corrigee,3,0.75,0.875,0.625,0.1953125,0.0018295915797352,0.135241687297821,24,16,960,960,0.1,23040,4,4.167701452493404e-14,0.95,0.95,35.425,0.7822852679485636,
96,16,9236101,grassmann_corrigee_mp,3,0.875,0.75,1.0,0.1328125,0.2645944654941559,1.1891255378723145,24,16,960,960,0.1,23040,4,4.167701452493404e-14,0.95,0.95,35.425,0.7822852679485636,
96,16,9236101,grassmann_naive_rang_naif,3,0.375,0.25,0.5,0.0,6.17534875869751,6.260929584503174,24,16,960,960,0.1,23040,4,4.167701452493404e-14,0.95,0.95,35.425,0.7822852679485636,
96,16,9236101,grassmann_oracle_empirical,3,0.9375,0.875,1.0,0.1015625,0.1809700578451156,1.1568838357925415,24,16,960,960,0.1,23040,4,,,,,,1.0
96,16,9236101,log_euclidienne_corrigee,3,0.6875,0.875,0.5,0.1119791666666666,0.0031891744583845,0.1371281445026397,24,16,960,960,0.1,23040,4,4.167701452493404e-14,0.95,0.95,35.425,0.7822852679485636,
96,17,9236101,affine_corrigee,3,0.5,0.625,0.375,0.2057291666666666,0.0020830181892961,0.1388315856456756,24,16,960,960,0.1,23040,4,4.6020618003399314e-14,0.925,0.925,35.7,0.7796221454244143,
96,17,9236101,grassmann_corrigee_mp,3,1.0,1.0,1.0,0.1328125,0.3017127513885498,1.1984795331954956,24,16,960,960,0.1,23040,4,4.6020618003399314e-14,0.925,0.925,35.7,0.7796221454244143,
96,17,9236101,grassmann_naive_rang_naif,3,0.75,0.5,1.0,0.0,6.150302886962891,6.256160736083984,24,16,960,960,0.1,23040,4,4.6020618003399314e-14,0.925,0.925,35.7,0.7796221454244143,
96,17,9236101,grassmann_oracle_empirical,3,1.0,1.0,1.0,0.0911458333333333,0.1826452761888504,1.1612887382507324,24,16,960,960,0.1,23040,4,,,,,,1.0
96,17,9236101,log_euclidienne_corrigee,3,0.625,0.625,0.625,0.1119791666666666,0.0033402424305677,0.1407510936260223,24,16,960,960,0.1,23040,4,4.6020618003399314e-14,0.925,0.925,35.7,0.7796221454244143,
96,18,9236101,affine_corrigee,3,0.5625,0.625,0.5,0.2083333333333333,0.0019916158635169,0.1358978003263473,24,16,960,960,0.1,23040,4,4.6324641043978487e-14,0.95,0.95,35.425,0.7874581847503601,
96,18,9236101,grassmann_corrigee_mp,3,0.9375,0.875,1.0,0.1197916666666666,0.2678140103816986,1.1820893287658691,24,16,960,960,0.1,23040,4,4.6324641043978487e-14,0.95,0.95,35.425,0.7874581847503601,
96,18,9236101,grassmann_naive_rang_naif,3,0.75,0.625,0.875,0.0,6.129489421844482,6.229769229888916,24,16,960,960,0.1,23040,4,4.6324641043978487e-14,0.95,0.95,35.425,0.7874581847503601,
96,18,9236101,grassmann_oracle_empirical,3,1.0,1.0,1.0,0.1171875,0.1853389292955398,1.143836259841919,24,16,960,960,0.1,23040,4,,,,,,1.0
96,18,9236101,log_euclidienne_corrigee,3,0.5,0.625,0.375,0.1276041666666666,0.0033572854008525,0.1377097815275192,24,16,960,960,0.1,23040,4,4.6324641043978487e-14,0.95,0.95,35.425,0.7874581847503601,
96,19,9236101,affine_corrigee,3,0.75,0.75,0.75,0.234375,0.0018846467137336,0.1366370469331741,24,16,960,960,0.1,23040,4,4.5542263088091495e-14,0.95,0.95,35.675,0.7772067292845005,
96,19,9236101,grassmann_corrigee_mp,3,0.8125,0.75,0.875,0.1640625,0.2271054983139038,1.1837167739868164,24,16,960,960,0.1,23040,4,4.5542263088091495e-14,0.95,0.95,35.675,0.7772067292845005,
96,19,9236101,grassmann_naive_rang_naif,3,0.5,0.375,0.625,0.0,6.1911396980285645,6.272957801818848,24,16,960,960,0.1,23040,4,4.5542263088091495e-14,0.95,0.95,35.675,0.7772067292845005,
96,19,9236101,grassmann_oracle_empirical,3,1.0,1.0,1.0,0.0963541666666666,0.1868679076433181,1.1675788164138794,24,16,960,960,0.1,23040,4,,,,,,1.0
96,19,9236101,log_euclidienne_corrigee,3,0.75,0.75,0.75,0.140625,0.0031161096412688,0.1384560018777847,24,16,960,960,0.1,23040,4,4.5542263088091495e-14,0.95,0.95,35.675,0.7772067292845005,
128,0,9236101,affine_corrigee,3,0.5,0.75,0.25,0.1964285714285714,0.0013828495284542,0.1033020392060279,28,16,1280,1280,0.1,35840,4,5.022563367104422e-14,1.0,1.0,48.59090909090909,0.777808957962706,
128,0,9236101,grassmann_corrigee_mp,3,1.0,1.0,1.0,0.1808035714285714,0.0733952596783638,1.137165904045105,28,16,1280,1280,0.1,35840,4,5.022563367104422e-14,1.0,1.0,48.59090909090909,0.777808957962706,
128,0,9236101,grassmann_naive_rang_naif,3,0.5625,0.625,0.5,0.0,7.114688396453857,7.198296070098877,28,16,1280,1280,0.1,35840,4,5.022563367104422e-14,1.0,1.0,48.59090909090909,0.777808957962706,
128,0,9236101,grassmann_oracle_empirical,3,1.0,1.0,1.0,0.140625,0.111515536904335,1.1483826637268066,28,16,1280,1280,0.1,35840,4,,,,,,1.0
128,0,9236101,log_euclidienne_corrigee,3,0.6875,0.875,0.5,0.1004464285714285,0.0025175234768539,0.1047182083129882,28,16,1280,1280,0.1,35840,4,5.022563367104422e-14,1.0,1.0,48.59090909090909,0.777808957962706,
128,1,9236101,affine_corrigee,3,0.8125,0.875,0.75,0.203125,0.0014087572926655,0.1026957705616951,28,16,1280,1280,0.1,35840,4,4.931478536417276e-14,1.0,1.0,48.45454545454545,0.7741818978343108,
128,1,9236101,grassmann_corrigee_mp,3,0.8125,1.0,0.625,0.1852678571428571,0.0924956649541854,1.135173797607422,28,16,1280,1280,0.1,35840,4,4.931478536417276e-14,1.0,1.0,48.45454545454545,0.7741818978343108,
128,1,9236101,grassmann_naive_rang_naif,3,0.375,0.375,0.375,0.0,7.1045403480529785,7.189986228942871,28,16,1280,1280,0.1,35840,4,4.931478536417276e-14,1.0,1.0,48.45454545454545,0.7741818978343108,
128,1,9236101,grassmann_oracle_empirical,3,1.0,1.0,1.0,0.1116071428571428,0.1339058727025985,1.1529887914657593,28,16,1280,1280,0.1,35840,4,,,,,,1.0
128,1,9236101,log_euclidienne_corrigee,3,0.75,0.875,0.625,0.1316964285714285,0.002380546182394,0.104093350470066,28,16,1280,1280,0.1,35840,4,4.931478536417276e-14,1.0,1.0,48.45454545454545,0.7741818978343108,
128,2,9236101,affine_corrigee,3,0.625,0.5,0.75,0.2075892857142857,0.0014892369508743,0.1037926450371742,28,16,1280,1280,0.1,35840,4,6.178656720018157e-14,0.9545454545454546,0.9545454545454546,48.59090909090909,0.7905152392019025,
128,2,9236101,grassmann_corrigee_mp,3,1.0,1.0,1.0,0.1049107142857142,0.2312194555997848,1.1795302629470823,28,16,1280,1280,0.1,35840,4,6.178656720018157e-14,0.9545454545454546,0.9545454545454546,48.59090909090909,0.7905152392019025,
128,2,9236101,grassmann_naive_rang_naif,3,0.3125,0.25,0.375,0.0,7.123532295227051,7.197611331939697,28,16,1280,1280,0.1,35840,4,6.178656720018157e-14,0.9545454545454546,0.9545454545454546,48.59090909090909,0.7905152392019025,
128,2,9236101,grassmann_oracle_empirical,3,1.0,1.0,1.0,0.125,0.1292196065187454,1.1470377445220947,28,16,1280,1280,0.1,35840,4,,,,,,1.0
128,2,9236101,log_euclidienne_corrigee,3,0.6875,0.75,0.625,0.1071428571428571,0.0025840767193585,0.1051507443189621,28,16,1280,1280,0.1,35840,4,6.178656720018157e-14,0.9545454545454546,0.9545454545454546,48.59090909090909,0.7905152392019025,
128,3,9236101,affine_corrigee,3,0.6875,0.875,0.5,0.1540178571428571,0.0016889290418475,0.1029127091169357,28,16,1280,1280,0.1,35840,4,6.550955074279665e-14,0.9772727272727272,0.9772727272727272,48.52272727272727,0.7864411882873814,
128,3,9236101,grassmann_corrigee_mp,3,1.0,1.0,1.0,0.15625,0.1507069021463394,1.1555891036987305,28,16,1280,1280,0.1,35840,4,6.550955074279665e-14,0.9772727272727272,0.9772727272727272,48.52272727272727,0.7864411882873814,
128,3,9236101,grassmann_naive_rang_naif,3,0.4375,0.625,0.25,0.0,7.1060051918029785,7.1879096031188965,28,16,1280,1280,0.1,35840,4,6.550955074279665e-14,0.9772727272727272,0.9772727272727272,48.52272727272727,0.7864411882873814,
128,3,9236101,grassmann_oracle_empirical,3,1.0,1.0,1.0,0.1383928571428571,0.1102179735898971,1.1420835256576538,28,16,1280,1280,0.1,35840,4,,,,,,1.0
128,3,9236101,log_euclidienne_corrigee,3,0.75,0.875,0.625,0.0803571428571428,0.0028443415649235,0.1043471172451973,28,16,1280,1280,0.1,35840,4,6.550955074279665e-14,0.9772727272727272,0.9772727272727272,48.52272727272727,0.7864411882873814,
128,4,9236101,affine_corrigee,3,0.75,0.5,1.0,0.21875,0.0014706121291965,0.1032678261399269,28,16,1280,1280,0.1,35840,4,4.9502847792208776e-14,1.0,1.0,48.65909090909091,0.7866006922188479,
128,4,9236101,grassmann_corrigee_mp,3,0.9375,1.0,0.875,0.1763392857142857,0.0822691470384597,1.1295281648635864,28,16,1280,1280,0.1,35840,4,4.9502847792208776e-14,1.0,1.0,48.65909090909091,0.7866006922188479,
128,4,9236101,grassmann_naive_rang_naif,3,0.5625,0.75,0.375,0.0,7.1493754386901855,7.22426700592041,28,16,1280,1280,0.1,35840,4,4.9502847792208776e-14,1.0,1.0,48.65909090909091,0.7866006922188479,
128,4,9236101,grassmann_oracle_empirical,3,0.9375,1.0,0.875,0.1919642857142857,0.0718069225549697,1.124329686164856,28,16,1280,1280,0.1,35840,4,,,,,,1.0
128,4,9236101,log_euclidienne_corrigee,3,0.8125,0.625,1.0,0.140625,0.0024976877029985,0.1046259403228759,28,16,1280,1280,0.1,35840,4,4.9502847792208776e-14,1.0,1.0,48.65909090909091,0.7866006922188479,
128,5,9236101,affine_corrigee,3,0.625,0.625,0.625,0.1964285714285714,0.0013683583820238,0.1019726917147636,28,16,1280,1280,0.1,35840,4,5.0902254523589457e-14,1.0,1.0,48.40909090909091,0.779057405089909,
128,5,9236101,grassmann_corrigee_mp,3,1.0,1.0,1.0,0.1941964285714285,0.0552190728485584,1.132733702659607,28,16,1280,1280,0.1,35840,4,5.0902254523589457e-14,1.0,1.0,48.40909090909091,0.779057405089909,
128,5,9236101,grassmann_naive_rang_naif,3,0.375,0.375,0.375,0.0,7.10400390625,7.1831231117248535,28,16,1280,1280,0.1,35840,4,5.0902254523589457e-14,1.0,1.0,48.40909090909091,0.779057405089909,
128,5,9236101,grassmann_oracle_empirical,3,1.0,1.0,1.0,0.1763392857142857,0.0760279223322868,1.145285725593567,28,16,1280,1280,0.1,35840,4,,,,,,1.0
128,5,9236101,log_euclidienne_corrigee,3,0.625,0.5,0.75,0.1160714285714285,0.0024040096905082,0.1033683717250824,28,16,1280,1280,0.1,35840,4,5.0902254523589457e-14,1.0,1.0,48.40909090909091,0.779057405089909,
128,6,9236101,affine_corrigee,3,0.75,0.875,0.625,0.1986607142857142,0.0014517791569232,0.1019218638539314,28,16,1280,1280,0.1,35840,4,5.098138552935162e-14,0.9772727272727272,0.9772727272727272,48.52272727272727,0.7839316985692646,
128,6,9236101,grassmann_corrigee_mp,3,1.0,1.0,1.0,0.1517857142857142,0.1364795714616775,1.1578145027160645,28,16,1280,1280,0.1,35840,4,5.098138552935162e-14,0.9772727272727272,0.9772727272727272,48.52272727272727,0.7839316985692646,
128,6,9236101,grassmann_naive_rang_naif,3,0.625,0.875,0.375,0.0,7.118819236755371,7.206521034240723,28,16,1280,1280,0.1,35840,4,5.098138552935162e-14,0.9772727272727272,0.9772727272727272,48.52272727272727,0.7839316985692646,
128,6,9236101,grassmann_oracle_empirical,3,1.0,1.0,1.0,0.1517857142857142,0.1046960204839706,1.1423078775405884,28,16,1280,1280,0.1,35840,4,,,,,,1.0
128,6,9236101,log_euclidienne_corrigee,3,0.75,0.875,0.625,0.1428571428571428,0.002375689567998,0.1033088788390159,28,16,1280,1280,0.1,35840,4,5.098138552935162e-14,0.9772727272727272,0.9772727272727272,48.52272727272727,0.7839316985692646,
128,7,9236101,affine_corrigee,3,0.75,0.625,0.875,0.2008928571428571,0.0013520326465368,0.1028492823243141,28,16,1280,1280,0.1,35840,4,5.3632984532441605e-14,0.9090909090909092,0.9090909090909092,48.5,0.7976167522082729,
128,7,9236101,grassmann_corrigee_mp,3,0.9375,1.0,0.875,0.1629464285714285,0.2941970229148865,1.201309084892273,28,16,1280,1280,0.1,35840,4,5.3632984532441605e-14,0.9090909090909092,0.9090909090909092,48.5,0.7976167522082729,
128,7,9236101,grassmann_naive_rang_naif,3,0.5,0.375,0.625,0.0,7.113900184631348,7.193655967712402,28,16,1280,1280,0.1,35840,4,5.3632984532441605e-14,0.9090909090909092,0.9090909090909092,48.5,0.7976167522082729,
128,7,9236101,grassmann_oracle_empirical,3,0.9375,1.0,0.875,0.1763392857142857,0.1106207892298698,1.1351220607757568,28,16,1280,1280,0.1,35840,4,,,,,,1.0
128,7,9236101,log_euclidienne_corrigee,3,0.75,0.75,0.75,0.1071428571428571,0.0023681330494582,0.1042970791459083,28,16,1280,1280,0.1,35840,4,5.3632984532441605e-14,0.9090909090909092,0.9090909090909092,48.5,0.7976167522082729,
128,8,9236101,affine_corrigee,3,0.625,0.375,0.875,0.2120535714285714,0.001425729249604,0.1025803238153457,28,16,1280,1280,0.1,35840,4,5.30539165390601e-14,0.9772727272727272,0.9772727272727272,48.47727272727273,0.790828269532293,
128,8,9236101,grassmann_corrigee_mp,3,0.9375,0.875,1.0,0.140625,0.1800908297300338,1.1741374731063845,28,16,1280,1280,0.1,35840,4,5.30539165390601e-14,0.9772727272727272,0.9772727272727272,48.47727272727273,0.790828269532293,
128,8,9236101,grassmann_naive_rang_naif,3,0.5625,0.625,0.5,0.0,7.136009216308594,7.229342460632324,28,16,1280,1280,0.1,35840,4,5.30539165390601e-14,0.9772727272727272,0.9772727272727272,48.47727272727273,0.790828269532293,
128,8,9236101,grassmann_oracle_empirical,3,1.0,1.0,1.0,0.1629464285714285,0.0747585296630859,1.1435197591781616,28,16,1280,1280,0.1,35840,4,,,,,,1.0
128,8,9236101,log_euclidienne_corrigee,3,0.875,0.875,0.875,0.125,0.0024103485047817,0.1039685532450676,28,16,1280,1280,0.1,35840,4,5.30539165390601e-14,0.9772727272727272,0.9772727272727272,48.47727272727273,0.790828269532293,
128,9,9236101,affine_corrigee,3,0.8125,0.75,0.875,0.2053571428571428,0.0011125230230391,0.1021478995680809,28,16,1280,1280,0.1,35840,4,5.062688946228039e-14,0.9772727272727272,0.9772727272727272,48.59090909090909,0.7832156669111172,
128,9,9236101,grassmann_corrigee_mp,3,0.9375,1.0,0.875,0.2075892857142857,0.1036267057061195,1.1400718688964844,28,16,1280,1280,0.1,35840,4,5.062688946228039e-14,0.9772727272727272,0.9772727272727272,48.59090909090909,0.7832156669111172,
128,9,9236101,grassmann_naive_rang_naif,3,0.5625,0.625,0.5,0.0,7.139134883880615,7.219585418701172,28,16,1280,1280,0.1,35840,4,5.062688946228039e-14,0.9772727272727272,0.9772727272727272,48.59090909090909,0.7832156669111172,
128,9,9236101,grassmann_oracle_empirical,3,1.0,1.0,1.0,0.2075892857142857,0.0723654851317405,1.130581259727478,28,16,1280,1280,0.1,35840,4,,,,,,1.0
128,9,9236101,log_euclidienne_corrigee,3,0.8125,0.75,0.875,0.1183035714285714,0.0020944825373589,0.1035718023777008,28,16,1280,1280,0.1,35840,4,5.062688946228039e-14,0.9772727272727272,0.9772727272727272,48.59090909090909,0.7832156669111172,
128,10,9236101,affine_corrigee,3,0.5,0.625,0.375,0.1986607142857142,0.0016740708379074,0.1030047535896301,28,16,1280,1280,0.1,35840,4,4.943578743224137e-14,0.9772727272727272,0.9772727272727272,48.45454545454545,0.7839307399796315,
128,10,9236101,grassmann_corrigee_mp,3,0.9375,1.0,0.875,0.1607142857142857,0.1437653303146362,1.1553621292114258,28,16,1280,1280,0.1,35840,4,4.943578743224137e-14,0.9772727272727272,0.9772727272727272,48.45454545454545,0.7839307399796315,
128,10,9236101,grassmann_naive_rang_naif,3,0.5625,0.75,0.375,0.0,7.138140201568604,7.207789897918701,28,16,1280,1280,0.1,35840,4,4.943578743224137e-14,0.9772727272727272,0.9772727272727272,48.45454545454545,0.7839307399796315,
128,10,9236101,grassmann_oracle_empirical,3,1.0,1.0,1.0,0.1428571428571428,0.102877028286457,1.143187165260315,28,16,1280,1280,0.1,35840,4,,,,,,1.0
128,10,9236101,log_euclidienne_corrigee,3,0.625,0.625,0.625,0.1227678571428571,0.0027410860639065,0.1044021472334861,28,16,1280,1280,0.1,35840,4,4.943578743224137e-14,0.9772727272727272,0.9772727272727272,48.45454545454545,0.7839307399796315,
128,11,9236101,affine_corrigee,3,0.75,1.0,0.5,0.1651785714285714,0.0013085401151329,0.101825326681137,28,16,1280,1280,0.1,35840,4,5.2476177122731643e-14,1.0,1.0,48.54545454545455,0.7796280815910251,
128,11,9236101,grassmann_corrigee_mp,3,0.8125,1.0,0.625,0.1138392857142857,0.1365641504526138,1.1590170860290527,28,16,1280,1280,0.1,35840,4,5.2476177122731643e-14,1.0,1.0,48.54545454545455,0.7796280815910251,
128,11,9236101,grassmann_naive_rang_naif,3,0.375,0.375,0.375,0.0,7.1217546463012695,7.205183982849121,28,16,1280,1280,0.1,35840,4,5.2476177122731643e-14,1.0,1.0,48.54545454545455,0.7796280815910251,
128,11,9236101,grassmann_oracle_empirical,3,1.0,1.0,1.0,0.1071428571428571,0.1480885297060012,1.1657531261444092,28,16,1280,1280,0.1,35840,4,,,,,,1.0
128,11,9236101,log_euclidienne_corrigee,3,0.75,0.875,0.625,0.078125,0.002422199351713,0.1032542958855629,28,16,1280,1280,0.1,35840,4,5.2476177122731643e-14,1.0,1.0,48.54545454545455,0.7796280815910251,
128,12,9236101,affine_corrigee,3,0.75,0.75,0.75,0.2611607142857143,0.0012101873289793,0.1012009009718895,28,16,1280,1280,0.1,35840,4,4.915151064173068e-14,1.0,1.0,48.54545454545455,0.7766774922507693,
128,12,9236101,grassmann_corrigee_mp,3,0.9375,0.875,1.0,0.1272321428571428,0.1108919307589531,1.1450726985931396,28,16,1280,1280,0.1,35840,4,4.915151064173068e-14,1.0,1.0,48.54545454545455,0.7766774922507693,
128,12,9236101,grassmann_naive_rang_naif,3,0.625,0.625,0.625,0.0,7.128821849822998,7.213056087493896,28,16,1280,1280,0.1,35840,4,4.915151064173068e-14,1.0,1.0,48.54545454545455,0.7766774922507693,
128,12,9236101,grassmann_oracle_empirical,3,1.0,1.0,1.0,0.0803571428571428,0.1713461726903915,1.1604915857315063,28,16,1280,1280,0.1,35840,4,,,,,,1.0
128,12,9236101,log_euclidienne_corrigee,3,0.8125,0.75,0.875,0.1919642857142857,0.0019902563653886,0.1025149598717689,28,16,1280,1280,0.1,35840,4,4.915151064173068e-14,1.0,1.0,48.54545454545455,0.7766774922507693,
128,13,9236101,affine_corrigee,3,0.5,0.375,0.625,0.2299107142857142,0.000801432877779,0.1019928604364395,28,16,1280,1280,0.1,35840,4,6.563083607867279e-14,1.0,1.0,48.5,0.7819593444180271,
128,13,9236101,grassmann_corrigee_mp,3,1.0,1.0,1.0,0.1138392857142857,0.1325836479663849,1.1519912481307983,28,16,1280,1280,0.1,35840,4,6.563083607867279e-14,1.0,1.0,48.5,0.7819593444180271,
128,13,9236101,grassmann_naive_rang_naif,3,0.625,0.5,0.75,0.0,7.129841327667236,7.221933841705322,28,16,1280,1280,0.1,35840,4,6.563083607867279e-14,1.0,1.0,48.5,0.7819593444180271,
128,13,9236101,grassmann_oracle_empirical,3,0.9375,1.0,0.875,0.1049107142857142,0.1533112525939941,1.1568080186843872,28,16,1280,1280,0.1,35840,4,,,,,,1.0
128,13,9236101,log_euclidienne_corrigee,3,0.6875,0.5,0.875,0.1160714285714285,0.0017326412489637,0.1033696457743644,28,16,1280,1280,0.1,35840,4,6.563083607867279e-14,1.0,1.0,48.5,0.7819593444180271,
128,14,9236101,affine_corrigee,3,0.625,0.75,0.5,0.2633928571428571,0.0012257229536771,0.1008605509996414,28,16,1280,1280,0.1,35840,4,5.099548776293114e-14,0.9772727272727272,0.9772727272727272,48.34090909090909,0.7781587386154923,
128,14,9236101,grassmann_corrigee_mp,3,0.875,1.0,0.75,0.140625,0.1482246220111847,1.1651265621185305,28,16,1280,1280,0.1,35840,4,5.099548776293114e-14,0.9772727272727272,0.9772727272727272,48.34090909090909,0.7781587386154923,
128,14,9236101,grassmann_naive_rang_naif,3,0.3125,0.375,0.25,0.0,7.10079288482666,7.182596683502197,28,16,1280,1280,0.1,35840,4,5.099548776293114e-14,0.9772727272727272,0.9772727272727272,48.34090909090909,0.7781587386154923,
128,14,9236101,grassmann_oracle_empirical,3,1.0,1.0,1.0,0.1160714285714285,0.1472763121128082,1.1608833074569702,28,16,1280,1280,0.1,35840,4,,,,,,1.0
128,14,9236101,log_euclidienne_corrigee,3,0.8125,0.875,0.75,0.1339285714285714,0.0020350790582597,0.1022356823086738,28,16,1280,1280,0.1,35840,4,5.099548776293114e-14,0.9772727272727272,0.9772727272727272,48.34090909090909,0.7781587386154923,
128,15,9236101,affine_corrigee,3,0.6875,1.0,0.375,0.2232142857142857,0.0012650276767089,0.1026099324226379,28,16,1280,1280,0.1,35840,4,5.284540817063413e-14,0.9545454545454546,0.9545454545454546,48.31818181818182,0.7853194966351812,
128,15,9236101,grassmann_corrigee_mp,3,1.0,1.0,1.0,0.1540178571428571,0.2017572075128555,1.1864351034164429,28,16,1280,1280,0.1,35840,4,5.284540817063413e-14,0.9545454545454546,0.9545454545454546,48.31818181818182,0.7853194966351812,
128,15,9236101,grassmann_naive_rang_naif,3,0.5625,0.625,0.5,0.0,7.106627464294434,7.195761680603027,28,16,1280,1280,0.1,35840,4,5.284540817063413e-14,0.9545454545454546,0.9545454545454546,48.31818181818182,0.7853194966351812,
128,15,9236101,grassmann_oracle_empirical,3,1.0,1.0,1.0,0.1473214285714285,0.108981117606163,1.149953842163086,28,16,1280,1280,0.1,35840,4,,,,,,1.0
128,15,9236101,log_euclidienne_corrigee,3,0.6875,0.875,0.5,0.1473214285714285,0.0021636148449033,0.1039751395583152,28,16,1280,1280,0.1,35840,4,5.284540817063413e-14,0.9545454545454546,0.9545454545454546,48.31818181818182,0.7853194966351812,
128,16,9236101,affine_corrigee,3,0.625,0.5,0.75,0.1540178571428571,0.0018513285322114,0.1029822006821632,28,16,1280,1280,0.1,35840,4,4.8821421628438616e-14,0.9545454545454546,0.9545454545454546,48.79545454545455,0.7889339235641001,
128,16,9236101,grassmann_corrigee_mp,3,0.9375,0.875,1.0,0.1339285714285714,0.2274787127971649,1.1845171451568604,28,16,1280,1280,0.1,35840,4,4.8821421628438616e-14,0.9545454545454546,0.9545454545454546,48.79545454545455,0.7889339235641001,
128,16,9236101,grassmann_naive_rang_naif,3,0.625,0.5,0.75,0.0,7.096092700958252,7.180696964263916,28,16,1280,1280,0.1,35840,4,4.8821421628438616e-14,0.9545454545454546,0.9545454545454546,48.79545454545455,0.7889339235641001,
128,16,9236101,grassmann_oracle_empirical,3,1.0,1.0,1.0,0.1517857142857142,0.101091980934143,1.1526710987091064,28,16,1280,1280,0.1,35840,4,,,,,,1.0
128,16,9236101,log_euclidienne_corrigee,3,0.8125,0.75,0.875,0.0714285714285714,0.0030491426587104,0.104416437447071,28,16,1280,1280,0.1,35840,4,4.8821421628438616e-14,0.9545454545454546,0.9545454545454546,48.79545454545455,0.7889339235641001,
128,17,9236101,affine_corrigee,3,0.6875,0.75,0.625,0.203125,0.0014360038330778,0.1024305969476699,28,16,1280,1280,0.1,35840,4,4.975106258303745e-14,0.9772727272727272,0.9772727272727272,48.5,0.7803889797816749,
128,17,9236101,grassmann_corrigee_mp,3,0.9375,1.0,0.875,0.1517857142857142,0.1754269301891327,1.1505550146102903,28,16,1280,1280,0.1,35840,4,4.975106258303745e-14,0.9772727272727272,0.9772727272727272,48.5,0.7803889797816749,
128,17,9236101,grassmann_naive_rang_naif,3,0.5625,0.375,0.75,0.0,7.135765075683594,7.215921878814697,28,16,1280,1280,0.1,35840,4,4.975106258303745e-14,0.9772727272727272,0.9772727272727272,48.5,0.7803889797816749,
128,17,9236101,grassmann_oracle_empirical,3,0.9375,1.0,0.875,0.1272321428571428,0.1486511528491974,1.146137833595276,28,16,1280,1280,0.1,35840,4,,,,,,1.0
128,17,9236101,log_euclidienne_corrigee,3,0.6875,0.75,0.625,0.1138392857142857,0.0024840917903929,0.1038072258234024,28,16,1280,1280,0.1,35840,4,4.975106258303745e-14,0.9772727272727272,0.9772727272727272,48.5,0.7803889797816749,
128,18,9236101,affine_corrigee,3,0.75,0.75,0.75,0.2165178571428571,0.0012101399479433,0.1015458777546882,28,16,1280,1280,0.1,35840,4,5.890434487344721e-14,1.0,1.0,48.43181818181818,0.7790713617553738,
128,18,9236101,grassmann_corrigee_mp,3,1.0,1.0,1.0,0.140625,0.1284411698579788,1.1396684646606443,28,16,1280,1280,0.1,35840,4,5.890434487344721e-14,1.0,1.0,48.43181818181818,0.7790713617553738,
128,18,9236101,grassmann_naive_rang_naif,3,0.5625,0.625,0.5,0.0,7.11286211013794,7.201392650604248,28,16,1280,1280,0.1,35840,4,5.890434487344721e-14,1.0,1.0,48.43181818181818,0.7790713617553738,
128,18,9236101,grassmann_oracle_empirical,3,1.0,1.0,1.0,0.1116071428571428,0.1574044376611709,1.1482969522476196,28,16,1280,1280,0.1,35840,4,,,,,,1.0
128,18,9236101,log_euclidienne_corrigee,3,0.875,1.0,0.75,0.1316964285714285,0.0021351540926843,0.1029322519898414,28,16,1280,1280,0.1,35840,4,5.890434487344721e-14,1.0,1.0,48.43181818181818,0.7790713617553738,
128,19,9236101,affine_corrigee,3,0.625,0.25,1.0,0.1696428571428571,0.0017349283443763,0.10257538408041,28,16,1280,1280,0.1,35840,4,4.985900377676151e-14,0.9772727272727272,0.9772727272727272,48.47727272727273,0.7769592592823574,
128,19,9236101,grassmann_corrigee_mp,3,0.9375,0.875,1.0,0.1339285714285714,0.2196025997400283,1.179767370223999,28,16,1280,1280,0.1,35840,4,4.985900377676151e-14,0.9772727272727272,0.9772727272727272,48.47727272727273,0.7769592592823574,
128,19,9236101,grassmann_naive_rang_naif,3,0.5625,0.375,0.75,0.0,7.102530956268311,7.180294990539551,28,16,1280,1280,0.1,35840,4,4.985900377676151e-14,0.9772727272727272,0.9772727272727272,48.47727272727273,0.7769592592823574,
128,19,9236101,grassmann_oracle_empirical,3,1.0,1.0,1.0,0.0915178571428571,0.1841251850128173,1.170714020729065,28,16,1280,1280,0.1,35840,4,,,,,,1.0
128,19,9236101,log_euclidienne_corrigee,3,0.75,0.5,1.0,0.1160714285714285,0.0027389104943722,0.1039818450808525,28,16,1280,1280,0.1,35840,4,4.985900377676151e-14,0.9772727272727272,0.9772727272727272,48.47727272727273,0.7769592592823574,
160,0,9236101,affine_corrigee,3,0.5625,0.625,0.5,0.1484375,0.0015360142569988,0.0828871056437492,32,16,1600,1600,0.1,51200,4,7.262190940541037e-14,1.0,1.0,61.60416666666666,0.7830201422712855,
160,0,9236101,grassmann_corrigee_mp,3,1.0,1.0,1.0,0.16796875,0.0794401615858078,1.13911235332489,32,16,1600,1600,0.1,51200,4,7.262190940541037e-14,1.0,1.0,61.60416666666666,0.7830201422712855,
160,0,9236101,grassmann_naive_rang_naif,3,0.4375,0.5,0.375,0.0,7.968671798706055,8.043378829956055,32,16,1600,1600,0.1,51200,4,7.262190940541037e-14,1.0,1.0,61.60416666666666,0.7830201422712855,
160,0,9236101,grassmann_oracle_empirical,3,1.0,1.0,1.0,0.166015625,0.0708175674080848,1.1413060426712036,32,16,1600,1600,0.1,51200,4,,,,,,1.0
160,0,9236101,log_euclidienne_corrigee,3,0.5625,0.625,0.5,0.083984375,0.0024827304296195,0.0840299129486084,32,16,1600,1600,0.1,51200,4,7.262190940541037e-14,1.0,1.0,61.60416666666666,0.7830201422712855,
160,1,9236101,affine_corrigee,3,0.5625,0.625,0.5,0.19921875,0.0013022113125771,0.0825975015759468,32,16,1600,1600,0.1,51200,4,5.851749189159373e-14,1.0,1.0,61.645833333333336,0.787257134433136,
160,1,9236101,grassmann_corrigee_mp,3,1.0,1.0,1.0,0.17578125,0.0720037817955017,1.134616494178772,32,16,1600,1600,0.1,51200,4,5.851749189159373e-14,1.0,1.0,61.645833333333336,0.787257134433136,
160,1,9236101,grassmann_naive_rang_naif,3,0.6875,0.5,0.875,0.0,7.971919536590576,8.061192512512207,32,16,1600,1600,0.1,51200,4,5.851749189159373e-14,1.0,1.0,61.645833333333336,0.787257134433136,
160,1,9236101,grassmann_oracle_empirical,3,1.0,1.0,1.0,0.169921875,0.0760699808597564,1.131333827972412,32,16,1600,1600,0.1,51200,4,,,,,,1.0
160,1,9236101,log_euclidienne_corrigee,3,0.6875,0.75,0.625,0.126953125,0.0021084151230752,0.0837193503975868,32,16,1600,1600,0.1,51200,4,5.851749189159373e-14,1.0,1.0,61.645833333333336,0.787257134433136,
160,2,9236101,affine_corrigee,3,0.875,1.0,0.75,0.25,0.0009990571998059,0.0821331962943077,32,16,1600,1600,0.1,51200,4,6.170603569650459e-14,1.0,1.0,61.75,0.7769112062348517,
160,2,9236101,grassmann_corrigee_mp,3,1.0,1.0,1.0,0.1796875,0.0746393948793411,1.1309202909469604,32,16,1600,1600,0.1,51200,4,6.170603569650459e-14,1.0,1.0,61.75,0.7769112062348517,
160,2,9236101,grassmann_naive_rang_naif,3,0.5,0.5,0.5,0.0,7.990114212036133,8.059187889099121,32,16,1600,1600,0.1,51200,4,6.170603569650459e-14,1.0,1.0,61.75,0.7769112062348517,
160,2,9236101,grassmann_oracle_empirical,3,1.0,1.0,1.0,0.13671875,0.1028801202774047,1.1457265615463257,32,16,1600,1600,0.1,51200,4,,,,,,1.0
160,2,9236101,log_euclidienne_corrigee,3,0.8125,0.75,0.875,0.12109375,0.0017259502783417,0.0832680389285087,32,16,1600,1600,0.1,51200,4,6.170603569650459e-14,1.0,1.0,61.75,0.7769112062348517,
160,3,9236101,affine_corrigee,3,0.6875,0.875,0.5,0.25,0.0008090303163044,0.0811691507697105,32,16,1600,1600,0.1,51200,4,6.290261159808319e-14,1.0,1.0,61.5625,0.7791040291556895,
160,3,9236101,grassmann_corrigee_mp,3,1.0,1.0,1.0,0.126953125,0.1200074404478073,1.14677631855011,32,16,1600,1600,0.1,51200,4,6.290261159808319e-14,1.0,1.0,61.5625,0.7791040291556895,
160,3,9236101,grassmann_naive_rang_naif,3,0.5625,0.5,0.625,0.0,7.956926345825195,8.033029556274414,32,16,1600,1600,0.1,51200,4,6.290261159808319e-14,1.0,1.0,61.5625,0.7791040291556895,
160,3,9236101,grassmann_oracle_empirical,3,1.0,1.0,1.0,0.103515625,0.1600722968578338,1.1587811708450315,32,16,1600,1600,0.1,51200,4,,,,,,1.0
160,3,9236101,log_euclidienne_corrigee,3,0.75,0.875,0.625,0.162109375,0.0014765285886824,0.0822100564837455,32,16,1600,1600,0.1,51200,4,6.290261159808319e-14,1.0,1.0,61.5625,0.7791040291556895,
160,4,9236101,affine_corrigee,3,0.6875,0.5,0.875,0.232421875,0.0009037916315719,0.0816689655184745,32,16,1600,1600,0.1,51200,4,6.00590644584134e-14,1.0,1.0,61.54166666666666,0.7796398402454425,
160,4,9236101,grassmann_corrigee_mp,3,0.9375,1.0,0.875,0.15234375,0.1000420749187469,1.136802315711975,32,16,1600,1600,0.1,51200,4,6.00590644584134e-14,1.0,1.0,61.54166666666666,0.7796398402454425,
160,4,9236101,grassmann_naive_rang_naif,3,0.4375,0.375,0.5,0.0,7.990447044372559,8.063881874084473,32,16,1600,1600,0.1,51200,4,6.00590644584134e-14,1.0,1.0,61.54166666666666,0.7796398402454425,
160,4,9236101,grassmann_oracle_empirical,3,1.0,1.0,1.0,0.1171875,0.1253076195716858,1.147714376449585,32,16,1600,1600,0.1,51200,4,,,,,,1.0
160,4,9236101,log_euclidienne_corrigee,3,0.625,0.625,0.625,0.13671875,0.0016540505457669,0.0827587246894836,32,16,1600,1600,0.1,51200,4,6.00590644584134e-14,1.0,1.0,61.54166666666666,0.7796398402454425,
160,5,9236101,affine_corrigee,3,0.875,0.875,0.875,0.162109375,0.0016229843022301,0.0825632587075233,32,16,1600,1600,0.1,51200,4,1.0125723379977637e-13,1.0,1.0,61.75,0.7826860019164208,
160,5,9236101,grassmann_corrigee_mp,3,1.0,1.0,1.0,0.15234375,0.0880843102931976,1.147591233253479,32,16,1600,1600,0.1,51200,4,1.0125723379977637e-13,1.0,1.0,61.75,0.7826860019164208,
160,5,9236101,grassmann_naive_rang_naif,3,0.375,0.375,0.375,0.0,7.979870319366455,8.051615715026855,32,16,1600,1600,0.1,51200,4,1.0125723379977637e-13,1.0,1.0,61.75,0.7826860019164208,
160,5,9236101,grassmann_oracle_empirical,3,1.0,1.0,1.0,0.12890625,0.1029691100120544,1.152247190475464,32,16,1600,1600,0.1,51200,4,,,,,,1.0
160,5,9236101,log_euclidienne_corrigee,3,0.8125,0.875,0.75,0.0859375,0.0025650900788605,0.0837016329169273,32,16,1600,1600,0.1,51200,4,1.0125723379977637e-13,1.0,1.0,61.75,0.7826860019164208,
160,6,9236101,affine_corrigee,3,0.6875,0.5,0.875,0.166015625,0.0015149733517318,0.083340972661972,32,16,1600,1600,0.1,51200,4,5.996174225298366e-14,0.9791666666666666,0.9791666666666666,61.72916666666666,0.7866203010254669,
160,6,9236101,grassmann_corrigee_mp,3,1.0,1.0,1.0,0.13671875,0.1331194043159485,1.1616579294204712,32,16,1600,1600,0.1,51200,4,5.996174225298366e-14,0.9791666666666666,0.9791666666666666,61.72916666666666,0.7866203010254669,
160,6,9236101,grassmann_naive_rang_naif,3,0.3125,0.375,0.25,0.0,7.980319023132324,8.056822776794434,32,16,1600,1600,0.1,51200,4,5.996174225298366e-14,0.9791666666666666,0.9791666666666666,61.72916666666666,0.7866203010254669,
160,6,9236101,grassmann_oracle_empirical,3,1.0,1.0,1.0,0.146484375,0.0863798707723617,1.1504759788513184,32,16,1600,1600,0.1,51200,4,,,,,,1.0
160,6,9236101,log_euclidienne_corrigee,3,0.75,0.625,0.875,0.09375,0.0024013449437916,0.0844837054610252,32,16,1600,1600,0.1,51200,4,5.996174225298366e-14,0.9791666666666666,0.9791666666666666,61.72916666666666,0.7866203010254669,
160,7,9236101,affine_corrigee,3,0.875,0.75,1.0,0.19140625,0.0012284785043448,0.0826243758201599,32,16,1600,1600,0.1,51200,4,6.57414026747973e-14,1.0,1.0,61.708333333333336,0.7774628912142617,
160,7,9236101,grassmann_corrigee_mp,3,1.0,1.0,1.0,0.1328125,0.0930462032556533,1.1509734392166138,32,16,1600,1600,0.1,51200,4,6.57414026747973e-14,1.0,1.0,61.708333333333336,0.7774628912142617,
160,7,9236101,grassmann_naive_rang_naif,3,0.6875,0.75,0.625,0.0,7.963130950927734,8.03931713104248,32,16,1600,1600,0.1,51200,4,6.57414026747973e-14,1.0,1.0,61.708333333333336,0.7774628912142617,
160,7,9236101,grassmann_oracle_empirical,3,1.0,1.0,1.0,0.107421875,0.1380854845046997,1.1610461473464966,32,16,1600,1600,0.1,51200,4,,,,,,1.0
160,7,9236101,log_euclidienne_corrigee,3,0.8125,0.875,0.75,0.109375,0.0020279167219996,0.0837886929512023,32,16,1600,1600,0.1,51200,4,6.57414026747973e-14,1.0,1.0,61.708333333333336,0.7774628912142617,
160,8,9236101,affine_corrigee,3,0.625,0.375,0.875,0.185546875,0.0011842323001474,0.0820590704679489,32,16,1600,1600,0.1,51200,4,8.581460815304817e-14,1.0,1.0,61.60416666666666,0.7784325159310889,
160,8,9236101,grassmann_corrigee_mp,3,0.9375,1.0,0.875,0.134765625,0.1082513332366943,1.152544379234314,32,16,1600,1600,0.1,51200,4,8.581460815304817e-14,1.0,1.0,61.60416666666666,0.7784325159310889,
160,8,9236101,grassmann_naive_rang_naif,3,0.5625,0.375,0.75,0.0,7.980700492858887,8.051884651184082,32,16,1600,1600,0.1,51200,4,8.581460815304817e-14,1.0,1.0,61.60416666666666,0.7784325159310889,
160,8,9236101,grassmann_oracle_empirical,3,1.0,1.0,1.0,0.1015625,0.1411405205726623,1.164868712425232,32,16,1600,1600,0.1,51200,4,,,,,,1.0
160,8,9236101,log_euclidienne_corrigee,3,0.6875,0.5,0.875,0.10546875,0.0020735887810587,0.0831615701317787,32,16,1600,1600,0.1,51200,4,8.581460815304817e-14,1.0,1.0,61.60416666666666,0.7784325159310889,
160,9,9236101,affine_corrigee,3,0.75,0.875,0.625,0.203125,0.000997498165816,0.0825070142745971,32,16,1600,1600,0.1,51200,4,6.171551527322059e-14,1.0,1.0,61.625,0.7851339441229483,
160,9,9236101,grassmann_corrigee_mp,3,1.0,1.0,1.0,0.1328125,0.1067364290356636,1.146915316581726,32,16,1600,1600,0.1,51200,4,6.171551527322059e-14,1.0,1.0,61.625,0.7851339441229483,
160,9,9236101,grassmann_naive_rang_naif,3,0.6875,0.75,0.625,0.0,7.990527153015137,8.058086395263672,32,16,1600,1600,0.1,51200,4,6.171551527322059e-14,1.0,1.0,61.625,0.7851339441229483,
160,9,9236101,grassmann_oracle_empirical,3,1.0,1.0,1.0,0.154296875,0.098319374024868,1.1457228660583496,32,16,1600,1600,0.1,51200,4,,,,,,1.0
160,9,9236101,log_euclidienne_corrigee,3,0.625,0.75,0.5,0.099609375,0.0018281085649505,0.0836065039038658,32,16,1600,1600,0.1,51200,4,6.171551527322059e-14,1.0,1.0,61.625,0.7851339441229483,
160,10,9236101,affine_corrigee,3,0.875,0.875,0.875,0.18359375,0.0013030997943133,0.0816482976078987,32,16,1600,1600,0.1,51200,4,6.483311549534483e-14,0.9791666666666666,0.9791666666666666,61.583333333333336,0.7839506815280592,
160,10,9236101,grassmann_corrigee_mp,3,0.9375,0.875,1.0,0.15625,0.1705339848995208,1.1708208322525024,32,16,1600,1600,0.1,51200,4,6.483311549534483e-14,0.9791666666666666,0.9791666666666666,61.583333333333336,0.7839506815280592,
160,10,9236101,grassmann_naive_rang_naif,3,0.4375,0.375,0.5,0.0,7.963606834411621,8.038436889648438,32,16,1600,1600,0.1,51200,4,6.483311549534483e-14,0.9791666666666666,0.9791666666666666,61.583333333333336,0.7839506815280592,
160,10,9236101,grassmann_oracle_empirical,3,1.0,1.0,1.0,0.15234375,0.0864196121692657,1.1485459804534912,32,16,1600,1600,0.1,51200,4,,,,,,1.0
160,10,9236101,log_euclidienne_corrigee,3,0.875,0.875,0.875,0.10546875,0.0021023915614932,0.0827836617827415,32,16,1600,1600,0.1,51200,4,6.483311549534483e-14,0.9791666666666666,0.9791666666666666,61.583333333333336,0.7839506815280592,
160,11,9236101,affine_corrigee,3,0.75,0.75,0.75,0.201171875,0.0009421416325494,0.0818958356976509,32,16,1600,1600,0.1,51200,4,5.786047669742599e-14,1.0,1.0,61.66666666666666,0.7797288888180769,
160,11,9236101,grassmann_corrigee_mp,3,0.9375,0.875,1.0,0.166015625,0.0861390531063079,1.137519359588623,32,16,1600,1600,0.1,51200,4,5.786047669742599e-14,1.0,1.0,61.66666666666666,0.7797288888180769,
160,11,9236101,grassmann_naive_rang_naif,3,0.6875,0.625,0.75,0.0,7.967249870300293,8.039589881896973,32,16,1600,1600,0.1,51200,4,5.786047669742599e-14,1.0,1.0,61.66666666666666,0.7797288888180769,
160,11,9236101,grassmann_oracle_empirical,3,0.9375,1.0,0.875,0.146484375,0.103088729083538,1.14767587184906,32,16,1600,1600,0.1,51200,4,,,,,,1.0
160,11,9236101,log_euclidienne_corrigee,3,0.6875,0.625,0.75,0.109375,0.0017621153965592,0.0830184966325759,32,16,1600,1600,0.1,51200,4,5.786047669742599e-14,1.0,1.0,61.66666666666666,0.7797288888180769,
160,12,9236101,affine_corrigee,3,0.8125,0.875,0.75,0.19921875,0.0012126954970881,0.0821867808699607,32,16,1600,1600,0.1,51200,4,6.179728645198406e-14,1.0,1.0,61.66666666666666,0.7841585953231514,
160,12,9236101,grassmann_corrigee_mp,3,0.9375,1.0,0.875,0.126953125,0.1208305060863494,1.1508421897888184,32,16,1600,1600,0.1,51200,4,6.179728645198406e-14,1.0,1.0,61.66666666666666,0.7841585953231514,
160,12,9236101,grassmann_naive_rang_naif,3,0.375,0.0,0.75,0.0,7.974640369415283,8.044872283935547,32,16,1600,1600,0.1,51200,4,6.179728645198406e-14,1.0,1.0,61.66666666666666,0.7841585953231514,
160,12,9236101,grassmann_oracle_empirical,3,1.0,1.0,1.0,0.12109375,0.126067578792572,1.1517796516418457,32,16,1600,1600,0.1,51200,4,,,,,,1.0
160,12,9236101,log_euclidienne_corrigee,3,0.75,0.875,0.625,0.12890625,0.00197458663024,0.0833125859498977,32,16,1600,1600,0.1,51200,4,6.179728645198406e-14,1.0,1.0,61.66666666666666,0.7841585953231514,
160,13,9236101,affine_corrigee,3,0.4375,0.75,0.125,0.197265625,0.0013063916703686,0.0819666609168052,32,16,1600,1600,0.1,51200,4,1.414686567914968e-13,0.9791666666666666,0.9791666666666666,61.625,0.7768218460972653,
160,13,9236101,grassmann_corrigee_mp,3,0.875,1.0,0.75,0.177734375,0.1453468203544616,1.1457343101501465,32,16,1600,1600,0.1,51200,4,1.414686567914968e-13,0.9791666666666666,0.9791666666666666,61.625,0.7768218460972653,
160,13,9236101,grassmann_naive_rang_naif,3,0.4375,0.5,0.375,0.0,7.966388702392578,8.036811828613281,32,16,1600,1600,0.1,51200,4,1.414686567914968e-13,0.9791666666666666,0.9791666666666666,61.625,0.7768218460972653,
160,13,9236101,grassmann_oracle_empirical,3,0.9375,1.0,0.875,0.109375,0.1374225616455078,1.149711847305298,32,16,1600,1600,0.1,51200,4,,,,,,1.0
160,13,9236101,log_euclidienne_corrigee,3,0.4375,0.5,0.375,0.12109375,0.00220319442451,0.0830812230706214,32,16,1600,1600,0.1,51200,4,1.414686567914968e-13,0.9791666666666666,0.9791666666666666,61.625,0.7768218460972653,
160,14,9236101,affine_corrigee,3,0.625,0.625,0.625,0.251953125,0.000834141683299,0.081222116947174,32,16,1600,1600,0.1,51200,4,5.75765538561299e-14,1.0,1.0,61.6875,0.7826091993091943,
160,14,9236101,grassmann_corrigee_mp,3,0.9375,0.875,1.0,0.201171875,0.0676075965166091,1.131043791770935,32,16,1600,1600,0.1,51200,4,5.75765538561299e-14,1.0,1.0,61.6875,0.7826091993091943,
160,14,9236101,grassmann_naive_rang_naif,3,0.375,0.5,0.25,0.0,7.972059726715088,8.049433708190918,32,16,1600,1600,0.1,51200,4,5.75765538561299e-14,1.0,1.0,61.6875,0.7826091993091943,
160,14,9236101,grassmann_oracle_empirical,3,1.0,1.0,1.0,0.1796875,0.0706781297922134,1.1362706422805786,32,16,1600,1600,0.1,51200,4,,,,,,1.0
160,14,9236101,log_euclidienne_corrigee,3,0.75,0.5,1.0,0.162109375,0.0015249873977154,0.0823085457086563,32,16,1600,1600,0.1,51200,4,5.75765538561299e-14,1.0,1.0,61.6875,0.7826091993091943,
160,15,9236101,affine_corrigee,3,0.625,0.75,0.5,0.232421875,0.0007496997714042,0.0816521942615509,32,16,1600,1600,0.1,51200,4,5.961157978994404e-14,1.0,1.0,61.333333333333336,0.7791230857165324,
160,15,9236101,grassmann_corrigee_mp,3,1.0,1.0,1.0,0.173828125,0.0776664018630981,1.132057547569275,32,16,1600,1600,0.1,51200,4,5.961157978994404e-14,1.0,1.0,61.333333333333336,0.7791230857165324,
160,15,9236101,grassmann_naive_rang_naif,3,0.5,0.375,0.625,0.0,7.980091571807861,8.049910545349121,32,16,1600,1600,0.1,51200,4,5.961157978994404e-14,1.0,1.0,61.333333333333336,0.7791230857165324,
160,15,9236101,grassmann_oracle_empirical,3,1.0,1.0,1.0,0.14453125,0.1022609695792198,1.1437335014343262,32,16,1600,1600,0.1,51200,4,,,,,,1.0
160,15,9236101,log_euclidienne_corrigee,3,0.6875,0.75,0.625,0.130859375,0.0015061403391882,0.0827743709087371,32,16,1600,1600,0.1,51200,4,5.961157978994404e-14,1.0,1.0,61.333333333333336,0.7791230857165324,
160,16,9236101,affine_corrigee,3,0.625,0.75,0.5,0.2421875,0.001006816048175,0.0822399780154228,32,16,1600,1600,0.1,51200,4,5.788583022390013e-14,0.9791666666666666,0.9791666666666666,61.5625,0.7889958887746485,
160,16,9236101,grassmann_corrigee_mp,3,0.9375,0.875,1.0,0.17578125,0.1175182610750198,1.1492282152175903,32,16,1600,1600,0.1,51200,4,5.788583022390013e-14,0.9791666666666666,0.9791666666666666,61.5625,0.7889958887746485,
160,16,9236101,grassmann_naive_rang_naif,3,0.5625,0.625,0.5,0.0,7.9544196128845215,8.046525955200195,32,16,1600,1600,0.1,51200,4,5.788583022390013e-14,0.9791666666666666,0.9791666666666666,61.5625,0.7889958887746485,
160,16,9236101,grassmann_oracle_empirical,3,1.0,1.0,1.0,0.177734375,0.0601936466991901,1.1309535503387451,32,16,1600,1600,0.1,51200,4,,,,,,1.0
160,16,9236101,log_euclidienne_corrigee,3,0.6875,1.0,0.375,0.177734375,0.0016734495293349,0.0833401009440422,32,16,1600,1600,0.1,51200,4,5.788583022390013e-14,0.9791666666666666,0.9791666666666666,61.5625,0.7889958887746485,
160,17,9236101,affine_corrigee,3,0.625,0.625,0.625,0.2265625,0.0009872005321085,0.081863172352314,32,16,1600,1600,0.1,51200,4,5.833571022661035e-14,1.0,1.0,61.625,0.7763421672391182,
160,17,9236101,grassmann_corrigee_mp,3,1.0,1.0,1.0,0.197265625,0.0643972679972648,1.1221933364868164,32,16,1600,1600,0.1,51200,4,5.833571022661035e-14,1.0,1.0,61.625,0.7763421672391182,
160,17,9236101,grassmann_naive_rang_naif,3,0.5625,0.5,0.625,0.0,7.969730377197266,8.06419849395752,32,16,1600,1600,0.1,51200,4,5.833571022661035e-14,1.0,1.0,61.625,0.7763421672391182,
160,17,9236101,grassmann_oracle_empirical,3,1.0,1.0,1.0,0.15234375,0.0950176045298576,1.1349220275878906,32,16,1600,1600,0.1,51200,4,,,,,,1.0
160,17,9236101,log_euclidienne_corrigee,3,0.5,0.375,0.625,0.1328125,0.0018055606633424,0.0829493105411529,32,16,1600,1600,0.1,51200,4,5.833571022661035e-14,1.0,1.0,61.625,0.7763421672391182,
160,18,9236101,affine_corrigee,3,0.4375,0.625,0.25,0.2265625,0.0010750271612778,0.0816603973507881,32,16,1600,1600,0.1,51200,4,5.872224438610445e-14,0.9791666666666666,0.9791666666666666,61.54166666666666,0.7833448804191233,
160,18,9236101,grassmann_corrigee_mp,3,0.9375,1.0,0.875,0.162109375,0.1494164615869522,1.1560077667236328,32,16,1600,1600,0.1,51200,4,5.872224438610445e-14,0.9791666666666666,0.9791666666666666,61.54166666666666,0.7833448804191233,
160,18,9236101,grassmann_naive_rang_naif,3,0.5625,0.625,0.5,0.0,7.987853050231934,8.060789108276367,32,16,1600,1600,0.1,51200,4,5.872224438610445e-14,0.9791666666666666,0.9791666666666666,61.54166666666666,0.7833448804191233,
160,18,9236101,grassmann_oracle_empirical,3,1.0,1.0,1.0,0.146484375,0.1135033220052719,1.1518634557724,32,16,1600,1600,0.1,51200,4,,,,,,1.0
160,18,9236101,log_euclidienne_corrigee,3,0.5625,0.875,0.25,0.130859375,0.0019343658350408,0.0827446207404136,32,16,1600,1600,0.1,51200,4,5.872224438610445e-14,0.9791666666666666,0.9791666666666666,61.54166666666666,0.7833448804191233,
160,19,9236101,affine_corrigee,3,0.5,0.625,0.375,0.19140625,0.000818871310912,0.0822454392910003,32,16,1600,1600,0.1,51200,4,7.0494282138952e-14,1.0,1.0,61.5,0.7801209561989398,
160,19,9236101,grassmann_corrigee_mp,3,1.0,1.0,1.0,0.171875,0.0923798233270645,1.1407917737960815,32,16,1600,1600,0.1,51200,4,7.0494282138952e-14,1.0,1.0,61.5,0.7801209561989398,
160,19,9236101,grassmann_naive_rang_naif,3,0.4375,0.5,0.375,0.0,7.96203088760376,8.046844482421875,32,16,1600,1600,0.1,51200,4,7.0494282138952e-14,1.0,1.0,61.5,0.7801209561989398,
160,19,9236101,grassmann_oracle_empirical,3,0.9375,1.0,0.875,0.12890625,0.1312483847141266,1.1465539932250977,32,16,1600,1600,0.1,51200,4,,,,,,1.0
160,19,9236101,log_euclidienne_corrigee,3,0.5,0.5,0.5,0.125,0.001661023357883,0.0833562985062599,32,16,1600,1600,0.1,51200,4,7.0494282138952e-14,1.0,1.0,61.5,0.7801209561989398,
192,0,9236101,affine_corrigee,3,0.8125,0.75,0.875,0.1961805555555555,0.0009220105712302,0.068211518228054,36,16,1920,1920,0.1,69120,4,7.448443603564005e-14,1.0,1.0,74.73076923076923,0.7840173672780273,
192,0,9236101,grassmann_corrigee_mp,3,1.0,1.0,1.0,0.1510416666666666,0.0889178439974784,1.1475239992141724,36,16,1920,1920,0.1,69120,4,7.448443603564005e-14,1.0,1.0,74.73076923076923,0.7840173672780273,
192,0,9236101,grassmann_naive_rang_naif,3,0.3125,0.375,0.25,0.0,8.735236167907715,8.794838905334473,36,16,1920,1920,0.1,69120,4,7.448443603564005e-14,1.0,1.0,74.73076923076923,0.7840173672780273,
192,0,9236101,grassmann_oracle_empirical,3,1.0,1.0,1.0,0.1423611111111111,0.0959309190511703,1.1508746147155762,36,16,1920,1920,0.1,69120,4,,,,,,1.0
192,0,9236101,log_euclidienne_corrigee,3,0.75,0.875,0.625,0.1180555555555555,0.001602841890417,0.0691518560051918,36,16,1920,1920,0.1,69120,4,7.448443603564005e-14,1.0,1.0,74.73076923076923,0.7840173672780273,
192,1,9236101,affine_corrigee,3,0.8125,0.75,0.875,0.1649305555555555,0.0012473615352064,0.0690812170505523,36,16,1920,1920,0.1,69120,4,9.483981130886285e-14,1.0,1.0,74.92307692307692,0.7807404429151327,
192,1,9236101,grassmann_corrigee_mp,3,1.0,1.0,1.0,0.1302083333333333,0.0993870496749877,1.1512994766235352,36,16,1920,1920,0.1,69120,4,9.483981130886285e-14,1.0,1.0,74.92307692307692,0.7807404429151327,
192,1,9236101,grassmann_naive_rang_naif,3,0.6875,0.625,0.75,0.0,8.733915328979492,8.803990364074707,36,16,1920,1920,0.1,69120,4,9.483981130886285e-14,1.0,1.0,74.92307692307692,0.7807404429151327,
192,1,9236101,grassmann_oracle_empirical,3,1.0,1.0,1.0,0.1145833333333333,0.1129314079880714,1.1586806774139404,36,16,1920,1920,0.1,69120,4,,,,,,1.0
192,1,9236101,log_euclidienne_corrigee,3,0.875,0.875,0.875,0.0885416666666666,0.0020093398634344,0.0700145587325096,36,16,1920,1920,0.1,69120,4,9.483981130886285e-14,1.0,1.0,74.92307692307692,0.7807404429151327,
192,2,9236101,affine_corrigee,3,0.875,0.875,0.875,0.2152777777777778,0.0008687672088854,0.0684020146727562,36,16,1920,1920,0.1,69120,4,6.635175797815634e-14,1.0,1.0,74.90384615384616,0.7837514455724276,
192,2,9236101,grassmann_corrigee_mp,3,1.0,1.0,1.0,0.1076388888888889,0.1012504994869232,1.159862041473389,36,16,1920,1920,0.1,69120,4,6.635175797815634e-14,1.0,1.0,74.90384615384616,0.7837514455724276,
192,2,9236101,grassmann_naive_rang_naif,3,0.5,0.625,0.375,0.0,8.734809875488281,8.812511444091797,36,16,1920,1920,0.1,69120,4,6.635175797815634e-14,1.0,1.0,74.90384615384616,0.7837514455724276,
192,2,9236101,grassmann_oracle_empirical,3,1.0,1.0,1.0,0.109375,0.1085396409034729,1.1600570678710938,36,16,1920,1920,0.1,69120,4,,,,,,1.0
192,2,9236101,log_euclidienne_corrigee,3,0.875,0.875,0.875,0.1163194444444444,0.0014910220634192,0.0693168640136718,36,16,1920,1920,0.1,69120,4,6.635175797815634e-14,1.0,1.0,74.90384615384616,0.7837514455724276,
192,3,9236101,affine_corrigee,3,0.5625,0.375,0.75,0.2378472222222222,0.0005921709816902,0.0668072029948234,36,16,1920,1920,0.1,69120,4,8.437672698531371e-14,1.0,1.0,74.86538461538461,0.7794229685143331,
192,3,9236101,grassmann_corrigee_mp,3,1.0,1.0,1.0,0.1336805555555555,0.1080234870314598,1.1410374641418457,36,16,1920,1920,0.1,69120,4,8.437672698531371e-14,1.0,1.0,74.86538461538461,0.7794229685143331,
192,3,9236101,grassmann_naive_rang_naif,3,0.3125,0.5,0.125,0.0,8.769539833068848,8.827435493469238,36,16,1920,1920,0.1,69120,4,8.437672698531371e-14,1.0,1.0,74.86538461538461,0.7794229685143331,
192,3,9236101,grassmann_oracle_empirical,3,1.0,1.0,1.0,0.1006944444444444,0.1308304518461227,1.1539387702941897,36,16,1920,1920,0.1,69120,4,,,,,,1.0
192,3,9236101,log_euclidienne_corrigee,3,0.75,0.625,0.875,0.1388888888888889,0.0012174724834039,0.0677293688058853,36,16,1920,1920,0.1,69120,4,8.437672698531371e-14,1.0,1.0,74.86538461538461,0.7794229685143331,
192,4,9236101,affine_corrigee,3,0.75,0.75,0.75,0.1614583333333333,0.0010198218515142,0.068274050951004,36,16,1920,1920,0.1,69120,4,1.1713625285190004e-13,1.0,1.0,74.8076923076923,0.7832230484753959,
192,4,9236101,grassmann_corrigee_mp,3,1.0,1.0,1.0,0.1631944444444444,0.0852341800928115,1.1328219175338743,36,16,1920,1920,0.1,69120,4,1.1713625285190004e-13,1.0,1.0,74.8076923076923,0.7832230484753959,
192,4,9236101,grassmann_naive_rang_naif,3,0.4375,0.375,0.5,0.0,8.74099349975586,8.810697555541992,36,16,1920,1920,0.1,69120,4,1.1713625285190004e-13,1.0,1.0,74.8076923076923,0.7832230484753959,
192,4,9236101,grassmann_oracle_empirical,3,1.0,1.0,1.0,0.1597222222222222,0.0928641036152839,1.1345407962799072,36,16,1920,1920,0.1,69120,4,,,,,,1.0
192,4,9236101,log_euclidienne_corrigee,3,0.625,0.5,0.75,0.09375,0.0018181833438575,0.0692173391580581,36,16,1920,1920,0.1,69120,4,1.1713625285190004e-13,1.0,1.0,74.8076923076923,0.7832230484753959,
192,5,9236101,affine_corrigee,3,0.625,0.75,0.5,0.1701388888888889,0.0011898402590304,0.069341167807579,36,16,1920,1920,0.1,69120,4,8.132325920212864e-14,1.0,1.0,74.90384615384616,0.7879853590077477,
192,5,9236101,grassmann_corrigee_mp,3,1.0,1.0,1.0,0.1180555555555555,0.109387569129467,1.1546486616134644,36,16,1920,1920,0.1,69120,4,8.132325920212864e-14,1.0,1.0,74.90384615384616,0.7879853590077477,
192,5,9236101,grassmann_naive_rang_naif,3,0.5,0.5,0.5,0.0,8.74234390258789,8.81243896484375,36,16,1920,1920,0.1,69120,4,8.132325920212864e-14,1.0,1.0,74.90384615384616,0.7879853590077477,
192,5,9236101,grassmann_oracle_empirical,3,1.0,1.0,1.0,0.1475694444444444,0.0947814881801605,1.146986484527588,36,16,1920,1920,0.1,69120,4,,,,,,1.0
192,5,9236101,log_euclidienne_corrigee,3,0.5625,0.625,0.5,0.0954861111111111,0.0019590829033404,0.0702649280428886,36,16,1920,1920,0.1,69120,4,8.132325920212864e-14,1.0,1.0,74.90384615384616,0.7879853590077477,
192,6,9236101,affine_corrigee,3,0.6875,0.625,0.75,0.1649305555555555,0.0010333880782127,0.0685472413897514,36,16,1920,1920,0.1,69120,4,6.782419054662287e-14,1.0,1.0,74.8076923076923,0.782721308224202,
192,6,9236101,grassmann_corrigee_mp,3,1.0,1.0,1.0,0.1579861111111111,0.0783937871456146,1.1428487300872805,36,16,1920,1920,0.1,69120,4,6.782419054662287e-14,1.0,1.0,74.8076923076923,0.782721308224202,
192,6,9236101,grassmann_naive_rang_naif,3,0.625,0.625,0.625,0.0,8.737751007080078,8.805543899536133,36,16,1920,1920,0.1,69120,4,6.782419054662287e-14,1.0,1.0,74.8076923076923,0.782721308224202,
192,6,9236101,grassmann_oracle_empirical,3,0.9375,1.0,0.875,0.1319444444444444,0.100761242210865,1.148035764694214,36,16,1920,1920,0.1,69120,4,,,,,,1.0
192,6,9236101,log_euclidienne_corrigee,3,0.625,0.625,0.625,0.0833333333333333,0.0018275076290592,0.0694949105381965,36,16,1920,1920,0.1,69120,4,6.782419054662287e-14,1.0,1.0,74.8076923076923,0.782721308224202,
192,7,9236101,affine_corrigee,3,0.75,0.5,1.0,0.1701388888888889,0.0011848929570987,0.0685486942529678,36,16,1920,1920,0.1,69120,4,6.70504049775113e-14,1.0,1.0,74.63461538461539,0.7837822014167488,
192,7,9236101,grassmann_corrigee_mp,3,1.0,1.0,1.0,0.1510416666666666,0.0929210186004638,1.1391428709030151,36,16,1920,1920,0.1,69120,4,6.70504049775113e-14,1.0,1.0,74.63461538461539,0.7837822014167488,
192,7,9236101,grassmann_naive_rang_naif,3,0.625,0.625,0.625,0.0,8.754705429077148,8.813793182373047,36,16,1920,1920,0.1,69120,4,6.70504049775113e-14,1.0,1.0,74.63461538461539,0.7837822014167488,
192,7,9236101,grassmann_oracle_empirical,3,0.9375,1.0,0.875,0.1614583333333333,0.1035806015133857,1.1372238397598269,36,16,1920,1920,0.1,69120,4,,,,,,1.0
192,7,9236101,log_euclidienne_corrigee,3,0.8125,0.75,0.875,0.09375,0.0019477806054055,0.0694986283779144,36,16,1920,1920,0.1,69120,4,6.70504049775113e-14,1.0,1.0,74.63461538461539,0.7837822014167488,
192,8,9236101,affine_corrigee,3,0.6875,0.625,0.75,0.25,0.0007674100343137,0.067626267671585,36,16,1920,1920,0.1,69120,4,1.1115535722860377e-13,1.0,1.0,74.76923076923077,0.7786850442512218,
192,8,9236101,grassmann_corrigee_mp,3,1.0,1.0,1.0,0.1944444444444444,0.0674795806407928,1.129109025001526,36,16,1920,1920,0.1,69120,4,1.1115535722860377e-13,1.0,1.0,74.76923076923077,0.7786850442512218,
192,8,9236101,grassmann_naive_rang_naif,3,0.5,0.5,0.5,0.0,8.738780975341797,8.81020736694336,36,16,1920,1920,0.1,69120,4,1.1115535722860377e-13,1.0,1.0,74.76923076923077,0.7786850442512218,
192,8,9236101,grassmann_oracle_empirical,3,1.0,1.0,1.0,0.1614583333333333,0.0720267966389656,1.1387239694595337,36,16,1920,1920,0.1,69120,4,,,,,,1.0
192,8,9236101,log_euclidienne_corrigee,3,0.5625,0.5,0.625,0.1649305555555555,0.0013189443852752,0.0685293599963188,36,16,1920,1920,0.1,69120,4,1.1115535722860377e-13,1.0,1.0,74.76923076923077,0.7786850442512218,
192,9,9236101,affine_corrigee,3,0.5625,0.5,0.625,0.2256944444444444,0.0006876883562654,0.068159781396389,36,16,1920,1920,0.1,69120,4,6.689501992201452e-14,1.0,1.0,74.57692307692308,0.783394854999409,
192,9,9236101,grassmann_corrigee_mp,3,1.0,1.0,1.0,0.125,0.101886548101902,1.1580195426940918,36,16,1920,1920,0.1,69120,4,6.689501992201452e-14,1.0,1.0,74.57692307692308,0.783394854999409,
192,9,9236101,grassmann_naive_rang_naif,3,0.375,0.375,0.375,0.0,8.728145599365234,8.800132751464844,36,16,1920,1920,0.1,69120,4,6.689501992201452e-14,1.0,1.0,74.57692307692308,0.783394854999409,
192,9,9236101,grassmann_oracle_empirical,3,1.0,1.0,1.0,0.1215277777777777,0.1145123243331909,1.158331274986267,36,16,1920,1920,0.1,69120,4,,,,,,1.0
192,9,9236101,log_euclidienne_corrigee,3,0.6875,0.625,0.75,0.1267361111111111,0.0013155868509784,0.0690576061606407,36,16,1920,1920,0.1,69120,4,6.689501992201452e-14,1.0,1.0,74.57692307692308,0.783394854999409,
192,10,9236101,affine_corrigee,3,0.75,0.625,0.875,0.1805555555555555,0.0010693538933992,0.0681283548474311,36,16,1920,1920,0.1,69120,4,7.966645075346614e-14,0.9807692307692308,0.9807692307692308,74.82692307692308,0.7862851978321458,
192,10,9236101,grassmann_corrigee_mp,3,1.0,1.0,1.0,0.1388888888888889,0.1890560239553451,1.1700648069381714,36,16,1920,1920,0.1,69120,4,7.966645075346614e-14,0.9807692307692308,0.9807692307692308,74.82692307692308,0.7862851978321458,
192,10,9236101,grassmann_naive_rang_naif,3,0.5,0.5,0.5,0.0,8.735454559326172,8.806025505065918,36,16,1920,1920,0.1,69120,4,7.966645075346614e-14,0.9807692307692308,0.9807692307692308,74.82692307692308,0.7862851978321458,
192,10,9236101,grassmann_oracle_empirical,3,1.0,1.0,1.0,0.1232638888888889,0.1137472763657569,1.145279884338379,36,16,1920,1920,0.1,69120,4,,,,,,1.0
192,10,9236101,log_euclidienne_corrigee,3,0.6875,0.5,0.875,0.1041666666666666,0.0017631290247663,0.0690472349524498,36,16,1920,1920,0.1,69120,4,7.966645075346614e-14,0.9807692307692308,0.9807692307692308,74.82692307692308,0.7862851978321458,
192,11,9236101,affine_corrigee,3,0.625,0.5,0.75,0.2222222222222222,0.0008797009359113,0.0678057298064231,36,16,1920,1920,0.1,69120,4,7.787579784303468e-14,1.0,1.0,74.67307692307692,0.7835738539139763,
192,11,9236101,grassmann_corrigee_mp,3,0.9375,1.0,0.875,0.1232638888888889,0.1124889850616455,1.1489614248275757,36,16,1920,1920,0.1,69120,4,7.787579784303468e-14,1.0,1.0,74.67307692307692,0.7835738539139763,
192,11,9236101,grassmann_naive_rang_naif,3,0.3125,0.125,0.5,0.0,8.731772422790527,8.79865550994873,36,16,1920,1920,0.1,69120,4,7.787579784303468e-14,1.0,1.0,74.67307692307692,0.7835738539139763,
192,11,9236101,grassmann_oracle_empirical,3,0.9375,1.0,0.875,0.1128472222222222,0.1226866915822029,1.1486146450042725,36,16,1920,1920,0.1,69120,4,,,,,,1.0
192,11,9236101,log_euclidienne_corrigee,3,0.75,0.75,0.75,0.1163194444444444,0.001544194179587,0.0687358677387237,36,16,1920,1920,0.1,69120,4,7.787579784303468e-14,1.0,1.0,74.67307692307692,0.7835738539139763,
192,12,9236101,affine_corrigee,3,0.75,0.625,0.875,0.2083333333333333,0.0008227482321672,0.0678068026900291,36,16,1920,1920,0.1,69120,4,6.772564386437058e-14,1.0,1.0,74.8076923076923,0.7812343922353111,
192,12,9236101,grassmann_corrigee_mp,3,1.0,1.0,1.0,0.1336805555555555,0.1121076866984367,1.156379461288452,36,16,1920,1920,0.1,69120,4,6.772564386437058e-14,1.0,1.0,74.8076923076923,0.7812343922353111,
192,12,9236101,grassmann_naive_rang_naif,3,0.375,0.125,0.625,0.0,8.74535083770752,8.806800842285156,36,16,1920,1920,0.1,69120,4,6.772564386437058e-14,1.0,1.0,74.8076923076923,0.7812343922353111,
192,12,9236101,grassmann_oracle_empirical,3,1.0,1.0,1.0,0.1145833333333333,0.1370081305503845,1.1635161638259888,36,16,1920,1920,0.1,69120,4,,,,,,1.0
192,12,9236101,log_euclidienne_corrigee,3,0.8125,0.75,0.875,0.1128472222222222,0.0015159235335886,0.0687284842133522,36,16,1920,1920,0.1,69120,4,6.772564386437058e-14,1.0,1.0,74.8076923076923,0.7812343922353111,
192,13,9236101,affine_corrigee,3,0.625,0.625,0.625,0.2083333333333333,0.0010498453630134,0.0688511431217193,36,16,1920,1920,0.1,69120,4,1.2209962895435064e-13,1.0,1.0,75.0,0.783276990378221,
192,13,9236101,grassmann_corrigee_mp,3,0.9375,0.875,1.0,0.1631944444444444,0.0741920694708824,1.1481330394744873,36,16,1920,1920,0.1,69120,4,1.2209962895435064e-13,1.0,1.0,75.0,0.783276990378221,
192,13,9236101,grassmann_naive_rang_naif,3,0.5,0.625,0.375,0.0,8.749312400817871,8.818852424621582,36,16,1920,1920,0.1,69120,4,1.2209962895435064e-13,1.0,1.0,75.0,0.783276990378221,
192,13,9236101,grassmann_oracle_empirical,3,1.0,1.0,1.0,0.1423611111111111,0.0821763649582862,1.1532667875289917,36,16,1920,1920,0.1,69120,4,,,,,,1.0
192,13,9236101,log_euclidienne_corrigee,3,0.6875,0.75,0.625,0.1215277777777777,0.0017256509745493,0.0697869732975959,36,16,1920,1920,0.1,69120,4,1.2209962895435064e-13,1.0,1.0,75.0,0.783276990378221,
192,14,9236101,affine_corrigee,3,0.5,0.625,0.375,0.1736111111111111,0.0012173200957477,0.0682060271501541,36,16,1920,1920,0.1,69120,4,6.63900713158151e-14,1.0,1.0,74.75,0.7831480551386911,
192,14,9236101,grassmann_corrigee_mp,3,0.9375,1.0,0.875,0.1354166666666666,0.1077462881803512,1.136063575744629,36,16,1920,1920,0.1,69120,4,6.63900713158151e-14,1.0,1.0,74.75,0.7831480551386911,
192,14,9236101,grassmann_naive_rang_naif,3,0.3125,0.5,0.125,0.0,8.759390830993652,8.819934844970703,36,16,1920,1920,0.1,69120,4,6.63900713158151e-14,1.0,1.0,74.75,0.7831480551386911,
192,14,9236101,grassmann_oracle_empirical,3,0.9375,0.875,1.0,0.1284722222222222,0.1253229677677154,1.1390395164489746,36,16,1920,1920,0.1,69120,4,,,,,,1.0
192,14,9236101,log_euclidienne_corrigee,3,0.5625,0.625,0.5,0.0868055555555555,0.0020106295123696,0.0691458284854888,36,16,1920,1920,0.1,69120,4,6.63900713158151e-14,1.0,1.0,74.75,0.7831480551386911,
192,15,9236101,affine_corrigee,3,0.5,0.5,0.5,0.2152777777777778,0.0008314195438288,0.0681077092885971,36,16,1920,1920,0.1,69120,4,6.97209672603682e-14,1.0,1.0,74.82692307692308,0.7834724946973833,
192,15,9236101,grassmann_corrigee_mp,3,1.0,1.0,1.0,0.1354166666666666,0.1127558127045631,1.1451705694198608,36,16,1920,1920,0.1,69120,4,6.97209672603682e-14,1.0,1.0,74.82692307692308,0.7834724946973833,
192,15,9236101,grassmann_naive_rang_naif,3,0.625,0.75,0.5,0.0,8.734761238098145,8.797703742980957,36,16,1920,1920,0.1,69120,4,6.97209672603682e-14,1.0,1.0,74.82692307692308,0.7834724946973833,
192,15,9236101,grassmann_oracle_empirical,3,0.9375,0.875,1.0,0.1284722222222222,0.1132466271519661,1.145348072052002,36,16,1920,1920,0.1,69120,4,,,,,,1.0
192,15,9236101,log_euclidienne_corrigee,3,0.625,0.625,0.625,0.1041666666666666,0.0015196758322417,0.0690313726663589,36,16,1920,1920,0.1,69120,4,6.97209672603682e-14,1.0,1.0,74.82692307692308,0.7834724946973833,
192,16,9236101,affine_corrigee,3,0.5625,0.625,0.5,0.2413194444444444,0.0007835492142476,0.0685978606343269,36,16,1920,1920,0.1,69120,4,7.177170896794715e-14,1.0,1.0,74.78846153846153,0.7870392820600244,
192,16,9236101,grassmann_corrigee_mp,3,1.0,1.0,1.0,0.1440972222222222,0.0870901718735694,1.1539891958236694,36,16,1920,1920,0.1,69120,4,7.177170896794715e-14,1.0,1.0,74.78846153846153,0.7870392820600244,
192,16,9236101,grassmann_naive_rang_naif,3,0.5625,0.25,0.875,0.0,8.740669250488281,8.818693161010742,36,16,1920,1920,0.1,69120,4,7.177170896794715e-14,1.0,1.0,74.78846153846153,0.7870392820600244,
192,16,9236101,grassmann_oracle_empirical,3,1.0,1.0,1.0,0.1510416666666666,0.0799302533268928,1.149202823638916,36,16,1920,1920,0.1,69120,4,,,,,,1.0
192,16,9236101,log_euclidienne_corrigee,3,0.5625,0.5,0.625,0.140625,0.0013861163752153,0.0694914385676384,36,16,1920,1920,0.1,69120,4,7.177170896794715e-14,1.0,1.0,74.78846153846153,0.7870392820600244,
192,17,9236101,affine_corrigee,3,0.625,0.75,0.5,0.2100694444444444,0.0009633501176722,0.0678016394376754,36,16,1920,1920,0.1,69120,4,7.137649560352788e-14,0.9807692307692308,0.9807692307692308,74.57692307692308,0.7800569921342345,
192,17,9236101,grassmann_corrigee_mp,3,0.875,1.0,0.75,0.1909722222222222,0.1111697629094123,1.1430295705795288,36,16,1920,1920,0.1,69120,4,7.137649560352788e-14,0.9807692307692308,0.9807692307692308,74.57692307692308,0.7800569921342345,
192,17,9236101,grassmann_naive_rang_naif,3,0.8125,0.625,1.0,0.0,8.721570014953613,8.799139022827148,36,16,1920,1920,0.1,69120,4,7.137649560352788e-14,0.9807692307692308,0.9807692307692308,74.57692307692308,0.7800569921342345,
192,17,9236101,grassmann_oracle_empirical,3,0.9375,1.0,0.875,0.1597222222222222,0.0956498682498931,1.1422737836837769,36,16,1920,1920,0.1,69120,4,,,,,,1.0
192,17,9236101,log_euclidienne_corrigee,3,0.625,0.875,0.375,0.1111111111111111,0.0016811297973617,0.0687451809644699,36,16,1920,1920,0.1,69120,4,7.137649560352788e-14,0.9807692307692308,0.9807692307692308,74.57692307692308,0.7800569921342345,
192,18,9236101,affine_corrigee,3,0.875,0.75,1.0,0.1944444444444444,0.0010703754378482,0.068643182516098,36,16,1920,1920,0.1,69120,4,6.915757020319738e-14,1.0,1.0,74.71153846153847,0.7824242105586673,
192,18,9236101,grassmann_corrigee_mp,3,1.0,1.0,1.0,0.1545138888888889,0.0839483067393302,1.140385985374451,36,16,1920,1920,0.1,69120,4,6.915757020319738e-14,1.0,1.0,74.71153846153847,0.7824242105586673,
192,18,9236101,grassmann_naive_rang_naif,3,0.5625,0.25,0.875,0.0,8.731242179870605,8.797718048095703,36,16,1920,1920,0.1,69120,4,6.915757020319738e-14,1.0,1.0,74.71153846153847,0.7824242105586673,
192,18,9236101,grassmann_oracle_empirical,3,1.0,1.0,1.0,0.1423611111111111,0.0915101915597915,1.1415694952011108,36,16,1920,1920,0.1,69120,4,,,,,,1.0
192,18,9236101,log_euclidienne_corrigee,3,0.875,0.75,1.0,0.1059027777777777,0.001802567159757,0.0695742219686508,36,16,1920,1920,0.1,69120,4,6.915757020319738e-14,1.0,1.0,74.71153846153847,0.7824242105586673,
192,19,9236101,affine_corrigee,3,0.5625,0.75,0.375,0.1927083333333333,0.0009909373475238,0.0686813071370124,36,16,1920,1920,0.1,69120,4,7.620268471503842e-14,1.0,1.0,74.71153846153847,0.7836666276377773,
192,19,9236101,grassmann_corrigee_mp,3,1.0,1.0,1.0,0.1354166666666666,0.119160808622837,1.1454267501831057,36,16,1920,1920,0.1,69120,4,7.620268471503842e-14,1.0,1.0,74.71153846153847,0.7836666276377773,
192,19,9236101,grassmann_naive_rang_naif,3,0.5625,0.875,0.25,0.0,8.743790626525879,8.804070472717285,36,16,1920,1920,0.1,69120,4,7.620268471503842e-14,1.0,1.0,74.71153846153847,0.7836666276377773,
192,19,9236101,grassmann_oracle_empirical,3,1.0,1.0,1.0,0.1180555555555555,0.115480288863182,1.1464449167251587,36,16,1920,1920,0.1,69120,4,,,,,,1.0
192,19,9236101,log_euclidienne_corrigee,3,0.5625,0.875,0.25,0.1041666666666666,0.0017349224071949,0.0696258917450904,36,16,1920,1920,0.1,69120,4,7.620268471503842e-14,1.0,1.0,74.71153846153847,0.7836666276377773,
224,0,9236101,affine_corrigee,3,0.625,0.375,0.875,0.2309027777777778,0.0006909251096658,0.0586743839085102,36,16,2240,2240,0.1,80640,4,7.94440753811367e-14,1.0,1.0,88.07692307692308,0.7836949965633438,
224,0,9236101,grassmann_corrigee_mp,3,0.9375,0.875,1.0,0.1267361111111111,0.1199731826782226,1.1525704860687256,36,16,2240,2240,0.1,80640,4,7.94440753811367e-14,1.0,1.0,88.07692307692308,0.7836949965633438,
224,0,9236101,grassmann_naive_rang_naif,3,0.5625,0.5,0.625,0.0,9.44360637664795,9.51417350769043,36,16,2240,2240,0.1,80640,4,7.94440753811367e-14,1.0,1.0,88.07692307692308,0.7836949965633438,
224,0,9236101,grassmann_oracle_empirical,3,0.9375,0.875,1.0,0.1006944444444444,0.1448949128389358,1.1578813791275024,36,16,2240,2240,0.1,80640,4,,,,,,1.0
224,0,9236101,log_euclidienne_corrigee,3,0.8125,0.625,1.0,0.1371527777777778,0.0012194230221211,0.0594551749527454,36,16,2240,2240,0.1,80640,4,7.94440753811367e-14,1.0,1.0,88.07692307692308,0.7836949965633438,
224,1,9236101,affine_corrigee,3,0.625,0.625,0.625,0.171875,0.0012190538691356,0.0587946251034736,36,16,2240,2240,0.1,80640,4,7.148519416140599e-14,1.0,1.0,88.11538461538461,0.7802015188987627,
224,1,9236101,grassmann_corrigee_mp,3,0.9375,0.875,1.0,0.1579861111111111,0.0761493816971778,1.1458914279937744,36,16,2240,2240,0.1,80640,4,7.148519416140599e-14,1.0,1.0,88.11538461538461,0.7802015188987627,
224,1,9236101,grassmann_naive_rang_naif,3,0.5,0.625,0.375,0.0,9.453937530517578,9.516289710998535,36,16,2240,2240,0.1,80640,4,7.148519416140599e-14,1.0,1.0,88.11538461538461,0.7802015188987627,
224,1,9236101,grassmann_oracle_empirical,3,0.9375,0.875,1.0,0.1354166666666666,0.0984644591808319,1.1539525985717771,36,16,2240,2240,0.1,80640,4,,,,,,1.0
224,1,9236101,log_euclidienne_corrigee,3,0.5625,0.5,0.625,0.09375,0.0018940975423902,0.0596056170761585,36,16,2240,2240,0.1,80640,4,7.148519416140599e-14,1.0,1.0,88.11538461538461,0.7802015188987627,
224,2,9236101,affine_corrigee,3,0.6875,0.625,0.75,0.1753472222222222,0.0011073916684836,0.0591391175985336,36,16,2240,2240,0.1,80640,4,1.212785354556003e-13,1.0,1.0,87.9423076923077,0.7844725382307401,
224,2,9236101,grassmann_corrigee_mp,3,0.9375,1.0,0.875,0.1545138888888889,0.0754633098840713,1.1517937183380127,36,16,2240,2240,0.1,80640,4,1.212785354556003e-13,1.0,1.0,87.9423076923077,0.7844725382307401,
224,2,9236101,grassmann_naive_rang_naif,3,0.5625,0.375,0.75,0.0,9.44222640991211,9.498716354370115,36,16,2240,2240,0.1,80640,4,1.212785354556003e-13,1.0,1.0,87.9423076923077,0.7844725382307401,
224,2,9236101,grassmann_oracle_empirical,3,1.0,1.0,1.0,0.1302083333333333,0.0817564353346824,1.156059980392456,36,16,2240,2240,0.1,80640,4,,,,,,1.0
224,2,9236101,log_euclidienne_corrigee,3,0.5625,0.375,0.75,0.1006944444444444,0.0017418438801541,0.0599352680146694,36,16,2240,2240,0.1,80640,4,1.212785354556003e-13,1.0,1.0,87.9423076923077,0.7844725382307401,
224,3,9236101,affine_corrigee,3,0.8125,0.75,0.875,0.1979166666666666,0.0009242385276593,0.0584736093878746,36,16,2240,2240,0.1,80640,4,7.614827853248842e-14,1.0,1.0,88.34615384615384,0.7888788018515542,
224,3,9236101,grassmann_corrigee_mp,3,1.0,1.0,1.0,0.1302083333333333,0.1034337952733039,1.1506506204605105,36,16,2240,2240,0.1,80640,4,7.614827853248842e-14,1.0,1.0,88.34615384615384,0.7888788018515542,
224,3,9236101,grassmann_naive_rang_naif,3,0.4375,0.5,0.375,0.0,9.454153060913086,9.516520500183104,36,16,2240,2240,0.1,80640,4,7.614827853248842e-14,1.0,1.0,88.34615384615384,0.7888788018515542,
224,3,9236101,grassmann_oracle_empirical,3,1.0,1.0,1.0,0.1423611111111111,0.0807426422834396,1.1432874202728271,36,16,2240,2240,0.1,80640,4,,,,,,1.0
224,3,9236101,log_euclidienne_corrigee,3,0.75,0.75,0.75,0.1006944444444444,0.0015529000665992,0.0592684186995029,36,16,2240,2240,0.1,80640,4,7.614827853248842e-14,1.0,1.0,88.34615384615384,0.7888788018515542,
224,4,9236101,affine_corrigee,3,0.6875,0.75,0.625,0.1753472222222222,0.0007821115432307,0.0586658641695976,36,16,2240,2240,0.1,80640,4,7.34541257462971e-14,1.0,1.0,87.9423076923077,0.784540203640436,
224,4,9236101,grassmann_corrigee_mp,3,1.0,1.0,1.0,0.1197916666666666,0.0998869389295578,1.1531288623809814,36,16,2240,2240,0.1,80640,4,7.34541257462971e-14,1.0,1.0,87.9423076923077,0.784540203640436,
224,4,9236101,grassmann_naive_rang_naif,3,0.5,0.125,0.875,0.0,9.45127010345459,9.513410568237305,36,16,2240,2240,0.1,80640,4,7.34541257462971e-14,1.0,1.0,87.9423076923077,0.784540203640436,
224,4,9236101,grassmann_oracle_empirical,3,1.0,1.0,1.0,0.1336805555555555,0.0997078493237495,1.1533775329589844,36,16,2240,2240,0.1,80640,4,,,,,,1.0
224,4,9236101,log_euclidienne_corrigee,3,0.6875,0.75,0.625,0.0885416666666666,0.0014282180927693,0.0594678148627281,36,16,2240,2240,0.1,80640,4,7.34541257462971e-14,1.0,1.0,87.9423076923077,0.784540203640436,
224,5,9236101,affine_corrigee,3,0.8125,0.875,0.75,0.1597222222222222,0.0008864083210937,0.0581622123718261,36,16,2240,2240,0.1,80640,4,7.395979237234307e-14,1.0,1.0,88.17307692307692,0.7825271735998431,
224,5,9236101,grassmann_corrigee_mp,3,1.0,1.0,1.0,0.1545138888888889,0.0881267413496971,1.1477174758911133,36,16,2240,2240,0.1,80640,4,7.395979237234307e-14,1.0,1.0,88.17307692307692,0.7825271735998431,
224,5,9236101,grassmann_naive_rang_naif,3,0.5625,0.625,0.5,0.0,9.460338592529297,9.52308464050293,36,16,2240,2240,0.1,80640,4,7.395979237234307e-14,1.0,1.0,88.17307692307692,0.7825271735998431,
224,5,9236101,grassmann_oracle_empirical,3,1.0,1.0,1.0,0.1163194444444444,0.1086335182189941,1.1519099473953247,36,16,2240,2240,0.1,80640,4,,,,,,1.0
224,5,9236101,log_euclidienne_corrigee,3,0.875,0.875,0.875,0.0885416666666666,0.0015474988613277,0.0589739568531513,36,16,2240,2240,0.1,80640,4,7.395979237234307e-14,1.0,1.0,88.17307692307692,0.7825271735998431,
224,6,9236101,affine_corrigee,3,0.5625,0.5,0.625,0.234375,0.0006582311470992,0.058356873691082,36,16,2240,2240,0.1,80640,4,8.938638438418982e-14,1.0,1.0,88.09615384615384,0.7903181507628209,
224,6,9236101,grassmann_corrigee_mp,3,1.0,1.0,1.0,0.1284722222222222,0.1092182025313377,1.1562275886535645,36,16,2240,2240,0.1,80640,4,8.938638438418982e-14,1.0,1.0,88.09615384615384,0.7903181507628209,
224,6,9236101,grassmann_naive_rang_naif,3,0.375,0.0,0.75,0.0,9.45114517211914,9.51948356628418,36,16,2240,2240,0.1,80640,4,8.938638438418982e-14,1.0,1.0,88.09615384615384,0.7903181507628209,
224,6,9236101,grassmann_oracle_empirical,3,1.0,1.0,1.0,0.1597222222222222,0.0768685862421989,1.1462613344192505,36,16,2240,2240,0.1,80640,4,,,,,,1.0
224,6,9236101,log_euclidienne_corrigee,3,0.625,0.75,0.5,0.1614583333333333,0.0011389385908842,0.0591216534376144,36,16,2240,2240,0.1,80640,4,8.938638438418982e-14,1.0,1.0,88.09615384615384,0.7903181507628209,
224,7,9236101,affine_corrigee,3,0.75,0.875,0.625,0.2013888888888889,0.0008674492128193,0.0585216730833053,36,16,2240,2240,0.1,80640,4,7.67807162017665e-14,1.0,1.0,88.13461538461539,0.7841775120867768,
224,7,9236101,grassmann_corrigee_mp,3,1.0,1.0,1.0,0.1684027777777778,0.070027194917202,1.1521323919296265,36,16,2240,2240,0.1,80640,4,7.67807162017665e-14,1.0,1.0,88.13461538461539,0.7841775120867768,
224,7,9236101,grassmann_naive_rang_naif,3,0.6875,0.875,0.5,0.0,9.458672523498535,9.523237228393556,36,16,2240,2240,0.1,80640,4,7.67807162017665e-14,1.0,1.0,88.13461538461539,0.7841775120867768,
224,7,9236101,grassmann_oracle_empirical,3,1.0,1.0,1.0,0.1423611111111111,0.0761595964431762,1.153903841972351,36,16,2240,2240,0.1,80640,4,,,,,,1.0
224,7,9236101,log_euclidienne_corrigee,3,0.5,0.5,0.5,0.1232638888888889,0.0014695501886308,0.0593082755804061,36,16,2240,2240,0.1,80640,4,7.67807162017665e-14,1.0,1.0,88.13461538461539,0.7841775120867768,
224,8,9236101,affine_corrigee,3,0.75,0.875,0.625,0.2430555555555555,0.0005221907631494,0.057811576873064,36,16,2240,2240,0.1,80640,4,7.854686207016452e-14,1.0,1.0,88.11538461538461,0.7737194121721843,
224,8,9236101,grassmann_corrigee_mp,3,0.9375,0.875,1.0,0.1927083333333333,0.0563884377479553,1.1290518045425415,36,16,2240,2240,0.1,80640,4,7.854686207016452e-14,1.0,1.0,88.11538461538461,0.7737194121721843,
224,8,9236101,grassmann_naive_rang_naif,3,0.6875,0.625,0.75,0.0,9.464394569396973,9.532279014587402,36,16,2240,2240,0.1,80640,4,7.854686207016452e-14,1.0,1.0,88.11538461538461,0.7737194121721843,
224,8,9236101,grassmann_oracle_empirical,3,1.0,1.0,1.0,0.1163194444444444,0.1102766618132591,1.1527574062347412,36,16,2240,2240,0.1,80640,4,,,,,,1.0
224,8,9236101,log_euclidienne_corrigee,3,0.5625,0.5,0.625,0.1371527777777778,0.0010726919863373,0.0586025640368461,36,16,2240,2240,0.1,80640,4,7.854686207016452e-14,1.0,1.0,88.11538461538461,0.7737194121721843,
224,9,9236101,affine_corrigee,3,0.5,0.625,0.375,0.21875,0.0007511331350542,0.0585172437131404,36,16,2240,2240,0.1,80640,4,7.604097841331006e-14,1.0,1.0,88.0576923076923,0.7832023911587628,
224,9,9236101,grassmann_corrigee_mp,3,1.0,1.0,1.0,0.1631944444444444,0.068396933376789,1.1440919637680054,36,16,2240,2240,0.1,80640,4,7.604097841331006e-14,1.0,1.0,88.0576923076923,0.7832023911587628,
224,9,9236101,grassmann_naive_rang_naif,3,0.4375,0.5,0.375,0.0,9.474102973937988,9.532938957214355,36,16,2240,2240,0.1,80640,4,7.604097841331006e-14,1.0,1.0,88.0576923076923,0.7832023911587628,
224,9,9236101,grassmann_oracle_empirical,3,1.0,1.0,1.0,0.1545138888888889,0.0719977989792823,1.1463946104049685,36,16,2240,2240,0.1,80640,4,,,,,,1.0
224,9,9236101,log_euclidienne_corrigee,3,0.75,0.875,0.625,0.1215277777777777,0.0013184738345444,0.0592952221632003,36,16,2240,2240,0.1,80640,4,7.604097841331006e-14,1.0,1.0,88.0576923076923,0.7832023911587628,
224,10,9236101,affine_corrigee,3,0.5,0.5,0.5,0.2482638888888889,0.0007316102855838,0.0586967281997203,36,16,2240,2240,0.1,80640,4,7.570664856428336e-14,0.9807692307692308,0.9807692307692308,87.76923076923077,0.787828483393146,
224,10,9236101,grassmann_corrigee_mp,3,1.0,1.0,1.0,0.1267361111111111,0.1539287865161895,1.1598341464996338,36,16,2240,2240,0.1,80640,4,7.570664856428336e-14,0.9807692307692308,0.9807692307692308,87.76923076923077,0.787828483393146,
224,10,9236101,grassmann_naive_rang_naif,3,0.25,0.25,0.25,0.0,9.453383445739746,9.509122848510742,36,16,2240,2240,0.1,80640,4,7.570664856428336e-14,0.9807692307692308,0.9807692307692308,87.76923076923077,0.787828483393146,
224,10,9236101,grassmann_oracle_empirical,3,1.0,1.0,1.0,0.1458333333333333,0.1037807613611221,1.147737979888916,36,16,2240,2240,0.1,80640,4,,,,,,1.0
224,10,9236101,log_euclidienne_corrigee,3,0.6875,0.75,0.625,0.1614583333333333,0.001267330837436,0.0594666339457035,36,16,2240,2240,0.1,80640,4,7.570664856428336e-14,0.9807692307692308,0.9807692307692308,87.76923076923077,0.787828483393146,
224,11,9236101,affine_corrigee,3,0.4375,0.5,0.375,0.2465277777777778,0.0005189407966099,0.058110661804676,36,16,2240,2240,0.1,80640,4,8.412145728267834e-14,1.0,1.0,88.17307692307692,0.7870916722554614,
224,11,9236101,grassmann_corrigee_mp,3,1.0,1.0,1.0,0.1319444444444444,0.1009682565927505,1.1479424238204956,36,16,2240,2240,0.1,80640,4,8.412145728267834e-14,1.0,1.0,88.17307692307692,0.7870916722554614,
224,11,9236101,grassmann_naive_rang_naif,3,0.75,0.75,0.75,0.0,9.467695236206056,9.531801223754885,36,16,2240,2240,0.1,80640,4,8.412145728267834e-14,1.0,1.0,88.17307692307692,0.7870916722554614,
224,11,9236101,grassmann_oracle_empirical,3,0.9375,0.875,1.0,0.1440972222222222,0.0899558216333389,1.1434298753738403,36,16,2240,2240,0.1,80640,4,,,,,,1.0
224,11,9236101,log_euclidienne_corrigee,3,0.625,0.375,0.875,0.1579861111111111,0.0010243403958156,0.0588819943368434,36,16,2240,2240,0.1,80640,4,8.412145728267834e-14,1.0,1.0,88.17307692307692,0.7870916722554614,
224,12,9236101,affine_corrigee,3,0.75,0.625,0.875,0.2621527777777778,0.000541636312846,0.0579207986593246,36,16,2240,2240,0.1,80640,4,1.1219460987079809e-13,1.0,1.0,88.03846153846153,0.7828713193800104,
224,12,9236101,grassmann_corrigee_mp,3,1.0,1.0,1.0,0.1440972222222222,0.0908643379807472,1.147253155708313,36,16,2240,2240,0.1,80640,4,1.1219460987079809e-13,1.0,1.0,88.03846153846153,0.7828713193800104,
224,12,9236101,grassmann_naive_rang_naif,3,0.8125,0.75,0.875,0.0,9.446231842041016,9.515467643737791,36,16,2240,2240,0.1,80640,4,1.1219460987079809e-13,1.0,1.0,88.03846153846153,0.7828713193800104,
224,12,9236101,grassmann_oracle_empirical,3,1.0,1.0,1.0,0.1319444444444444,0.1012896597385406,1.1507474184036257,36,16,2240,2240,0.1,80640,4,,,,,,1.0
224,12,9236101,log_euclidienne_corrigee,3,0.8125,0.875,0.75,0.1614583333333333,0.0010216677328571,0.0586980730295181,36,16,2240,2240,0.1,80640,4,1.1219460987079809e-13,1.0,1.0,88.03846153846153,0.7828713193800104,
224,13,9236101,affine_corrigee,3,0.875,0.75,1.0,0.1875,0.0006848678458482,0.0588605552911758,36,16,2240,2240,0.1,80640,4,7.15394762044293e-14,1.0,1.0,88.0576923076923,0.7761622762250728,
224,13,9236101,grassmann_corrigee_mp,3,1.0,1.0,1.0,0.1579861111111111,0.0711872279644012,1.1467293500900269,36,16,2240,2240,0.1,80640,4,7.15394762044293e-14,1.0,1.0,88.0576923076923,0.7761622762250728,
224,13,9236101,grassmann_naive_rang_naif,3,0.75,0.625,0.875,0.0,9.43268871307373,9.509031295776367,36,16,2240,2240,0.1,80640,4,7.15394762044293e-14,1.0,1.0,88.0576923076923,0.7761622762250728,
224,13,9236101,grassmann_oracle_empirical,3,1.0,1.0,1.0,0.1284722222222222,0.1127150058746337,1.1582417488098145,36,16,2240,2240,0.1,80640,4,,,,,,1.0
224,13,9236101,log_euclidienne_corrigee,3,0.875,0.75,1.0,0.1076388888888889,0.0012935255654156,0.0596773475408554,36,16,2240,2240,0.1,80640,4,7.15394762044293e-14,1.0,1.0,88.0576923076923,0.7761622762250728,
224,14,9236101,affine_corrigee,3,0.75,0.75,0.75,0.1840277777777778,0.0008409764268435,0.058388665318489,36,16,2240,2240,0.1,80640,4,1.0724070418706568e-13,1.0,1.0,88.0576923076923,0.7814374753135679,
224,14,9236101,grassmann_corrigee_mp,3,1.0,1.0,1.0,0.1649305555555555,0.0734106004238128,1.1472669839859009,36,16,2240,2240,0.1,80640,4,1.0724070418706568e-13,1.0,1.0,88.0576923076923,0.7814374753135679,
224,14,9236101,grassmann_naive_rang_naif,3,0.375,0.25,0.5,0.0,9.466668128967283,9.521490097045898,36,16,2240,2240,0.1,80640,4,1.0724070418706568e-13,1.0,1.0,88.0576923076923,0.7814374753135679,
224,14,9236101,grassmann_oracle_empirical,3,1.0,1.0,1.0,0.1388888888888889,0.0936298891901969,1.1553279161453247,36,16,2240,2240,0.1,80640,4,,,,,,1.0
224,14,9236101,log_euclidienne_corrigee,3,0.8125,0.875,0.75,0.1059027777777777,0.0014399285428225,0.0591966845095157,36,16,2240,2240,0.1,80640,4,1.0724070418706568e-13,1.0,1.0,88.0576923076923,0.7814374753135679,
224,15,9236101,affine_corrigee,3,0.625,0.375,0.875,0.2604166666666667,0.000526514428202,0.0584945641458034,36,16,2240,2240,0.1,80640,4,7.24358063945937e-14,1.0,1.0,88.21153846153847,0.784584083324266,
224,15,9236101,grassmann_corrigee_mp,3,0.9375,1.0,0.875,0.1145833333333333,0.134746253490448,1.1551051139831543,36,16,2240,2240,0.1,80640,4,7.24358063945937e-14,1.0,1.0,88.21153846153847,0.784584083324266,
224,15,9236101,grassmann_naive_rang_naif,3,0.5,0.625,0.375,0.0,9.472159385681152,9.536608695983888,36,16,2240,2240,0.1,80640,4,7.24358063945937e-14,1.0,1.0,88.21153846153847,0.784584083324266,
224,15,9236101,grassmann_oracle_empirical,3,1.0,1.0,1.0,0.1145833333333333,0.1299732327461242,1.1537665128707886,36,16,2240,2240,0.1,80640,4,,,,,,1.0
224,15,9236101,log_euclidienne_corrigee,3,0.6875,0.375,1.0,0.1579861111111111,0.0010371475946158,0.0592438988387584,36,16,2240,2240,0.1,80640,4,7.24358063945937e-14,1.0,1.0,88.21153846153847,0.784584083324266,
224,16,9236101,affine_corrigee,3,0.5625,0.375,0.75,0.203125,0.0006914672558195,0.058593887835741,36,16,2240,2240,0.1,80640,4,1.3927741918537416e-13,1.0,1.0,88.01923076923077,0.7831242394227285,
224,16,9236101,grassmann_corrigee_mp,3,1.0,1.0,1.0,0.1197916666666666,0.1059764325618743,1.1580744981765747,36,16,2240,2240,0.1,80640,4,1.3927741918537416e-13,1.0,1.0,88.01923076923077,0.7831242394227285,
224,16,9236101,grassmann_naive_rang_naif,3,0.5625,0.5,0.625,0.0,9.458454132080078,9.526358604431152,36,16,2240,2240,0.1,80640,4,1.3927741918537416e-13,1.0,1.0,88.01923076923077,0.7831242394227285,
224,16,9236101,grassmann_oracle_empirical,3,1.0,1.0,1.0,0.1267361111111111,0.1171871423721313,1.1587072610855105,36,16,2240,2240,0.1,80640,4,,,,,,1.0
224,16,9236101,log_euclidienne_corrigee,3,0.75,0.625,0.875,0.1041666666666666,0.001293207402341,0.0594046898186206,36,16,2240,2240,0.1,80640,4,1.3927741918537416e-13,1.0,1.0,88.01923076923077,0.7831242394227285,
224,17,9236101,affine_corrigee,3,0.8125,1.0,0.625,0.2361111111111111,0.0005888962768949,0.0580811835825443,36,16,2240,2240,0.1,80640,4,8.285154549310636e-14,1.0,1.0,87.82692307692308,0.7826378842096902,
224,17,9236101,grassmann_corrigee_mp,3,1.0,1.0,1.0,0.1527777777777778,0.0779534876346588,1.1466679573059082,36,16,2240,2240,0.1,80640,4,8.285154549310636e-14,1.0,1.0,87.82692307692308,0.7826378842096902,
224,17,9236101,grassmann_naive_rang_naif,3,0.5,0.375,0.625,0.0,9.444111824035645,9.507667541503906,36,16,2240,2240,0.1,80640,4,8.285154549310636e-14,1.0,1.0,87.82692307692308,0.7826378842096902,
224,17,9236101,grassmann_oracle_empirical,3,1.0,1.0,1.0,0.1180555555555555,0.0978948026895523,1.1540006399154663,36,16,2240,2240,0.1,80640,4,,,,,,1.0
224,17,9236101,log_euclidienne_corrigee,3,0.75,1.0,0.5,0.1475694444444444,0.0010883752256631,0.0588727444410324,36,16,2240,2240,0.1,80640,4,8.285154549310636e-14,1.0,1.0,87.82692307692308,0.7826378842096902,
224,18,9236101,affine_corrigee,3,0.75,0.75,0.75,0.25,0.0005578071577474,0.0582006461918354,36,16,2240,2240,0.1,80640,4,8.433002297786164e-14,1.0,1.0,88.21153846153847,0.7807025361090747,
224,18,9236101,grassmann_corrigee_mp,3,1.0,1.0,1.0,0.1736111111111111,0.0587718412280082,1.1451739072799685,36,16,2240,2240,0.1,80640,4,8.433002297786164e-14,1.0,1.0,88.21153846153847,0.7807025361090747,
224,18,9236101,grassmann_naive_rang_naif,3,0.5,0.375,0.625,0.0,9.454642295837402,9.515186309814451,36,16,2240,2240,0.1,80640,4,8.433002297786164e-14,1.0,1.0,88.21153846153847,0.7807025361090747,
224,18,9236101,grassmann_oracle_empirical,3,1.0,1.0,1.0,0.1423611111111111,0.086157888174057,1.1527594327926636,36,16,2240,2240,0.1,80640,4,,,,,,1.0
224,18,9236101,log_euclidienne_corrigee,3,0.6875,0.875,0.5,0.1371527777777778,0.001082285423763,0.0589789375662803,36,16,2240,2240,0.1,80640,4,8.433002297786164e-14,1.0,1.0,88.21153846153847,0.7807025361090747,
224,19,9236101,affine_corrigee,3,0.4375,0.375,0.5,0.2100694444444444,0.0006635790341533,0.0581509098410606,36,16,2240,2240,0.1,80640,4,8.621957167301349e-14,1.0,1.0,88.11538461538461,0.7824528760471077,
224,19,9236101,grassmann_corrigee_mp,3,1.0,1.0,1.0,0.15625,0.077147327363491,1.152730941772461,36,16,2240,2240,0.1,80640,4,8.621957167301349e-14,1.0,1.0,88.11538461538461,0.7824528760471077,
224,19,9236101,grassmann_naive_rang_naif,3,0.3125,0.0,0.625,0.0,9.439915657043455,9.49976634979248,36,16,2240,2240,0.1,80640,4,8.621957167301349e-14,1.0,1.0,88.11538461538461,0.7824528760471077,
224,19,9236101,grassmann_oracle_empirical,3,1.0,1.0,1.0,0.1319444444444444,0.0949373692274093,1.154301643371582,36,16,2240,2240,0.1,80640,4,,,,,,1.0
224,19,9236101,log_euclidienne_corrigee,3,0.75,0.5,1.0,0.1232638888888889,0.0012076391139999,0.0589659735560417,36,16,2240,2240,0.1,80640,4,8.621957167301349e-14,1.0,1.0,88.11538461538461,0.7824528760471077,
256,0,9236101,affine_corrigee,3,0.75,0.625,0.875,0.2234375,0.0005723299691453,0.0510239116847515,40,16,2560,2560,0.1,102400,4,8.40684102711819e-14,1.0,1.0,101.30357142857144,0.7833290295014778,
256,0,9236101,grassmann_corrigee_mp,3,1.0,1.0,1.0,0.15,0.0696969777345657,1.1469311714172363,40,16,2560,2560,0.1,102400,4,8.40684102711819e-14,1.0,1.0,101.30357142857144,0.7833290295014778,
256,0,9236101,grassmann_naive_rang_naif,3,0.6875,0.75,0.625,0.0,10.10114288330078,10.162195205688477,40,16,2560,2560,0.1,102400,4,8.40684102711819e-14,1.0,1.0,101.30357142857144,0.7833290295014778,
256,0,9236101,grassmann_oracle_empirical,3,0.9375,1.0,0.875,0.1484375,0.0837223678827285,1.145482897758484,40,16,2560,2560,0.1,102400,4,,,,,,1.0
256,0,9236101,log_euclidienne_corrigee,3,0.6875,0.5,0.875,0.1328125,0.0010362456087023,0.0517275817692279,40,16,2560,2560,0.1,102400,4,8.40684102711819e-14,1.0,1.0,101.30357142857144,0.7833290295014778,
256,1,9236101,affine_corrigee,3,0.6875,0.5,0.875,0.215625,0.0004997879150323,0.0510620474815368,40,16,2560,2560,0.1,102400,4,8.453082850149345e-14,0.9821428571428572,0.9821428571428572,101.46428571428572,0.7859779494399458,
256,1,9236101,grassmann_corrigee_mp,3,1.0,1.0,1.0,0.1390625,0.1201815456151962,1.162203669548035,40,16,2560,2560,0.1,102400,4,8.453082850149345e-14,0.9821428571428572,0.9821428571428572,101.46428571428572,0.7859779494399458,
256,1,9236101,grassmann_naive_rang_naif,3,0.5625,0.875,0.25,0.0,10.122068405151367,10.1674165725708,40,16,2560,2560,0.1,102400,4,8.453082850149345e-14,0.9821428571428572,0.9821428571428572,101.46428571428572,0.7859779494399458,
256,1,9236101,grassmann_oracle_empirical,3,1.0,1.0,1.0,0.1203125,0.1000515446066856,1.1543368101119995,40,16,2560,2560,0.1,102400,4,,,,,,1.0
256,1,9236101,log_euclidienne_corrigee,3,0.625,0.625,0.625,0.1234375,0.0009794516954571,0.0517610162496566,40,16,2560,2560,0.1,102400,4,8.453082850149345e-14,0.9821428571428572,0.9821428571428572,101.46428571428572,0.7859779494399458,
256,2,9236101,affine_corrigee,3,0.6875,0.5,0.875,0.2078125,0.0006641518557444,0.0511186122894287,40,16,2560,2560,0.1,102400,4,8.425285721619035e-14,1.0,1.0,101.44642857142856,0.7842591913735374,
256,2,9236101,grassmann_corrigee_mp,3,1.0,1.0,1.0,0.14375,0.0750376805663108,1.156242847442627,40,16,2560,2560,0.1,102400,4,8.425285721619035e-14,1.0,1.0,101.44642857142856,0.7842591913735374,
256,2,9236101,grassmann_naive_rang_naif,3,0.375,0.625,0.125,0.0,10.10512351989746,10.15760326385498,40,16,2560,2560,0.1,102400,4,8.425285721619035e-14,1.0,1.0,101.44642857142856,0.7842591913735374,
256,2,9236101,grassmann_oracle_empirical,3,1.0,1.0,1.0,0.1375,0.0750409364700317,1.1571413278579712,40,16,2560,2560,0.1,102400,4,,,,,,1.0
256,2,9236101,log_euclidienne_corrigee,3,0.875,0.75,1.0,0.109375,0.0011943692807108,0.0518142133951187,40,16,2560,2560,0.1,102400,4,8.425285721619035e-14,1.0,1.0,101.44642857142856,0.7842591913735374,
256,3,9236101,affine_corrigee,3,0.5,0.5,0.5,0.28125,0.0004590894677676,0.0507467649877071,40,16,2560,2560,0.1,102400,4,7.847391636015319e-14,1.0,1.0,101.64285714285714,0.7821245602559445,
256,3,9236101,grassmann_corrigee_mp,3,1.0,1.0,1.0,0.1609375,0.0740742832422256,1.1446077823638916,40,16,2560,2560,0.1,102400,4,7.847391636015319e-14,1.0,1.0,101.64285714285714,0.7821245602559445,
256,3,9236101,grassmann_naive_rang_naif,3,0.625,0.625,0.625,0.0,10.1126708984375,10.170918464660645,40,16,2560,2560,0.1,102400,4,7.847391636015319e-14,1.0,1.0,101.64285714285714,0.7821245602559445,
256,3,9236101,grassmann_oracle_empirical,3,1.0,1.0,1.0,0.115625,0.1002386212348938,1.152933955192566,40,16,2560,2560,0.1,102400,4,,,,,,1.0
256,3,9236101,log_euclidienne_corrigee,3,0.5625,0.5,0.625,0.171875,0.0008690849645063,0.0513972118496894,40,16,2560,2560,0.1,102400,4,7.847391636015319e-14,1.0,1.0,101.64285714285714,0.7821245602559445,
256,4,9236101,affine_corrigee,3,0.4375,0.5,0.375,0.1796875,0.0008468616870231,0.0513771772384643,40,16,2560,2560,0.1,102400,4,8.761023756873854e-14,1.0,1.0,101.41071428571428,0.7844261388723324,
256,4,9236101,grassmann_corrigee_mp,3,1.0,1.0,1.0,0.128125,0.1025428026914596,1.15320885181427,40,16,2560,2560,0.1,102400,4,8.761023756873854e-14,1.0,1.0,101.41071428571428,0.7844261388723324,
256,4,9236101,grassmann_naive_rang_naif,3,0.6875,0.75,0.625,0.0,10.111928939819336,10.17860507965088,40,16,2560,2560,0.1,102400,4,8.761023756873854e-14,1.0,1.0,101.41071428571428,0.7844261388723324,
256,4,9236101,grassmann_oracle_empirical,3,1.0,1.0,1.0,0.0953125,0.1292994916439056,1.1588099002838137,40,16,2560,2560,0.1,102400,4,,,,,,1.0
256,4,9236101,log_euclidienne_corrigee,3,0.75,0.875,0.625,0.1,0.0013807112118229,0.0520875677466392,40,16,2560,2560,0.1,102400,4,8.761023756873854e-14,1.0,1.0,101.41071428571428,0.7844261388723324,
256,5,9236101,affine_corrigee,3,0.6875,0.5,0.875,0.1515625,0.0009618637268431,0.0516908541321754,40,16,2560,2560,0.1,102400,4,1.1311272089799341e-13,0.9821428571428572,0.9821428571428572,101.30357142857144,0.7838909913543551,
256,5,9236101,grassmann_corrigee_mp,3,1.0,1.0,1.0,0.10625,0.1404394805431366,1.1607317924499512,40,16,2560,2560,0.1,102400,4,1.1311272089799341e-13,0.9821428571428572,0.9821428571428572,101.30357142857144,0.7838909913543551,
256,5,9236101,grassmann_naive_rang_naif,3,0.625,0.25,1.0,0.0,10.095057487487791,10.154215812683104,40,16,2560,2560,0.1,102400,4,1.1311272089799341e-13,0.9821428571428572,0.9821428571428572,101.30357142857144,0.7838909913543551,
256,5,9236101,grassmann_oracle_empirical,3,1.0,1.0,1.0,0.1140625,0.1174442768096923,1.1539008617401123,40,16,2560,2560,0.1,102400,4,,,,,,1.0
256,5,9236101,log_euclidienne_corrigee,3,0.8125,0.625,1.0,0.0796875,0.0015738827642053,0.0524149574339389,40,16,2560,2560,0.1,102400,4,1.1311272089799341e-13,0.9821428571428572,0.9821428571428572,101.30357142857144,0.7838909913543551,
256,6,9236101,affine_corrigee,3,0.6875,0.875,0.5,0.24375,0.0006014521932229,0.0510076992213726,40,16,2560,2560,0.1,102400,4,8.271990571705343e-14,1.0,1.0,101.44642857142856,0.7840801551403478,
256,6,9236101,grassmann_corrigee_mp,3,1.0,1.0,1.0,0.146875,0.0806130617856979,1.1450390815734863,40,16,2560,2560,0.1,102400,4,8.271990571705343e-14,1.0,1.0,101.44642857142856,0.7840801551403478,
256,6,9236101,grassmann_naive_rang_naif,3,0.5625,0.75,0.375,0.0,10.092927932739258,10.155132293701172,40,16,2560,2560,0.1,102400,4,8.271990571705343e-14,1.0,1.0,101.44642857142856,0.7840801551403478,
256,6,9236101,grassmann_oracle_empirical,3,1.0,1.0,1.0,0.1578125,0.0821948498487472,1.1452897787094116,40,16,2560,2560,0.1,102400,4,,,,,,1.0
256,6,9236101,log_euclidienne_corrigee,3,0.5,0.875,0.125,0.15625,0.0010559890652075,0.0516870394349098,40,16,2560,2560,0.1,102400,4,8.271990571705343e-14,1.0,1.0,101.44642857142856,0.7840801551403478,
256,7,9236101,affine_corrigee,3,0.5625,0.5,0.625,0.2625,0.0004650464397855,0.0507711730897426,40,16,2560,2560,0.1,102400,4,8.415442355475197e-14,1.0,1.0,101.375,0.7827955907197632,
256,7,9236101,grassmann_corrigee_mp,3,1.0,1.0,1.0,0.14375,0.070101797580719,1.148064136505127,40,16,2560,2560,0.1,102400,4,8.415442355475197e-14,1.0,1.0,101.375,0.7827955907197632,
256,7,9236101,grassmann_naive_rang_naif,3,0.4375,0.375,0.5,0.0,10.118334770202637,10.169516563415527,40,16,2560,2560,0.1,102400,4,8.415442355475197e-14,1.0,1.0,101.375,0.7827955907197632,
256,7,9236101,grassmann_oracle_empirical,3,1.0,1.0,1.0,0.1421875,0.090122677385807,1.151800274848938,40,16,2560,2560,0.1,102400,4,,,,,,1.0
256,7,9236101,log_euclidienne_corrigee,3,0.625,0.5,0.75,0.1515625,0.0009075183188542,0.0514461994171142,40,16,2560,2560,0.1,102400,4,8.415442355475197e-14,1.0,1.0,101.375,0.7827955907197632,
256,8,9236101,affine_corrigee,3,0.5625,0.75,0.375,0.1875,0.0007377245347015,0.0514426305890083,40,16,2560,2560,0.1,102400,4,8.316498421294378e-14,1.0,1.0,101.33928571428572,0.7830592535460378,
256,8,9236101,grassmann_corrigee_mp,3,1.0,1.0,1.0,0.1453125,0.0733116120100021,1.1525713205337524,40,16,2560,2560,0.1,102400,4,8.316498421294378e-14,1.0,1.0,101.33928571428572,0.7830592535460378,
256,8,9236101,grassmann_naive_rang_naif,3,0.5,0.25,0.75,0.0,10.103742599487305,10.1681489944458,40,16,2560,2560,0.1,102400,4,8.316498421294378e-14,1.0,1.0,101.33928571428572,0.7830592535460378,
256,8,9236101,grassmann_oracle_empirical,3,1.0,1.0,1.0,0.1453125,0.0879555717110633,1.155024766921997,40,16,2560,2560,0.1,102400,4,,,,,,1.0
256,8,9236101,log_euclidienne_corrigee,3,0.8125,1.0,0.625,0.10625,0.0012661690125241,0.0521417632699012,40,16,2560,2560,0.1,102400,4,8.316498421294378e-14,1.0,1.0,101.33928571428572,0.7830592535460378,
256,9,9236101,affine_corrigee,3,0.75,0.75,0.75,0.1296875,0.0010316430125385,0.0518310144543647,40,16,2560,2560,0.1,102400,4,1.4802618594349602e-13,1.0,1.0,101.5,0.7810482408882471,
256,9,9236101,grassmann_corrigee_mp,3,1.0,1.0,1.0,0.1734375,0.0550069287419319,1.1438554525375366,40,16,2560,2560,0.1,102400,4,1.4802618594349602e-13,1.0,1.0,101.5,0.7810482408882471,
256,9,9236101,grassmann_naive_rang_naif,3,0.75,0.875,0.625,0.0,10.112055778503418,10.17190647125244,40,16,2560,2560,0.1,102400,4,1.4802618594349602e-13,1.0,1.0,101.5,0.7810482408882471,
256,9,9236101,grassmann_oracle_empirical,3,1.0,1.0,1.0,0.153125,0.0596088469028472,1.1473630666732788,40,16,2560,2560,0.1,102400,4,,,,,,1.0
256,9,9236101,log_euclidienne_corrigee,3,0.6875,0.75,0.625,0.0421875,0.001704879454337,0.0525737516582012,40,16,2560,2560,0.1,102400,4,1.4802618594349602e-13,1.0,1.0,101.5,0.7810482408882471,
256,10,9236101,affine_corrigee,3,0.5,0.5,0.5,0.290625,0.0004131551249884,0.0503887087106704,40,16,2560,2560,0.1,102400,4,9.878234442118045e-14,1.0,1.0,101.41071428571428,0.7814453036690836,
256,10,9236101,grassmann_corrigee_mp,3,1.0,1.0,1.0,0.159375,0.0705467015504837,1.14742112159729,40,16,2560,2560,0.1,102400,4,9.878234442118045e-14,1.0,1.0,101.41071428571428,0.7814453036690836,
256,10,9236101,grassmann_naive_rang_naif,3,0.8125,0.875,0.75,0.0,10.105422019958496,10.167162895202637,40,16,2560,2560,0.1,102400,4,9.878234442118045e-14,1.0,1.0,101.41071428571428,0.7814453036690836,
256,10,9236101,grassmann_oracle_empirical,3,1.0,1.0,1.0,0.13125,0.0919887349009513,1.1515486240386963,40,16,2560,2560,0.1,102400,4,,,,,,1.0
256,10,9236101,log_euclidienne_corrigee,3,0.625,0.875,0.375,0.16875,0.0008091002819128,0.051058791577816,40,16,2560,2560,0.1,102400,4,9.878234442118045e-14,1.0,1.0,101.41071428571428,0.7814453036690836,
256,11,9236101,affine_corrigee,3,0.375,0.375,0.375,0.2,0.0006904312176629,0.0511278100311756,40,16,2560,2560,0.1,102400,4,1.0727197209653833e-13,1.0,1.0,101.32142857142856,0.7818894512351567,
256,11,9236101,grassmann_corrigee_mp,3,1.0,1.0,1.0,0.15,0.0778862833976745,1.1565824747085571,40,16,2560,2560,0.1,102400,4,1.0727197209653833e-13,1.0,1.0,101.32142857142856,0.7818894512351567,
256,11,9236101,grassmann_naive_rang_naif,3,0.5,0.5,0.5,0.0,10.114128112792969,10.168810844421388,40,16,2560,2560,0.1,102400,4,1.0727197209653833e-13,1.0,1.0,101.32142857142856,0.7818894512351567,
256,11,9236101,grassmann_oracle_empirical,3,1.0,1.0,1.0,0.121875,0.1012930423021316,1.1603420972824097,40,16,2560,2560,0.1,102400,4,,,,,,1.0
256,11,9236101,log_euclidienne_corrigee,3,0.625,0.75,0.5,0.121875,0.0012223939411342,0.0518273524940013,40,16,2560,2560,0.1,102400,4,1.0727197209653833e-13,1.0,1.0,101.32142857142856,0.7818894512351567,
256,12,9236101,affine_corrigee,3,0.8125,0.75,0.875,0.1953125,0.0006989332614466,0.0515444278717041,40,16,2560,2560,0.1,102400,4,1.1547631312407394e-13,1.0,1.0,101.44642857142856,0.7836551284869022,
256,12,9236101,grassmann_corrigee_mp,3,1.0,1.0,1.0,0.1609375,0.0668370723724365,1.1489709615707395,40,16,2560,2560,0.1,102400,4,1.1547631312407394e-13,1.0,1.0,101.44642857142856,0.7836551284869022,
256,12,9236101,grassmann_naive_rang_naif,3,0.4375,0.125,0.75,0.0,10.127424240112305,10.17949390411377,40,16,2560,2560,0.1,102400,4,1.1547631312407394e-13,1.0,1.0,101.44642857142856,0.7836551284869022,
256,12,9236101,grassmann_oracle_empirical,3,1.0,1.0,1.0,0.1421875,0.0809687599539756,1.1516528129577637,40,16,2560,2560,0.1,102400,4,,,,,,1.0
256,12,9236101,log_euclidienne_corrigee,3,0.75,0.875,0.625,0.1125,0.0011990054044872,0.0522533319890499,40,16,2560,2560,0.1,102400,4,1.1547631312407394e-13,1.0,1.0,101.44642857142856,0.7836551284869022,
256,13,9236101,affine_corrigee,3,0.6875,0.75,0.625,0.2453125,0.000469170132419,0.0508221872150898,40,16,2560,2560,0.1,102400,4,8.898310258514338e-14,0.9821428571428572,0.9821428571428572,101.375,0.7834431252654348,
256,13,9236101,grassmann_corrigee_mp,3,1.0,1.0,1.0,0.1234375,0.1243128776550293,1.16385018825531,40,16,2560,2560,0.1,102400,4,8.898310258514338e-14,0.9821428571428572,0.9821428571428572,101.375,0.7834431252654348,
256,13,9236101,grassmann_naive_rang_naif,3,0.75,0.625,0.875,0.0,10.107827186584473,10.175091743469238,40,16,2560,2560,0.1,102400,4,8.898310258514338e-14,0.9821428571428572,0.9821428571428572,101.375,0.7834431252654348,
256,13,9236101,grassmann_oracle_empirical,3,1.0,1.0,1.0,0.0984375,0.1259194165468216,1.1600173711776731,40,16,2560,2560,0.1,102400,4,,,,,,1.0
256,13,9236101,log_euclidienne_corrigee,3,0.8125,0.875,0.75,0.1671875,0.0008929168689064,0.0514915734529495,40,16,2560,2560,0.1,102400,4,8.898310258514338e-14,0.9821428571428572,0.9821428571428572,101.375,0.7834431252654348,
256,14,9236101,affine_corrigee,3,0.8125,0.875,0.75,0.1984375,0.0007424020441249,0.0511618331074714,40,16,2560,2560,0.1,102400,4,9.587130310409813e-14,1.0,1.0,101.33928571428572,0.7775646454756779,
256,14,9236101,grassmann_corrigee_mp,3,1.0,1.0,1.0,0.1609375,0.0729564428329467,1.1373242139816284,40,16,2560,2560,0.1,102400,4,9.587130310409813e-14,1.0,1.0,101.33928571428572,0.7775646454756779,
256,14,9236101,grassmann_naive_rang_naif,3,0.375,0.375,0.375,0.0,10.096728324890137,10.150293350219728,40,16,2560,2560,0.1,102400,4,9.587130310409813e-14,1.0,1.0,101.33928571428572,0.7775646454756779,
256,14,9236101,grassmann_oracle_empirical,3,1.0,1.0,1.0,0.125,0.1113072037696838,1.1493432521820068,40,16,2560,2560,0.1,102400,4,,,,,,1.0
256,14,9236101,log_euclidienne_corrigee,3,0.625,0.75,0.5,0.1078125,0.0012724783737212,0.0518736951053142,40,16,2560,2560,0.1,102400,4,9.587130310409813e-14,1.0,1.0,101.33928571428572,0.7775646454756779,
256,15,9236101,affine_corrigee,3,0.625,0.75,0.5,0.2125,0.0009138866444118,0.0510750226676464,40,16,2560,2560,0.1,102400,4,9.202520940133069e-14,1.0,1.0,101.55357142857144,0.7859657540896513,
256,15,9236101,grassmann_corrigee_mp,3,1.0,1.0,1.0,0.128125,0.0903459042310714,1.155215620994568,40,16,2560,2560,0.1,102400,4,9.202520940133069e-14,1.0,1.0,101.55357142857144,0.7859657540896513,
256,15,9236101,grassmann_naive_rang_naif,3,0.625,0.5,0.75,0.0,10.113324165344238,10.171951293945312,40,16,2560,2560,0.1,102400,4,9.202520940133069e-14,1.0,1.0,101.55357142857144,0.7859657540896513,
256,15,9236101,grassmann_oracle_empirical,3,1.0,1.0,1.0,0.1390625,0.077170506119728,1.152147650718689,40,16,2560,2560,0.1,102400,4,,,,,,1.0
256,15,9236101,log_euclidienne_corrigee,3,0.5625,0.75,0.375,0.1375,0.0014111238997429,0.0517444461584091,40,16,2560,2560,0.1,102400,4,9.202520940133069e-14,1.0,1.0,101.55357142857144,0.7859657540896513,
256,16,9236101,affine_corrigee,3,0.5625,0.625,0.5,0.178125,0.0008098693797364,0.051302533596754,40,16,2560,2560,0.1,102400,4,8.189619906134617e-14,1.0,1.0,101.51785714285714,0.7841083732956526,
256,16,9236101,grassmann_corrigee_mp,3,0.9375,0.875,1.0,0.1328125,0.0924432873725891,1.1504476070404053,40,16,2560,2560,0.1,102400,4,8.189619906134617e-14,1.0,1.0,101.51785714285714,0.7841083732956526,
256,16,9236101,grassmann_naive_rang_naif,3,0.4375,0.375,0.5,0.0,10.11223602294922,10.176740646362305,40,16,2560,2560,0.1,102400,4,8.189619906134617e-14,1.0,1.0,101.51785714285714,0.7841083732956526,
256,16,9236101,grassmann_oracle_empirical,3,1.0,1.0,1.0,0.1265625,0.0914078801870346,1.152227520942688,40,16,2560,2560,0.1,102400,4,,,,,,1.0
256,16,9236101,log_euclidienne_corrigee,3,0.75,0.75,0.75,0.090625,0.0013723901938647,0.0520160272717475,40,16,2560,2560,0.1,102400,4,8.189619906134617e-14,1.0,1.0,101.51785714285714,0.7841083732956526,
256,17,9236101,affine_corrigee,3,0.5625,0.5,0.625,0.203125,0.0006073421682231,0.0510339401662349,40,16,2560,2560,0.1,102400,4,8.368254056101874e-14,1.0,1.0,101.60714285714286,0.7809568988134269,
256,17,9236101,grassmann_corrigee_mp,3,1.0,1.0,1.0,0.178125,0.0614738687872886,1.1506352424621582,40,16,2560,2560,0.1,102400,4,8.368254056101874e-14,1.0,1.0,101.60714285714286,0.7809568988134269,
256,17,9236101,grassmann_naive_rang_naif,3,0.5625,0.625,0.5,0.0,10.11662769317627,10.176194190979004,40,16,2560,2560,0.1,102400,4,8.368254056101874e-14,1.0,1.0,101.60714285714286,0.7809568988134269,
256,17,9236101,grassmann_oracle_empirical,3,1.0,1.0,1.0,0.1515625,0.0826654657721519,1.155811786651611,40,16,2560,2560,0.1,102400,4,,,,,,1.0
256,17,9236101,log_euclidienne_corrigee,3,0.75,0.75,0.75,0.1171875,0.0010943573433905,0.051736731082201,40,16,2560,2560,0.1,102400,4,8.368254056101874e-14,1.0,1.0,101.60714285714286,0.7809568988134269,
256,18,9236101,affine_corrigee,3,0.6875,1.0,0.375,0.225,0.0007163172704167,0.0511906594038009,40,16,2560,2560,0.1,102400,4,1.1540534256824198e-13,1.0,1.0,101.39285714285714,0.7848794690683742,
256,18,9236101,grassmann_corrigee_mp,3,1.0,1.0,1.0,0.125,0.0981455892324447,1.1556679010391235,40,16,2560,2560,0.1,102400,4,1.1540534256824198e-13,1.0,1.0,101.39285714285714,0.7848794690683742,
256,18,9236101,grassmann_naive_rang_naif,3,0.5625,0.5,0.625,0.0,10.11884593963623,10.17686367034912,40,16,2560,2560,0.1,102400,4,1.1540534256824198e-13,1.0,1.0,101.39285714285714,0.7848794690683742,
256,18,9236101,grassmann_oracle_empirical,3,1.0,1.0,1.0,0.1328125,0.0952782854437828,1.154324293136597,40,16,2560,2560,0.1,102400,4,,,,,,1.0
256,18,9236101,log_euclidienne_corrigee,3,0.75,0.875,0.625,0.140625,0.0011902202386409,0.0518621020019054,40,16,2560,2560,0.1,102400,4,1.1540534256824198e-13,1.0,1.0,101.39285714285714,0.7848794690683742,
256,19,9236101,affine_corrigee,3,0.75,0.875,0.625,0.2140625,0.0006511438987217,0.0514237657189369,40,16,2560,2560,0.1,102400,4,1.139839466495322e-13,1.0,1.0,101.46428571428572,0.7828707700665106,
256,19,9236101,grassmann_corrigee_mp,3,1.0,1.0,1.0,0.128125,0.091904304921627,1.1534513235092163,40,16,2560,2560,0.1,102400,4,1.139839466495322e-13,1.0,1.0,101.46428571428572,0.7828707700665106,
256,19,9236101,grassmann_naive_rang_naif,3,0.625,0.5,0.75,0.0,10.112035751342772,10.17417812347412,40,16,2560,2560,0.1,102400,4,1.139839466495322e-13,1.0,1.0,101.46428571428572,0.7828707700665106,
256,19,9236101,grassmann_oracle_empirical,3,1.0,1.0,1.0,0.1234375,0.1031124144792556,1.1578739881515503,40,16,2560,2560,0.1,102400,4,,,,,,1.0
256,19,9236101,log_euclidienne_corrigee,3,0.875,0.875,0.875,0.1140625,0.0011589197674766,0.0521156378090381,40,16,2560,2560,0.1,102400,4,1.139839466495322e-13,1.0,1.0,101.46428571428572,0.7828707700665106,
